acceleration,screen_duration,direction,background_orientation,practice,subject_identifier,trial_number
-2.1,1500,UP,0,true,431432,1
3.2,1000,UP,0,true,431432,2
2.1,1500,LEFT,0,true,431432,3
-3.2,1000,UP,0,true,431432,4
-3.2,1000,LEFT,0,true,431432,5
-2.1,1500,RIGHT,0,true,431432,6
3.2,1000,LEFT,0,true,431432,7
2.1,1500,RIGHT,0,true,431432,8
2.1,1500,DOWN,0,true,431432,9
3.2,1000,DOWN,0,true,431432,10
-3.2,1000,RIGHT,0,true,431432,11
3.2,1000,RIGHT,0,true,431432,12
-2.1,1500,DOWN,0,true,431432,13
-3.2,1000,DOWN,0,true,431432,14
2.1,1500,UP,0,true,431432,15
-2.1,1500,LEFT,0,true,431432,16
0.7,1500,UP,270,false,431432,1
-0.7,1500,UP,270,false,431432,2
-1.6,1000,DOWN,270,false,431432,3
-2.1,1500,DOWN,270,false,431432,4
-4.8,1000,DOWN,270,false,431432,5
2.1,1500,RIGHT,270,false,431432,6
0.7,1500,UP,270,false,431432,7
0.7,1500,LEFT,270,false,431432,8
-1.4,1500,RIGHT,270,false,431432,9
1.4,1500,UP,270,false,431432,10
-1.4,1500,LEFT,270,false,431432,11
-3.2,1000,RIGHT,270,false,431432,12
0,1500,UP,270,false,431432,13
-4.8,1000,RIGHT,270,false,431432,14
-3.54,1500,LEFT,270,false,431432,15
-0.7,1500,DOWN,270,false,431432,16
-3.54,1500,UP,270,false,431432,17
-2.1,1500,RIGHT,270,false,431432,18
1.4,1500,LEFT,270,false,431432,19
2.1,1500,UP,270,false,431432,20
0,1500,DOWN,270,false,431432,21
3.2,1000,DOWN,270,false,431432,22
1.6,1000,DOWN,270,false,431432,23
0.7,1500,DOWN,270,false,431432,24
-0.7,1500,DOWN,270,false,431432,25
-1.4,1500,UP,270,false,431432,26
3.2,1000,LEFT,270,false,431432,27
-1.06666,1000,UP,270,false,431432,28
-3.54,1500,LEFT,90,false,431432,29
0,1500,RIGHT,90,false,431432,30
3.54,1500,DOWN,90,false,431432,31
-1.6,1000,LEFT,90,false,431432,32
-3.54,1500,DOWN,90,false,431432,33
2.1,1500,UP,90,false,431432,34
-3.2,1000,UP,90,false,431432,35
-2.1,1500,UP,90,false,431432,36
-4.8,1000,DOWN,90,false,431432,37
1.06666,1000,LEFT,90,false,431432,38
-4.8,1000,UP,90,false,431432,39
1.4,1500,RIGHT,90,false,431432,40
-0.7,1500,LEFT,90,false,431432,41
1.4,1500,LEFT,90,false,431432,42
0.7,1500,DOWN,90,false,431432,43
0,1000,RIGHT,90,false,431432,44
0.7,1500,UP,90,false,431432,45
3.54,1500,LEFT,90,false,431432,46
-1.06666,1000,RIGHT,90,false,431432,47
-0.7,1500,DOWN,90,false,431432,48
3.54,1500,UP,90,false,431432,49
-1.6,1000,UP,90,false,431432,50
2.1,1500,DOWN,90,false,431432,51
-4.8,1000,LEFT,90,false,431432,52
-3.2,1000,LEFT,90,false,431432,53
-4.8,1000,RIGHT,90,false,431432,54
-1.4,1500,RIGHT,90,false,431432,55
-0.7,1500,DOWN,90,false,431432,56
4.8,1000,RIGHT,270,false,431432,57
-1.4,1500,DOWN,270,false,431432,58
1.4,1500,RIGHT,270,false,431432,59
-1.6,1000,LEFT,270,false,431432,60
-1.6,1000,DOWN,270,false,431432,61
1.4,1500,DOWN,270,false,431432,62
-0.7,1500,RIGHT,270,false,431432,63
1.06666,1000,RIGHT,270,false,431432,64
-0.7,1500,RIGHT,270,false,431432,65
1.6,1000,DOWN,270,false,431432,66
0.7,1500,DOWN,270,false,431432,67
1.06666,1000,UP,270,false,431432,68
-1.06666,1000,LEFT,270,false,431432,69
1.4,1500,RIGHT,270,false,431432,70
-3.2,1000,DOWN,270,false,431432,71
3.54,1500,UP,270,false,431432,72
1.6,1000,LEFT,270,false,431432,73
-3.2,1000,LEFT,270,false,431432,74
1.4,1500,DOWN,270,false,431432,75
-1.6,1000,LEFT,270,false,431432,76
0.7,1500,RIGHT,270,false,431432,77
4.8,1000,LEFT,270,false,431432,78
-1.6,1000,RIGHT,270,false,431432,79
0,1500,LEFT,270,false,431432,80
0.7,1500,DOWN,270,false,431432,81
-3.2,1000,UP,270,false,431432,82
-1.6,1000,RIGHT,270,false,431432,83
-3.54,1500,RIGHT,270,false,431432,84
-1.6,1000,RIGHT,90,false,431432,85
4.8,1000,RIGHT,90,false,431432,86
3.2,1000,RIGHT,90,false,431432,87
-1.06666,1000,LEFT,90,false,431432,88
4.8,1000,DOWN,90,false,431432,89
2.1,1500,RIGHT,90,false,431432,90
1.6,1000,DOWN,90,false,431432,91
-1.6,1000,LEFT,90,false,431432,92
0.7,1500,DOWN,90,false,431432,93
0,1000,RIGHT,90,false,431432,94
0,1500,UP,90,false,431432,95
-1.06666,1000,DOWN,90,false,431432,96
-1.6,1000,RIGHT,90,false,431432,97
-1.06666,1000,UP,90,false,431432,98
1.6,1000,LEFT,90,false,431432,99
-0.7,1500,DOWN,90,false,431432,100
0.7,1500,UP,90,false,431432,101
0.7,1500,DOWN,90,false,431432,102
0,1000,DOWN,90,false,431432,103
1.06666,1000,DOWN,90,false,431432,104
-0.7,1500,RIGHT,90,false,431432,105
-3.54,1500,RIGHT,90,false,431432,106
0,1500,DOWN,90,false,431432,107
1.4,1500,RIGHT,90,false,431432,108
4.8,1000,UP,90,false,431432,109
-1.4,1500,LEFT,90,false,431432,110
-0.7,1500,UP,90,false,431432,111
-0.7,1500,UP,90,false,431432,112
1.6,1000,UP,270,false,431432,113
3.54,1500,LEFT,270,false,431432,114
1.6,1000,UP,270,false,431432,115
-2.1,1500,LEFT,270,false,431432,116
2.1,1500,LEFT,270,false,431432,117
3.54,1500,RIGHT,270,false,431432,118
-4.8,1000,UP,270,false,431432,119
2.1,1500,DOWN,270,false,431432,120
1.06666,1000,LEFT,270,false,431432,121
1.06666,1000,DOWN,270,false,431432,122
-2.1,1500,UP,270,false,431432,123
-1.4,1500,DOWN,270,false,431432,124
1.4,1500,UP,270,false,431432,125
0.7,1500,RIGHT,270,false,431432,126
-0.7,1500,LEFT,270,false,431432,127
3.54,1500,DOWN,270,false,431432,128
0,1000,DOWN,270,false,431432,129
4.8,1000,UP,270,false,431432,130
-0.7,1500,LEFT,270,false,431432,131
0,1500,RIGHT,270,false,431432,132
-1.06666,1000,RIGHT,270,false,431432,133
-1.6,1000,UP,270,false,431432,134
0,1500,DOWN,270,false,431432,135
-0.7,1500,RIGHT,270,false,431432,136
0,1000,UP,270,false,431432,137
1.6,1000,LEFT,270,false,431432,138
-0.7,1500,UP,270,false,431432,139
0,1500,RIGHT,270,false,431432,140
0,1500,LEFT,90,false,431432,141
3.2,1000,UP,90,false,431432,142
-2.1,1500,LEFT,90,false,431432,143
1.6,1000,RIGHT,90,false,431432,144
1.6,1000,UP,90,false,431432,145
4.8,1000,LEFT,90,false,431432,146
3.54,1500,RIGHT,90,false,431432,147
-1.4,1500,LEFT,90,false,431432,148
0,1000,UP,90,false,431432,149
0,1500,LEFT,90,false,431432,150
0,1500,UP,90,false,431432,151
0.7,1500,LEFT,90,false,431432,152
1.4,1500,UP,90,false,431432,153
-0.7,1500,LEFT,90,false,431432,154
0.7,1500,UP,90,false,431432,155
1.6,1000,RIGHT,90,false,431432,156
-2.1,1500,RIGHT,90,false,431432,157
-3.2,1000,DOWN,90,false,431432,158
-3.54,1500,UP,90,false,431432,159
-1.4,1500,UP,90,false,431432,160
-0.7,1500,UP,90,false,431432,161
0,1000,LEFT,90,false,431432,162
0.7,1500,RIGHT,90,false,431432,163
3.2,1000,DOWN,90,false,431432,164
-1.4,1500,DOWN,90,false,431432,165
-1.4,1500,DOWN,90,false,431432,166
-0.7,1500,RIGHT,90,false,431432,167
-1.6,1000,DOWN,90,false,431432,168
1.4,1500,LEFT,270,false,431432,169
0,1000,UP,270,false,431432,170
0,1500,UP,270,false,431432,171
1.6,1000,RIGHT,270,false,431432,172
0,1500,LEFT,270,false,431432,173
3.2,1000,RIGHT,270,false,431432,174
-1.4,1500,RIGHT,270,false,431432,175
0.7,1500,LEFT,270,false,431432,176
0,1000,LEFT,270,false,431432,177
0.7,1500,UP,270,false,431432,178
-1.4,1500,LEFT,270,false,431432,179
3.2,1000,UP,270,false,431432,180
-1.4,1500,UP,270,false,431432,181
-1.06666,1000,DOWN,270,false,431432,182
-0.7,1500,LEFT,270,false,431432,183
-4.8,1000,LEFT,270,false,431432,184
0.7,1500,LEFT,270,false,431432,185
4.8,1000,DOWN,270,false,431432,186
-1.6,1000,UP,270,false,431432,187
-0.7,1500,UP,270,false,431432,188
-0.7,1500,DOWN,270,false,431432,189
-3.54,1500,DOWN,270,false,431432,190
0.7,1500,RIGHT,270,false,431432,191
0,1000,RIGHT,270,false,431432,192
1.6,1000,RIGHT,270,false,431432,193
0,1000,RIGHT,270,false,431432,194
0,1000,DOWN,270,false,431432,195
0,1000,LEFT,270,false,431432,196
1.4,1500,LEFT,90,false,431432,197
-1.4,1500,UP,90,false,431432,198
-1.4,1500,RIGHT,90,false,431432,199
-1.6,1000,UP,90,false,431432,200
-0.7,1500,LEFT,90,false,431432,201
0,1500,DOWN,90,false,431432,202
1.6,1000,DOWN,90,false,431432,203
1.4,1500,DOWN,90,false,431432,204
0,1000,DOWN,90,false,431432,205
3.2,1000,LEFT,90,false,431432,206
1.6,1000,LEFT,90,false,431432,207
-1.6,1000,DOWN,90,false,431432,208
1.06666,1000,RIGHT,90,false,431432,209
0.7,1500,LEFT,90,false,431432,210
2.1,1500,LEFT,90,false,431432,211
0,1000,UP,90,false,431432,212
0,1000,LEFT,90,false,431432,213
1.4,1500,DOWN,90,false,431432,214
-3.2,1000,RIGHT,90,false,431432,215
0,1500,RIGHT,90,false,431432,216
-2.1,1500,DOWN,90,false,431432,217
0.7,1500,RIGHT,90,false,431432,218
1.06666,1000,UP,90,false,431432,219
-0.7,1500,RIGHT,90,false,431432,220
0.7,1500,RIGHT,90,false,431432,221
1.4,1500,UP,90,false,431432,222
0.7,1500,LEFT,90,false,431432,223
1.6,1000,UP,90,false,431432,224
-2.1,1500,UP,0,true,431337,1
3.2,1000,RIGHT,0,true,431337,2
-3.2,1000,LEFT,0,true,431337,3
2.1,1500,RIGHT,0,true,431337,4
3.2,1000,DOWN,0,true,431337,5
2.1,1500,DOWN,0,true,431337,6
3.2,1000,LEFT,0,true,431337,7
2.1,1500,LEFT,0,true,431337,8
-2.1,1500,LEFT,0,true,431337,9
-3.2,1000,DOWN,0,true,431337,10
3.2,1000,UP,0,true,431337,11
2.1,1500,UP,0,true,431337,12
-3.2,1000,RIGHT,0,true,431337,13
-2.1,1500,DOWN,0,true,431337,14
-2.1,1500,RIGHT,0,true,431337,15
-3.2,1000,UP,0,true,431337,16
-1.6,1000,UP,90,false,431337,1
-1.4,1500,DOWN,90,false,431337,2
0,1500,UP,90,false,431337,3
-1.6,1000,DOWN,90,false,431337,4
-0.7,1500,RIGHT,90,false,431337,5
0.7,1500,LEFT,90,false,431337,6
3.2,1000,UP,90,false,431337,7
-0.7,1500,UP,90,false,431337,8
1.4,1500,DOWN,90,false,431337,9
1.6,1000,UP,90,false,431337,10
-0.7,1500,LEFT,90,false,431337,11
-3.54,1500,LEFT,90,false,431337,12
-0.7,1500,RIGHT,90,false,431337,13
-1.6,1000,DOWN,90,false,431337,14
1.6,1000,LEFT,90,false,431337,15
-0.7,1500,UP,90,false,431337,16
0,1500,RIGHT,90,false,431337,17
-1.4,1500,LEFT,90,false,431337,18
1.6,1000,DOWN,90,false,431337,19
0,1500,DOWN,90,false,431337,20
4.8,1000,RIGHT,90,false,431337,21
1.6,1000,DOWN,90,false,431337,22
0,1000,LEFT,90,false,431337,23
0,1500,LEFT,90,false,431337,24
0,1000,RIGHT,90,false,431337,25
-1.4,1500,UP,90,false,431337,26
4.8,1000,UP,90,false,431337,27
-1.6,1000,UP,90,false,431337,28
-0.7,1500,LEFT,270,false,431337,29
0.7,1500,UP,270,false,431337,30
-0.7,1500,UP,270,false,431337,31
-3.54,1500,DOWN,270,false,431337,32
-4.8,1000,DOWN,270,false,431337,33
0.7,1500,RIGHT,270,false,431337,34
1.6,1000,UP,270,false,431337,35
2.1,1500,LEFT,270,false,431337,36
-4.8,1000,RIGHT,270,false,431337,37
3.2,1000,RIGHT,270,false,431337,38
4.8,1000,DOWN,270,false,431337,39
-1.6,1000,LEFT,270,false,431337,40
1.06666,1000,UP,270,false,431337,41
0.7,1500,RIGHT,270,false,431337,42
1.4,1500,LEFT,270,false,431337,43
1.4,1500,RIGHT,270,false,431337,44
1.06666,1000,LEFT,270,false,431337,45
-1.6,1000,LEFT,270,false,431337,46
-3.54,1500,RIGHT,270,false,431337,47
4.8,1000,UP,270,false,431337,48
0.7,1500,LEFT,270,false,431337,49
-4.8,1000,UP,270,false,431337,50
-1.4,1500,RIGHT,270,false,431337,51
1.6,1000,RIGHT,270,false,431337,52
1.4,1500,LEFT,270,false,431337,53
0,1000,LEFT,270,false,431337,54
1.4,1500,UP,270,false,431337,55
0,1500,LEFT,270,false,431337,56
2.1,1500,UP,90,false,431337,57
-0.7,1500,LEFT,90,false,431337,58
-1.4,1500,RIGHT,90,false,431337,59
3.54,1500,LEFT,90,false,431337,60
-1.6,1000,RIGHT,90,false,431337,61
0.7,1500,UP,90,false,431337,62
-0.7,1500,UP,90,false,431337,63
0.7,1500,DOWN,90,false,431337,64
0,1500,LEFT,90,false,431337,65
0.7,1500,UP,90,false,431337,66
-3.2,1000,UP,90,false,431337,67
2.1,1500,DOWN,90,false,431337,68
-0.7,1500,LEFT,90,false,431337,69
0.7,1500,RIGHT,90,false,431337,70
1.06666,1000,UP,90,false,431337,71
-0.7,1500,DOWN,90,false,431337,72
-1.4,1500,UP,90,false,431337,73
-3.2,1000,LEFT,90,false,431337,74
-1.6,1000,RIGHT,90,false,431337,75
-1.06666,1000,UP,90,false,431337,76
1.6,1000,RIGHT,90,false,431337,77
0,1000,UP,90,false,431337,78
1.6,1000,UP,90,false,431337,79
-3.54,1500,RIGHT,90,false,431337,80
2.1,1500,LEFT,90,false,431337,81
4.8,1000,DOWN,90,false,431337,82
-1.06666,1000,DOWN,90,false,431337,83
1.4,1500,LEFT,90,false,431337,84
1.06666,1000,DOWN,270,false,431337,85
1.06666,1000,RIGHT,270,false,431337,86
0,1500,RIGHT,270,false,431337,87
-0.7,1500,DOWN,270,false,431337,88
-3.54,1500,UP,270,false,431337,89
-1.4,1500,DOWN,270,false,431337,90
-3.54,1500,LEFT,270,false,431337,91
1.4,1500,DOWN,270,false,431337,92
-2.1,1500,RIGHT,270,false,431337,93
1.4,1500,RIGHT,270,false,431337,94
0.7,1500,RIGHT,270,false,431337,95
-1.4,1500,RIGHT,270,false,431337,96
4.8,1000,RIGHT,270,false,431337,97
1.6,1000,DOWN,270,false,431337,98
-2.1,1500,DOWN,270,false,431337,99
-1.6,1000,RIGHT,270,false,431337,100
-2.1,1500,LEFT,270,false,431337,101
-1.6,1000,DOWN,270,false,431337,102
0,1000,RIGHT,270,false,431337,103
1.6,1000,DOWN,270,false,431337,104
-1.4,1500,DOWN,270,false,431337,105
0,1000,LEFT,270,false,431337,106
-0.7,1500,UP,270,false,431337,107
-1.6,1000,UP,270,false,431337,108
0.7,1500,LEFT,270,false,431337,109
-1.6,1000,DOWN,270,false,431337,110
-1.6,1000,RIGHT,270,false,431337,111
1.4,1500,UP,270,false,431337,112
0.7,1500,RIGHT,90,false,431337,113
0.7,1500,LEFT,90,false,431337,114
-1.4,1500,LEFT,90,false,431337,115
1.4,1500,RIGHT,90,false,431337,116
1.4,1500,RIGHT,90,false,431337,117
-0.7,1500,DOWN,90,false,431337,118
4.8,1000,LEFT,90,false,431337,119
1.6,1000,LEFT,90,false,431337,120
-4.8,1000,UP,90,false,431337,121
3.2,1000,DOWN,90,false,431337,122
-2.1,1500,UP,90,false,431337,123
1.06666,1000,RIGHT,90,false,431337,124
-3.54,1500,UP,90,false,431337,125
1.4,1500,UP,90,false,431337,126
2.1,1500,RIGHT,90,false,431337,127
-1.6,1000,LEFT,90,false,431337,128
-4.8,1000,RIGHT,90,false,431337,129
0.7,1500,RIGHT,90,false,431337,130
1.4,1500,UP,90,false,431337,131
0,1500,DOWN,90,false,431337,132
-2.1,1500,DOWN,90,false,431337,133
0.7,1500,LEFT,90,false,431337,134
0,1000,RIGHT,90,false,431337,135
0,1000,LEFT,90,false,431337,136
0,1500,RIGHT,90,false,431337,137
3.54,1500,RIGHT,90,false,431337,138
-3.2,1000,DOWN,90,false,431337,139
3.2,1000,RIGHT,90,false,431337,140
0,1000,UP,270,false,431337,141
-4.8,1000,LEFT,270,false,431337,142
0,1000,UP,270,false,431337,143
1.4,1500,DOWN,270,false,431337,144
2.1,1500,DOWN,270,false,431337,145
2.1,1500,RIGHT,270,false,431337,146
-1.06666,1000,DOWN,270,false,431337,147
3.2,1000,UP,270,false,431337,148
0.7,1500,UP,270,false,431337,149
0.7,1500,DOWN,270,false,431337,150
0.7,1500,UP,270,false,431337,151
-1.4,1500,UP,270,false,431337,152
-0.7,1500,LEFT,270,false,431337,153
-0.7,1500,UP,270,false,431337,154
-3.2,1000,LEFT,270,false,431337,155
-1.06666,1000,LEFT,270,false,431337,156
-0.7,1500,LEFT,270,false,431337,157
3.54,1500,DOWN,270,false,431337,158
-3.2,1000,RIGHT,270,false,431337,159
-0.7,1500,DOWN,270,false,431337,160
-0.7,1500,DOWN,270,false,431337,161
0,1500,RIGHT,270,false,431337,162
0,1500,UP,270,false,431337,163
-1.4,1500,UP,270,false,431337,164
-0.7,1500,RIGHT,270,false,431337,165
-1.4,1500,LEFT,270,false,431337,166
2.1,1500,UP,270,false,431337,167
0,1000,DOWN,270,false,431337,168
-1.4,1500,DOWN,90,false,431337,169
1.06666,1000,LEFT,90,false,431337,170
-4.8,1000,LEFT,90,false,431337,171
-2.1,1500,RIGHT,90,false,431337,172
-1.06666,1000,RIGHT,90,false,431337,173
-3.54,1500,DOWN,90,false,431337,174
0.7,1500,DOWN,90,false,431337,175
-1.6,1000,LEFT,90,false,431337,176
1.06666,1000,DOWN,90,false,431337,177
1.4,1500,LEFT,90,false,431337,178
0.7,1500,UP,90,false,431337,179
-1.06666,1000,LEFT,90,false,431337,180
1.6,1000,RIGHT,90,false,431337,181
-0.7,1500,RIGHT,90,false,431337,182
0,1000,UP,90,false,431337,183
0,1000,DOWN,90,false,431337,184
3.2,1000,LEFT,90,false,431337,185
-3.2,1000,RIGHT,90,false,431337,186
-2.1,1500,LEFT,90,false,431337,187
1.4,1500,DOWN,90,false,431337,188
-0.7,1500,DOWN,90,false,431337,189
3.54,1500,DOWN,90,false,431337,190
-4.8,1000,DOWN,90,false,431337,191
0,1000,DOWN,90,false,431337,192
-1.4,1500,RIGHT,90,false,431337,193
0.7,1500,DOWN,90,false,431337,194
3.54,1500,UP,90,false,431337,195
0,1500,UP,90,false,431337,196
3.2,1000,LEFT,270,false,431337,197
-3.2,1000,DOWN,270,false,431337,198
1.6,1000,LEFT,270,false,431337,199
-0.7,1500,RIGHT,270,false,431337,200
0,1000,RIGHT,270,false,431337,201
0,1500,UP,270,false,431337,202
-1.4,1500,LEFT,270,false,431337,203
0,1500,DOWN,270,false,431337,204
4.8,1000,LEFT,270,false,431337,205
3.54,1500,RIGHT,270,false,431337,206
-2.1,1500,UP,270,false,431337,207
0,1500,LEFT,270,false,431337,208
-1.6,1000,UP,270,false,431337,209
1.6,1000,UP,270,false,431337,210
1.6,1000,RIGHT,270,false,431337,211
-0.7,1500,RIGHT,270,false,431337,212
-3.2,1000,UP,270,false,431337,213
3.2,1000,DOWN,270,false,431337,214
0,1500,DOWN,270,false,431337,215
-1.06666,1000,UP,270,false,431337,216
1.6,1000,LEFT,270,false,431337,217
3.54,1500,LEFT,270,false,431337,218
0.7,1500,DOWN,270,false,431337,219
0,1000,DOWN,270,false,431337,220
-1.06666,1000,RIGHT,270,false,431337,221
0.7,1500,LEFT,270,false,431337,222
3.54,1500,UP,270,false,431337,223
0.7,1500,DOWN,270,false,431337,224
-3.2,1000,RIGHT,0,true,431355,1
2.1,1500,RIGHT,0,true,431355,2
-3.2,1000,UP,0,true,431355,3
3.2,1000,UP,0,true,431355,4
3.2,1000,LEFT,0,true,431355,5
-2.1,1500,LEFT,0,true,431355,6
-2.1,1500,RIGHT,0,true,431355,7
-3.2,1000,DOWN,0,true,431355,8
3.2,1000,RIGHT,0,true,431355,9
2.1,1500,LEFT,0,true,431355,10
-2.1,1500,DOWN,0,true,431355,11
-2.1,1500,UP,0,true,431355,12
-3.2,1000,LEFT,0,true,431355,13
3.2,1000,DOWN,0,true,431355,14
2.1,1500,DOWN,0,true,431355,15
2.1,1500,UP,0,true,431355,16
-4.8,1000,RIGHT,270,false,431355,1
-1.6,1000,LEFT,270,false,431355,2
-0.7,1500,RIGHT,270,false,431355,3
4.8,1000,DOWN,270,false,431355,4
0.7,1500,RIGHT,270,false,431355,5
0.7,1500,UP,270,false,431355,6
-1.6,1000,DOWN,270,false,431355,7
-0.7,1500,RIGHT,270,false,431355,8
1.6,1000,LEFT,270,false,431355,9
-1.6,1000,UP,270,false,431355,10
-1.06666,1000,RIGHT,270,false,431355,11
0,1500,UP,270,false,431355,12
-1.4,1500,LEFT,270,false,431355,13
1.06666,1000,RIGHT,270,false,431355,14
-2.1,1500,DOWN,270,false,431355,15
-2.1,1500,RIGHT,270,false,431355,16
2.1,1500,UP,270,false,431355,17
0.7,1500,LEFT,270,false,431355,18
3.54,1500,DOWN,270,false,431355,19
-1.4,1500,DOWN,270,false,431355,20
-1.6,1000,UP,270,false,431355,21
-1.06666,1000,DOWN,270,false,431355,22
1.6,1000,RIGHT,270,false,431355,23
3.54,1500,RIGHT,270,false,431355,24
-2.1,1500,UP,270,false,431355,25
1.4,1500,DOWN,270,false,431355,26
0,1000,UP,270,false,431355,27
0,1500,LEFT,270,false,431355,28
-0.7,1500,RIGHT,90,false,431355,29
-0.7,1500,UP,90,false,431355,30
0,1500,RIGHT,90,false,431355,31
0,1500,UP,90,false,431355,32
-1.06666,1000,DOWN,90,false,431355,33
1.4,1500,LEFT,90,false,431355,34
3.54,1500,RIGHT,90,false,431355,35
2.1,1500,DOWN,90,false,431355,36
1.4,1500,UP,90,false,431355,37
-1.4,1500,RIGHT,90,false,431355,38
1.4,1500,DOWN,90,false,431355,39
0,1000,UP,90,false,431355,40
-2.1,1500,LEFT,90,false,431355,41
-1.6,1000,LEFT,90,false,431355,42
4.8,1000,UP,90,false,431355,43
1.4,1500,UP,90,false,431355,44
-2.1,1500,DOWN,90,false,431355,45
-0.7,1500,LEFT,90,false,431355,46
-4.8,1000,UP,90,false,431355,47
-1.06666,1000,LEFT,90,false,431355,48
1.06666,1000,RIGHT,90,false,431355,49
-1.4,1500,DOWN,90,false,431355,50
3.2,1000,DOWN,90,false,431355,51
0.7,1500,LEFT,90,false,431355,52
0,1000,RIGHT,90,false,431355,53
0.7,1500,DOWN,90,false,431355,54
0.7,1500,LEFT,90,false,431355,55
1.4,1500,LEFT,90,false,431355,56
0,1000,LEFT,270,false,431355,57
-2.1,1500,LEFT,270,false,431355,58
1.4,1500,DOWN,270,false,431355,59
3.2,1000,UP,270,false,431355,60
0,1500,RIGHT,270,false,431355,61
3.2,1000,RIGHT,270,false,431355,62
1.6,1000,UP,270,false,431355,63
-1.4,1500,LEFT,270,false,431355,64
3.2,1000,DOWN,270,false,431355,65
0.7,1500,UP,270,false,431355,66
0,1500,LEFT,270,false,431355,67
-0.7,1500,UP,270,false,431355,68
1.06666,1000,DOWN,270,false,431355,69
-1.6,1000,RIGHT,270,false,431355,70
0,1000,DOWN,270,false,431355,71
0.7,1500,DOWN,270,false,431355,72
0.7,1500,RIGHT,270,false,431355,73
-0.7,1500,DOWN,270,false,431355,74
1.4,1500,UP,270,false,431355,75
4.8,1000,UP,270,false,431355,76
3.54,1500,UP,270,false,431355,77
2.1,1500,RIGHT,270,false,431355,78
-1.06666,1000,LEFT,270,false,431355,79
1.6,1000,RIGHT,270,false,431355,80
-3.2,1000,DOWN,270,false,431355,81
3.2,1000,LEFT,270,false,431355,82
-3.2,1000,UP,270,false,431355,83
0,1000,RIGHT,270,false,431355,84
-0.7,1500,DOWN,90,false,431355,85
-4.8,1000,RIGHT,90,false,431355,86
-0.7,1500,LEFT,90,false,431355,87
0,1000,DOWN,90,false,431355,88
1.06666,1000,DOWN,90,false,431355,89
-1.6,1000,UP,90,false,431355,90
-0.7,1500,UP,90,false,431355,91
3.54,1500,UP,90,false,431355,92
1.6,1000,RIGHT,90,false,431355,93
2.1,1500,RIGHT,90,false,431355,94
3.2,1000,UP,90,false,431355,95
4.8,1000,LEFT,90,false,431355,96
-3.54,1500,DOWN,90,false,431355,97
-1.4,1500,LEFT,90,false,431355,98
1.6,1000,LEFT,90,false,431355,99
0,1500,UP,90,false,431355,100
-1.4,1500,RIGHT,90,false,431355,101
0,1500,LEFT,90,false,431355,102
3.2,1000,RIGHT,90,false,431355,103
3.54,1500,LEFT,90,false,431355,104
-3.2,1000,UP,90,false,431355,105
-3.2,1000,DOWN,90,false,431355,106
0,1500,DOWN,90,false,431355,107
1.6,1000,DOWN,90,false,431355,108
0.7,1500,RIGHT,90,false,431355,109
-3.2,1000,RIGHT,90,false,431355,110
-2.1,1500,RIGHT,90,false,431355,111
3.2,1000,LEFT,90,false,431355,112
-0.7,1500,LEFT,270,false,431355,113
-1.4,1500,UP,270,false,431355,114
3.54,1500,LEFT,270,false,431355,115
0,1500,UP,270,false,431355,116
-1.4,1500,RIGHT,270,false,431355,117
2.1,1500,LEFT,270,false,431355,118
-3.2,1000,LEFT,270,false,431355,119
1.6,1000,UP,270,false,431355,120
2.1,1500,DOWN,270,false,431355,121
-3.54,1500,RIGHT,270,false,431355,122
0.7,1500,UP,270,false,431355,123
4.8,1000,RIGHT,270,false,431355,124
-4.8,1000,DOWN,270,false,431355,125
-0.7,1500,LEFT,270,false,431355,126
0.7,1500,DOWN,270,false,431355,127
1.6,1000,DOWN,270,false,431355,128
0,1500,RIGHT,270,false,431355,129
0.7,1500,RIGHT,270,false,431355,130
-3.54,1500,LEFT,270,false,431355,131
0,1000,RIGHT,270,false,431355,132
-0.7,1500,UP,270,false,431355,133
-0.7,1500,DOWN,270,false,431355,134
-1.6,1000,DOWN,270,false,431355,135
-3.54,1500,UP,270,false,431355,136
0,1000,DOWN,270,false,431355,137
0,1500,DOWN,270,false,431355,138
0,1000,LEFT,270,false,431355,139
-3.2,1000,RIGHT,270,false,431355,140
-3.54,1500,RIGHT,90,false,431355,141
0.7,1500,UP,90,false,431355,142
1.06666,1000,LEFT,90,false,431355,143
-1.4,1500,LEFT,90,false,431355,144
3.54,1500,DOWN,90,false,431355,145
0,1500,RIGHT,90,false,431355,146
-4.8,1000,LEFT,90,false,431355,147
-1.6,1000,DOWN,90,false,431355,148
1.4,1500,RIGHT,90,false,431355,149
-3.54,1500,UP,90,false,431355,150
-1.4,1500,UP,90,false,431355,151
2.1,1500,LEFT,90,false,431355,152
1.4,1500,RIGHT,90,false,431355,153
-1.6,1000,RIGHT,90,false,431355,154
0,1000,LEFT,90,false,431355,155
-0.7,1500,LEFT,90,false,431355,156
0,1000,RIGHT,90,false,431355,157
0,1500,DOWN,90,false,431355,158
1.6,1000,UP,90,false,431355,159
-0.7,1500,UP,90,false,431355,160
2.1,1500,UP,90,false,431355,161
-1.06666,1000,RIGHT,90,false,431355,162
1.06666,1000,UP,90,false,431355,163
-1.6,1000,UP,90,false,431355,164
1.6,1000,LEFT,90,false,431355,165
1.6,1000,RIGHT,90,false,431355,166
0,1000,LEFT,90,false,431355,167
-3.54,1500,LEFT,90,false,431355,168
0,1000,UP,270,false,431355,169
-0.7,1500,RIGHT,270,false,431355,170
1.4,1500,RIGHT,270,false,431355,171
-4.8,1000,LEFT,270,false,431355,172
-4.8,1000,UP,270,false,431355,173
1.6,1000,DOWN,270,false,431355,174
-1.4,1500,UP,270,false,431355,175
1.06666,1000,UP,270,false,431355,176
1.4,1500,LEFT,270,false,431355,177
1.4,1500,UP,270,false,431355,178
1.6,1000,LEFT,270,false,431355,179
0.7,1500,LEFT,270,false,431355,180
1.4,1500,LEFT,270,false,431355,181
-3.54,1500,DOWN,270,false,431355,182
-0.7,1500,LEFT,270,false,431355,183
4.8,1000,LEFT,270,false,431355,184
-1.4,1500,DOWN,270,false,431355,185
0,1500,DOWN,270,false,431355,186
-1.4,1500,RIGHT,270,false,431355,187
0.7,1500,DOWN,270,false,431355,188
1.4,1500,RIGHT,270,false,431355,189
0.7,1500,LEFT,270,false,431355,190
-0.7,1500,DOWN,270,false,431355,191
1.06666,1000,LEFT,270,false,431355,192
-1.6,1000,LEFT,270,false,431355,193
-1.6,1000,RIGHT,270,false,431355,194
-0.7,1500,UP,270,false,431355,195
-1.06666,1000,UP,270,false,431355,196
-1.6,1000,RIGHT,90,false,431355,197
0.7,1500,RIGHT,90,false,431355,198
0.7,1500,UP,90,false,431355,199
0.7,1500,DOWN,90,false,431355,200
0.7,1500,DOWN,90,false,431355,201
-0.7,1500,DOWN,90,false,431355,202
-2.1,1500,UP,90,false,431355,203
-1.6,1000,DOWN,90,false,431355,204
0,1500,LEFT,90,false,431355,205
-3.2,1000,LEFT,90,false,431355,206
0,1000,UP,90,false,431355,207
1.6,1000,DOWN,90,false,431355,208
4.8,1000,RIGHT,90,false,431355,209
0.7,1500,RIGHT,90,false,431355,210
1.6,1000,UP,90,false,431355,211
-1.4,1500,UP,90,false,431355,212
0.7,1500,UP,90,false,431355,213
0,1000,DOWN,90,false,431355,214
1.4,1500,DOWN,90,false,431355,215
-1.6,1000,LEFT,90,false,431355,216
-1.06666,1000,UP,90,false,431355,217
-1.4,1500,DOWN,90,false,431355,218
4.8,1000,DOWN,90,false,431355,219
-4.8,1000,DOWN,90,false,431355,220
-0.7,1500,RIGHT,90,false,431355,221
0.7,1500,LEFT,90,false,431355,222
-0.7,1500,DOWN,90,false,431355,223
-0.7,1500,RIGHT,90,false,431355,224
3.2,1000,DOWN,0,true,431357,1
2.1,1500,UP,0,true,431357,2
2.1,1500,LEFT,0,true,431357,3
-2.1,1500,RIGHT,0,true,431357,4
2.1,1500,RIGHT,0,true,431357,5
-2.1,1500,LEFT,0,true,431357,6
3.2,1000,LEFT,0,true,431357,7
-3.2,1000,DOWN,0,true,431357,8
-3.2,1000,UP,0,true,431357,9
-2.1,1500,DOWN,0,true,431357,10
-3.2,1000,RIGHT,0,true,431357,11
-2.1,1500,UP,0,true,431357,12
-3.2,1000,LEFT,0,true,431357,13
3.2,1000,RIGHT,0,true,431357,14
3.2,1000,UP,0,true,431357,15
2.1,1500,DOWN,0,true,431357,16
1.6,1000,UP,270,false,431357,1
1.6,1000,DOWN,270,false,431357,2
4.8,1000,DOWN,270,false,431357,3
0,1500,RIGHT,270,false,431357,4
0,1500,RIGHT,270,false,431357,5
-1.4,1500,LEFT,270,false,431357,6
-1.6,1000,RIGHT,270,false,431357,7
-1.4,1500,DOWN,270,false,431357,8
1.6,1000,RIGHT,270,false,431357,9
3.2,1000,RIGHT,270,false,431357,10
-4.8,1000,LEFT,270,false,431357,11
0,1500,DOWN,270,false,431357,12
-3.54,1500,DOWN,270,false,431357,13
-0.7,1500,RIGHT,270,false,431357,14
-1.6,1000,LEFT,270,false,431357,15
-1.06666,1000,RIGHT,270,false,431357,16
-0.7,1500,RIGHT,270,false,431357,17
0.7,1500,DOWN,270,false,431357,18
0.7,1500,UP,270,false,431357,19
-0.7,1500,LEFT,270,false,431357,20
0.7,1500,DOWN,270,false,431357,21
0,1500,LEFT,270,false,431357,22
0.7,1500,RIGHT,270,false,431357,23
1.4,1500,UP,270,false,431357,24
4.8,1000,RIGHT,270,false,431357,25
-3.54,1500,LEFT,270,false,431357,26
-1.6,1000,DOWN,270,false,431357,27
3.54,1500,DOWN,270,false,431357,28
1.4,1500,DOWN,90,false,431357,29
-1.6,1000,DOWN,90,false,431357,30
1.6,1000,UP,90,false,431357,31
-2.1,1500,RIGHT,90,false,431357,32
1.4,1500,LEFT,90,false,431357,33
1.4,1500,UP,90,false,431357,34
-0.7,1500,UP,90,false,431357,35
4.8,1000,DOWN,90,false,431357,36
0,1000,RIGHT,90,false,431357,37
-4.8,1000,RIGHT,90,false,431357,38
3.54,1500,RIGHT,90,false,431357,39
-1.6,1000,DOWN,90,false,431357,40
-0.7,1500,DOWN,90,false,431357,41
0.7,1500,RIGHT,90,false,431357,42
3.2,1000,DOWN,90,false,431357,43
4.8,1000,UP,90,false,431357,44
0.7,1500,DOWN,90,false,431357,45
0,1000,DOWN,90,false,431357,46
1.6,1000,DOWN,90,false,431357,47
-3.54,1500,DOWN,90,false,431357,48
0,1500,RIGHT,90,false,431357,49
-1.6,1000,LEFT,90,false,431357,50
0.7,1500,RIGHT,90,false,431357,51
-1.6,1000,UP,90,false,431357,52
1.06666,1000,DOWN,90,false,431357,53
-3.54,1500,LEFT,90,false,431357,54
1.6,1000,LEFT,90,false,431357,55
-4.8,1000,DOWN,90,false,431357,56
-0.7,1500,DOWN,270,false,431357,57
0.7,1500,DOWN,270,false,431357,58
1.06666,1000,RIGHT,270,false,431357,59
4.8,1000,LEFT,270,false,431357,60
-3.54,1500,RIGHT,270,false,431357,61
-1.6,1000,UP,270,false,431357,62
0.7,1500,UP,270,false,431357,63
-0.7,1500,RIGHT,270,false,431357,64
1.4,1500,DOWN,270,false,431357,65
1.4,1500,UP,270,false,431357,66
3.2,1000,UP,270,false,431357,67
3.54,1500,UP,270,false,431357,68
-3.2,1000,LEFT,270,false,431357,69
2.1,1500,DOWN,270,false,431357,70
0,1000,UP,270,false,431357,71
0,1000,UP,270,false,431357,72
-1.6,1000,LEFT,270,false,431357,73
-2.1,1500,RIGHT,270,false,431357,74
-3.2,1000,RIGHT,270,false,431357,75
-1.4,1500,RIGHT,270,false,431357,76
1.6,1000,UP,270,false,431357,77
-3.54,1500,UP,270,false,431357,78
0.7,1500,RIGHT,270,false,431357,79
-1.4,1500,UP,270,false,431357,80
3.2,1000,LEFT,270,false,431357,81
-0.7,1500,DOWN,270,false,431357,82
0,1000,RIGHT,270,false,431357,83
0,1500,DOWN,270,false,431357,84
-3.54,1500,RIGHT,90,false,431357,85
4.8,1000,RIGHT,90,false,431357,86
-4.8,1000,LEFT,90,false,431357,87
-0.7,1500,DOWN,90,false,431357,88
0.7,1500,LEFT,90,false,431357,89
-1.4,1500,RIGHT,90,false,431357,90
0.7,1500,LEFT,90,false,431357,91
-1.4,1500,RIGHT,90,false,431357,92
0,1000,LEFT,90,false,431357,93
-0.7,1500,RIGHT,90,false,431357,94
2.1,1500,LEFT,90,false,431357,95
1.4,1500,LEFT,90,false,431357,96
-2.1,1500,LEFT,90,false,431357,97
-1.4,1500,DOWN,90,false,431357,98
0,1500,LEFT,90,false,431357,99
1.4,1500,UP,90,false,431357,100
-3.2,1000,RIGHT,90,false,431357,101
0.7,1500,DOWN,90,false,431357,102
1.4,1500,RIGHT,90,false,431357,103
-0.7,1500,LEFT,90,false,431357,104
0,1500,DOWN,90,false,431357,105
-3.2,1000,LEFT,90,false,431357,106
-2.1,1500,UP,90,false,431357,107
1.6,1000,DOWN,90,false,431357,108
-0.7,1500,RIGHT,90,false,431357,109
-1.4,1500,LEFT,90,false,431357,110
0.7,1500,UP,90,false,431357,111
-1.4,1500,DOWN,90,false,431357,112
-0.7,1500,LEFT,270,false,431357,113
-4.8,1000,UP,270,false,431357,114
1.6,1000,RIGHT,270,false,431357,115
0.7,1500,LEFT,270,false,431357,116
-1.06666,1000,LEFT,270,false,431357,117
0,1500,LEFT,270,false,431357,118
2.1,1500,RIGHT,270,false,431357,119
-1.6,1000,DOWN,270,false,431357,120
1.06666,1000,UP,270,false,431357,121
0.7,1500,RIGHT,270,false,431357,122
-3.2,1000,UP,270,false,431357,123
-0.7,1500,LEFT,270,false,431357,124
-0.7,1500,DOWN,270,false,431357,125
-1.06666,1000,UP,270,false,431357,126
-2.1,1500,LEFT,270,false,431357,127
-1.4,1500,RIGHT,270,false,431357,128
0.7,1500,LEFT,270,false,431357,129
-1.6,1000,UP,270,false,431357,130
3.54,1500,LEFT,270,false,431357,131
0,1000,LEFT,270,false,431357,132
0,1000,LEFT,270,false,431357,133
-1.4,1500,UP,270,false,431357,134
2.1,1500,UP,270,false,431357,135
-0.7,1500,UP,270,false,431357,136
0,1000,DOWN,270,false,431357,137
-1.4,1500,DOWN,270,false,431357,138
0.7,1500,LEFT,270,false,431357,139
-1.6,1000,RIGHT,270,false,431357,140
0.7,1500,UP,90,false,431357,141
0.7,1500,LEFT,90,false,431357,142
1.4,1500,DOWN,90,false,431357,143
0,1500,LEFT,90,false,431357,144
0.7,1500,UP,90,false,431357,145
0.7,1500,RIGHT,90,false,431357,146
-1.06666,1000,RIGHT,90,false,431357,147
-1.06666,1000,DOWN,90,false,431357,148
-4.8,1000,UP,90,false,431357,149
-1.06666,1000,UP,90,false,431357,150
-1.4,1500,UP,90,false,431357,151
2.1,1500,DOWN,90,false,431357,152
-3.2,1000,DOWN,90,false,431357,153
0,1500,UP,90,false,431357,154
-0.7,1500,RIGHT,90,false,431357,155
1.6,1000,LEFT,90,false,431357,156
0,1500,UP,90,false,431357,157
-1.6,1000,LEFT,90,false,431357,158
1.4,1500,RIGHT,90,false,431357,159
0,1000,LEFT,90,false,431357,160
3.2,1000,UP,90,false,431357,161
1.06666,1000,UP,90,false,431357,162
-0.7,1500,LEFT,90,false,431357,163
-0.7,1500,DOWN,90,false,431357,164
2.1,1500,RIGHT,90,false,431357,165
3.54,1500,UP,90,false,431357,166
-0.7,1500,LEFT,90,false,431357,167
-0.7,1500,UP,90,false,431357,168
0,1500,UP,270,false,431357,169
1.4,1500,RIGHT,270,false,431357,170
2.1,1500,LEFT,270,false,431357,171
1.4,1500,DOWN,270,false,431357,172
-0.7,1500,UP,270,false,431357,173
-3.2,1000,DOWN,270,false,431357,174
1.06666,1000,DOWN,270,false,431357,175
3.54,1500,RIGHT,270,false,431357,176
0,1000,RIGHT,270,false,431357,177
1.6,1000,LEFT,270,false,431357,178
-1.06666,1000,DOWN,270,false,431357,179
1.4,1500,LEFT,270,false,431357,180
1.4,1500,LEFT,270,false,431357,181
-4.8,1000,RIGHT,270,false,431357,182
-2.1,1500,DOWN,270,false,431357,183
1.06666,1000,LEFT,270,false,431357,184
-1.4,1500,LEFT,270,false,431357,185
4.8,1000,UP,270,false,431357,186
-2.1,1500,UP,270,false,431357,187
-4.8,1000,DOWN,270,false,431357,188
0,1000,DOWN,270,false,431357,189
1.6,1000,LEFT,270,false,431357,190
-0.7,1500,UP,270,false,431357,191
0,1500,UP,270,false,431357,192
1.4,1500,RIGHT,270,false,431357,193
3.2,1000,DOWN,270,false,431357,194
0.7,1500,UP,270,false,431357,195
1.6,1000,DOWN,270,false,431357,196
0,1000,UP,90,false,431357,197
0,1000,RIGHT,90,false,431357,198
1.06666,1000,LEFT,90,false,431357,199
0,1500,RIGHT,90,false,431357,200
-3.2,1000,UP,90,false,431357,201
-1.6,1000,RIGHT,90,false,431357,202
3.54,1500,DOWN,90,false,431357,203
-0.7,1500,UP,90,false,431357,204
-1.4,1500,UP,90,false,431357,205
-1.6,1000,UP,90,false,431357,206
0,1000,UP,90,false,431357,207
1.6,1000,RIGHT,90,false,431357,208
-1.6,1000,RIGHT,90,false,431357,209
2.1,1500,UP,90,false,431357,210
-1.06666,1000,LEFT,90,false,431357,211
1.06666,1000,RIGHT,90,false,431357,212
-1.4,1500,LEFT,90,false,431357,213
1.6,1000,UP,90,false,431357,214
1.6,1000,RIGHT,90,false,431357,215
0.7,1500,DOWN,90,false,431357,216
3.2,1000,RIGHT,90,false,431357,217
4.8,1000,LEFT,90,false,431357,218
3.54,1500,LEFT,90,false,431357,219
-3.54,1500,UP,90,false,431357,220
3.2,1000,LEFT,90,false,431357,221
0,1500,DOWN,90,false,431357,222
0,1000,DOWN,90,false,431357,223
-2.1,1500,DOWN,90,false,431357,224
2.1,1500,LEFT,0,true,431354,1
-3.2,1000,RIGHT,0,true,431354,2
3.2,1000,RIGHT,0,true,431354,3
3.2,1000,UP,0,true,431354,4
3.2,1000,LEFT,0,true,431354,5
-2.1,1500,RIGHT,0,true,431354,6
3.2,1000,DOWN,0,true,431354,7
-2.1,1500,UP,0,true,431354,8
-3.2,1000,UP,0,true,431354,9
-2.1,1500,DOWN,0,true,431354,10
-3.2,1000,LEFT,0,true,431354,11
2.1,1500,RIGHT,0,true,431354,12
-3.2,1000,DOWN,0,true,431354,13
2.1,1500,DOWN,0,true,431354,14
2.1,1500,UP,0,true,431354,15
-2.1,1500,LEFT,0,true,431354,16
1.4,1500,UP,90,false,431354,1
-3.54,1500,LEFT,90,false,431354,2
-3.2,1000,UP,90,false,431354,3
-1.4,1500,DOWN,90,false,431354,4
3.54,1500,UP,90,false,431354,5
-1.4,1500,DOWN,90,false,431354,6
0,1000,RIGHT,90,false,431354,7
0,1500,DOWN,90,false,431354,8
0,1000,DOWN,90,false,431354,9
1.4,1500,RIGHT,90,false,431354,10
0.7,1500,DOWN,90,false,431354,11
-0.7,1500,RIGHT,90,false,431354,12
3.54,1500,DOWN,90,false,431354,13
0,1000,RIGHT,90,false,431354,14
-1.4,1500,LEFT,90,false,431354,15
0,1000,UP,90,false,431354,16
0.7,1500,LEFT,90,false,431354,17
0,1000,DOWN,90,false,431354,18
2.1,1500,UP,90,false,431354,19
4.8,1000,DOWN,90,false,431354,20
1.06666,1000,UP,90,false,431354,21
1.6,1000,DOWN,90,false,431354,22
0.7,1500,DOWN,90,false,431354,23
3.2,1000,LEFT,90,false,431354,24
1.6,1000,RIGHT,90,false,431354,25
-0.7,1500,LEFT,90,false,431354,26
1.4,1500,RIGHT,90,false,431354,27
-0.7,1500,UP,90,false,431354,28
-1.4,1500,DOWN,270,false,431354,29
0,1000,RIGHT,270,false,431354,30
0.7,1500,UP,270,false,431354,31
0,1000,LEFT,270,false,431354,32
0,1000,UP,270,false,431354,33
0,1500,LEFT,270,false,431354,34
2.1,1500,RIGHT,270,false,431354,35
1.4,1500,LEFT,270,false,431354,36
-1.6,1000,UP,270,false,431354,37
4.8,1000,UP,270,false,431354,38
0,1500,RIGHT,270,false,431354,39
0,1000,LEFT,270,false,431354,40
-0.7,1500,RIGHT,270,false,431354,41
0.7,1500,RIGHT,270,false,431354,42
1.06666,1000,RIGHT,270,false,431354,43
0,1000,RIGHT,270,false,431354,44
1.06666,1000,DOWN,270,false,431354,45
0,1500,RIGHT,270,false,431354,46
-3.54,1500,RIGHT,270,false,431354,47
1.6,1000,DOWN,270,false,431354,48
1.6,1000,LEFT,270,false,431354,49
3.2,1000,RIGHT,270,false,431354,50
-4.8,1000,RIGHT,270,false,431354,51
-1.4,1500,DOWN,270,false,431354,52
-3.2,1000,LEFT,270,false,431354,53
-1.6,1000,RIGHT,270,false,431354,54
2.1,1500,DOWN,270,false,431354,55
0,1000,DOWN,270,false,431354,56
0.7,1500,RIGHT,90,false,431354,57
0.7,1500,UP,90,false,431354,58
3.2,1000,RIGHT,90,false,431354,59
-1.4,1500,RIGHT,90,false,431354,60
0,1500,UP,90,false,431354,61
-1.6,1000,DOWN,90,false,431354,62
1.4,1500,DOWN,90,false,431354,63
-2.1,1500,LEFT,90,false,431354,64
-1.4,1500,LEFT,90,false,431354,65
3.54,1500,RIGHT,90,false,431354,66
-1.6,1000,UP,90,false,431354,67
-4.8,1000,LEFT,90,false,431354,68
0,1000,LEFT,90,false,431354,69
2.1,1500,DOWN,90,false,431354,70
-1.06666,1000,DOWN,90,false,431354,71
4.8,1000,UP,90,false,431354,72
2.1,1500,LEFT,90,false,431354,73
1.06666,1000,RIGHT,90,false,431354,74
3.2,1000,DOWN,90,false,431354,75
-1.6,1000,UP,90,false,431354,76
1.4,1500,UP,90,false,431354,77
0,1500,UP,90,false,431354,78
2.1,1500,RIGHT,90,false,431354,79
-2.1,1500,UP,90,false,431354,80
-1.6,1000,LEFT,90,false,431354,81
-1.6,1000,DOWN,90,false,431354,82
-0.7,1500,UP,90,false,431354,83
0,1500,DOWN,90,false,431354,84
0.7,1500,DOWN,270,false,431354,85
-2.1,1500,RIGHT,270,false,431354,86
-1.6,1000,RIGHT,270,false,431354,87
0.7,1500,RIGHT,270,false,431354,88
3.54,1500,UP,270,false,431354,89
1.4,1500,LEFT,270,false,431354,90
1.6,1000,UP,270,false,431354,91
-1.06666,1000,LEFT,270,false,431354,92
-3.54,1500,DOWN,270,false,431354,93
-2.1,1500,DOWN,270,false,431354,94
3.2,1000,UP,270,false,431354,95
0,1500,DOWN,270,false,431354,96
-0.7,1500,DOWN,270,false,431354,97
0.7,1500,UP,270,false,431354,98
0.7,1500,DOWN,270,false,431354,99
1.4,1500,UP,270,false,431354,100
-1.4,1500,RIGHT,270,false,431354,101
2.1,1500,UP,270,false,431354,102
0.7,1500,RIGHT,270,false,431354,103
0.7,1500,UP,270,false,431354,104
-1.06666,1000,RIGHT,270,false,431354,105
-4.8,1000,LEFT,270,false,431354,106
0.7,1500,LEFT,270,false,431354,107
3.54,1500,DOWN,270,false,431354,108
0.7,1500,LEFT,270,false,431354,109
-0.7,1500,LEFT,270,false,431354,110
1.6,1000,DOWN,270,false,431354,111
0,1000,DOWN,270,false,431354,112
-4.8,1000,RIGHT,90,false,431354,113
-2.1,1500,DOWN,90,false,431354,114
0.7,1500,LEFT,90,false,431354,115
-3.54,1500,DOWN,90,false,431354,116
1.06666,1000,LEFT,90,false,431354,117
-0.7,1500,DOWN,90,false,431354,118
-0.7,1500,DOWN,90,false,431354,119
4.8,1000,LEFT,90,false,431354,120
-1.6,1000,LEFT,90,false,431354,121
-3.2,1000,LEFT,90,false,431354,122
1.6,1000,LEFT,90,false,431354,123
-1.06666,1000,RIGHT,90,false,431354,124
0.7,1500,RIGHT,90,false,431354,125
1.4,1500,LEFT,90,false,431354,126
-1.4,1500,RIGHT,90,false,431354,127
-3.54,1500,UP,90,false,431354,128
0,1500,LEFT,90,false,431354,129
4.8,1000,RIGHT,90,false,431354,130
-1.6,1000,RIGHT,90,false,431354,131
-4.8,1000,UP,90,false,431354,132
-0.7,1500,LEFT,90,false,431354,133
3.2,1000,UP,90,false,431354,134
-4.8,1000,DOWN,90,false,431354,135
0,1500,LEFT,90,false,431354,136
0,1500,RIGHT,90,false,431354,137
0.7,1500,DOWN,90,false,431354,138
0,1000,LEFT,90,false,431354,139
1.6,1000,RIGHT,90,false,431354,140
1.6,1000,RIGHT,270,false,431354,141
-3.2,1000,UP,270,false,431354,142
1.06666,1000,UP,270,false,431354,143
0,1500,UP,270,false,431354,144
-0.7,1500,RIGHT,270,false,431354,145
1.4,1500,RIGHT,270,false,431354,146
-0.7,1500,DOWN,270,false,431354,147
-1.6,1000,DOWN,270,false,431354,148
3.2,1000,LEFT,270,false,431354,149
-0.7,1500,LEFT,270,false,431354,150
-2.1,1500,UP,270,false,431354,151
-3.2,1000,DOWN,270,false,431354,152
-1.06666,1000,DOWN,270,false,431354,153
0,1000,UP,270,false,431354,154
0.7,1500,DOWN,270,false,431354,155
-1.6,1000,LEFT,270,false,431354,156
-1.6,1000,UP,270,false,431354,157
-1.4,1500,LEFT,270,false,431354,158
1.06666,1000,LEFT,270,false,431354,159
3.54,1500,LEFT,270,false,431354,160
-1.4,1500,UP,270,false,431354,161
-0.7,1500,LEFT,270,false,431354,162
1.6,1000,RIGHT,270,false,431354,163
-2.1,1500,LEFT,270,false,431354,164
1.4,1500,RIGHT,270,false,431354,165
2.1,1500,LEFT,270,false,431354,166
-1.6,1000,DOWN,270,false,431354,167
-1.4,1500,LEFT,270,false,431354,168
-1.4,1500,UP,90,false,431354,169
1.6,1000,LEFT,90,false,431354,170
-0.7,1500,DOWN,90,false,431354,171
-3.2,1000,DOWN,90,false,431354,172
-0.7,1500,RIGHT,90,false,431354,173
1.6,1000,UP,90,false,431354,174
1.6,1000,DOWN,90,false,431354,175
1.4,1500,DOWN,90,false,431354,176
-3.54,1500,RIGHT,90,false,431354,177
-0.7,1500,LEFT,90,false,431354,178
1.06666,1000,DOWN,90,false,431354,179
3.54,1500,LEFT,90,false,431354,180
0.7,1500,UP,90,false,431354,181
1.6,1000,UP,90,false,431354,182
-1.06666,1000,UP,90,false,431354,183
-0.7,1500,UP,90,false,431354,184
0.7,1500,RIGHT,90,false,431354,185
-2.1,1500,RIGHT,90,false,431354,186
0.7,1500,LEFT,90,false,431354,187
0.7,1500,UP,90,false,431354,188
-1.06666,1000,LEFT,90,false,431354,189
0,1000,UP,90,false,431354,190
-1.4,1500,UP,90,false,431354,191
-0.7,1500,RIGHT,90,false,431354,192
-1.6,1000,RIGHT,90,false,431354,193
0,1500,RIGHT,90,false,431354,194
-3.2,1000,RIGHT,90,false,431354,195
1.4,1500,LEFT,90,false,431354,196
4.8,1000,RIGHT,270,false,431354,197
-0.7,1500,UP,270,false,431354,198
1.4,1500,UP,270,false,431354,199
-4.8,1000,DOWN,270,false,431354,200
0,1500,LEFT,270,false,431354,201
1.6,1000,UP,270,false,431354,202
4.8,1000,DOWN,270,false,431354,203
0.7,1500,LEFT,270,false,431354,204
1.6,1000,LEFT,270,false,431354,205
-3.54,1500,UP,270,false,431354,206
-1.4,1500,RIGHT,270,false,431354,207
-3.2,1000,RIGHT,270,false,431354,208
1.4,1500,DOWN,270,false,431354,209
3.2,1000,DOWN,270,false,431354,210
1.4,1500,DOWN,270,false,431354,211
-1.4,1500,UP,270,false,431354,212
3.54,1500,RIGHT,270,false,431354,213
0,1500,UP,270,false,431354,214
0,1500,DOWN,270,false,431354,215
-1.6,1000,LEFT,270,false,431354,216
-3.54,1500,LEFT,270,false,431354,217
-0.7,1500,UP,270,false,431354,218
-4.8,1000,UP,270,false,431354,219
-1.06666,1000,UP,270,false,431354,220
-0.7,1500,UP,270,false,431354,221
-0.7,1500,RIGHT,270,false,431354,222
4.8,1000,LEFT,270,false,431354,223
-0.7,1500,DOWN,270,false,431354,224
-2.1,1500,LEFT,0,true,431339,1
3.2,1000,UP,0,true,431339,2
2.1,1500,RIGHT,0,true,431339,3
-2.1,1500,UP,0,true,431339,4
3.2,1000,DOWN,0,true,431339,5
-3.2,1000,LEFT,0,true,431339,6
-2.1,1500,DOWN,0,true,431339,7
2.1,1500,UP,0,true,431339,8
2.1,1500,LEFT,0,true,431339,9
3.2,1000,RIGHT,0,true,431339,10
-3.2,1000,RIGHT,0,true,431339,11
2.1,1500,DOWN,0,true,431339,12
-3.2,1000,UP,0,true,431339,13
3.2,1000,LEFT,0,true,431339,14
-3.2,1000,DOWN,0,true,431339,15
-2.1,1500,RIGHT,0,true,431339,16
3.2,1000,DOWN,270,false,431339,1
4.8,1000,UP,270,false,431339,2
1.4,1500,UP,270,false,431339,3
-0.7,1500,RIGHT,270,false,431339,4
0,1000,DOWN,270,false,431339,5
0,1500,UP,270,false,431339,6
4.8,1000,RIGHT,270,false,431339,7
2.1,1500,DOWN,270,false,431339,8
-4.8,1000,UP,270,false,431339,9
-0.7,1500,RIGHT,270,false,431339,10
-0.7,1500,DOWN,270,false,431339,11
-1.4,1500,DOWN,270,false,431339,12
0,1500,DOWN,270,false,431339,13
-1.6,1000,LEFT,270,false,431339,14
1.4,1500,RIGHT,270,false,431339,15
1.06666,1000,RIGHT,270,false,431339,16
1.4,1500,RIGHT,270,false,431339,17
0,1000,UP,270,false,431339,18
0.7,1500,DOWN,270,false,431339,19
3.54,1500,RIGHT,270,false,431339,20
-1.6,1000,UP,270,false,431339,21
-2.1,1500,DOWN,270,false,431339,22
-4.8,1000,RIGHT,270,false,431339,23
2.1,1500,UP,270,false,431339,24
1.4,1500,DOWN,270,false,431339,25
1.4,1500,DOWN,270,false,431339,26
1.6,1000,DOWN,270,false,431339,27
-3.54,1500,DOWN,270,false,431339,28
-0.7,1500,RIGHT,90,false,431339,29
0,1000,UP,90,false,431339,30
0,1500,DOWN,90,false,431339,31
-0.7,1500,DOWN,90,false,431339,32
1.4,1500,LEFT,90,false,431339,33
0.7,1500,RIGHT,90,false,431339,34
1.6,1000,LEFT,90,false,431339,35
2.1,1500,UP,90,false,431339,36
0,1500,LEFT,90,false,431339,37
0.7,1500,LEFT,90,false,431339,38
-0.7,1500,LEFT,90,false,431339,39
-0.7,1500,UP,90,false,431339,40
0,1000,LEFT,90,false,431339,41
-3.2,1000,RIGHT,90,false,431339,42
-0.7,1500,LEFT,90,false,431339,43
0.7,1500,RIGHT,90,false,431339,44
0.7,1500,UP,90,false,431339,45
1.6,1000,DOWN,90,false,431339,46
-3.2,1000,DOWN,90,false,431339,47
-0.7,1500,RIGHT,90,false,431339,48
-1.4,1500,RIGHT,90,false,431339,49
-0.7,1500,UP,90,false,431339,50
1.4,1500,DOWN,90,false,431339,51
-4.8,1000,RIGHT,90,false,431339,52
-1.6,1000,UP,90,false,431339,53
-3.2,1000,LEFT,90,false,431339,54
-1.4,1500,DOWN,90,false,431339,55
-1.6,1000,LEFT,90,false,431339,56
-1.06666,1000,UP,270,false,431339,57
1.4,1500,LEFT,270,false,431339,58
-1.4,1500,RIGHT,270,false,431339,59
2.1,1500,RIGHT,270,false,431339,60
1.6,1000,UP,270,false,431339,61
0.7,1500,UP,270,false,431339,62
-3.2,1000,RIGHT,270,false,431339,63
-1.4,1500,LEFT,270,false,431339,64
-0.7,1500,DOWN,270,false,431339,65
1.6,1000,LEFT,270,false,431339,66
-3.2,1000,DOWN,270,false,431339,67
-2.1,1500,UP,270,false,431339,68
3.2,1000,LEFT,270,false,431339,69
-4.8,1000,DOWN,270,false,431339,70
-3.2,1000,LEFT,270,false,431339,71
-1.4,1500,RIGHT,270,false,431339,72
3.54,1500,UP,270,false,431339,73
-0.7,1500,RIGHT,270,false,431339,74
0.7,1500,RIGHT,270,false,431339,75
1.06666,1000,UP,270,false,431339,76
-0.7,1500,UP,270,false,431339,77
-1.6,1000,LEFT,270,false,431339,78
-3.54,1500,RIGHT,270,false,431339,79
4.8,1000,LEFT,270,false,431339,80
-1.6,1000,RIGHT,270,false,431339,81
-3.54,1500,UP,270,false,431339,82
0,1000,LEFT,270,false,431339,83
-0.7,1500,UP,270,false,431339,84
0.7,1500,DOWN,90,false,431339,85
-2.1,1500,DOWN,90,false,431339,86
2.1,1500,RIGHT,90,false,431339,87
-1.06666,1000,LEFT,90,false,431339,88
1.4,1500,RIGHT,90,false,431339,89
1.4,1500,DOWN,90,false,431339,90
-0.7,1500,DOWN,90,false,431339,91
1.4,1500,RIGHT,90,false,431339,92
0.7,1500,RIGHT,90,false,431339,93
0,1500,RIGHT,90,false,431339,94
0.7,1500,UP,90,false,431339,95
-1.6,1000,RIGHT,90,false,431339,96
0,1500,UP,90,false,431339,97
-3.54,1500,RIGHT,90,false,431339,98
-2.1,1500,RIGHT,90,false,431339,99
2.1,1500,DOWN,90,false,431339,100
0,1000,RIGHT,90,false,431339,101
-1.06666,1000,DOWN,90,false,431339,102
-1.6,1000,DOWN,90,false,431339,103
1.4,1500,UP,90,false,431339,104
0,1500,DOWN,90,false,431339,105
-4.8,1000,UP,90,false,431339,106
1.6,1000,UP,90,false,431339,107
3.54,1500,DOWN,90,false,431339,108
3.54,1500,UP,90,false,431339,109
2.1,1500,LEFT,90,false,431339,110
-1.06666,1000,UP,90,false,431339,111
-1.4,1500,LEFT,90,false,431339,112
0,1500,RIGHT,270,false,431339,113
0.7,1500,RIGHT,270,false,431339,114
0.7,1500,UP,270,false,431339,115
-1.06666,1000,DOWN,270,false,431339,116
1.6,1000,RIGHT,270,false,431339,117
0,1000,RIGHT,270,false,431339,118
0,1500,RIGHT,270,false,431339,119
0,1000,LEFT,270,false,431339,120
0,1500,LEFT,270,false,431339,121
-1.06666,1000,RIGHT,270,false,431339,122
-3.54,1500,LEFT,270,false,431339,123
-4.8,1000,LEFT,270,false,431339,124
1.06666,1000,DOWN,270,false,431339,125
0,1000,UP,270,false,431339,126
3.54,1500,LEFT,270,false,431339,127
1.4,1500,LEFT,270,false,431339,128
-2.1,1500,LEFT,270,false,431339,129
0,1000,RIGHT,270,false,431339,130
0.7,1500,LEFT,270,false,431339,131
-1.4,1500,UP,270,false,431339,132
0,1500,LEFT,270,false,431339,133
1.06666,1000,LEFT,270,false,431339,134
0,1000,DOWN,270,false,431339,135
-1.6,1000,RIGHT,270,false,431339,136
0,1500,DOWN,270,false,431339,137
-0.7,1500,UP,270,false,431339,138
1.6,1000,RIGHT,270,false,431339,139
-0.7,1500,LEFT,270,false,431339,140
1.6,1000,DOWN,90,false,431339,141
-1.06666,1000,RIGHT,90,false,431339,142
0,1500,UP,90,false,431339,143
-1.4,1500,DOWN,90,false,431339,144
3.2,1000,UP,90,false,431339,145
-1.6,1000,DOWN,90,false,431339,146
1.4,1500,LEFT,90,false,431339,147
-1.4,1500,RIGHT,90,false,431339,148
0.7,1500,LEFT,90,false,431339,149
0.7,1500,DOWN,90,false,431339,150
3.54,1500,RIGHT,90,false,431339,151
1.06666,1000,UP,90,false,431339,152
0,1500,RIGHT,90,false,431339,153
1.06666,1000,RIGHT,90,false,431339,154
0.7,1500,LEFT,90,false,431339,155
3.2,1000,DOWN,90,false,431339,156
0.7,1500,UP,90,false,431339,157
1.6,1000,UP,90,false,431339,158
-2.1,1500,LEFT,90,false,431339,159
-4.8,1000,LEFT,90,false,431339,160
1.6,1000,LEFT,90,false,431339,161
-3.54,1500,LEFT,90,false,431339,162
1.06666,1000,LEFT,90,false,431339,163
4.8,1000,UP,90,false,431339,164
-1.4,1500,LEFT,90,false,431339,165
-0.7,1500,LEFT,90,false,431339,166
1.6,1000,RIGHT,90,false,431339,167
-0.7,1500,UP,90,false,431339,168
0.7,1500,RIGHT,270,false,431339,169
-2.1,1500,RIGHT,270,false,431339,170
0.7,1500,DOWN,270,false,431339,171
0.7,1500,LEFT,270,false,431339,172
3.2,1000,RIGHT,270,false,431339,173
4.8,1000,DOWN,270,false,431339,174
3.54,1500,DOWN,270,false,431339,175
1.4,1500,UP,270,false,431339,176
0.7,1500,UP,270,false,431339,177
1.6,1000,UP,270,false,431339,178
-1.6,1000,UP,270,false,431339,179
-1.4,1500,DOWN,270,false,431339,180
2.1,1500,LEFT,270,false,431339,181
-1.4,1500,LEFT,270,false,431339,182
-1.6,1000,DOWN,270,false,431339,183
1.6,1000,DOWN,270,false,431339,184
-1.4,1500,UP,270,false,431339,185
0.7,1500,DOWN,270,false,431339,186
-1.06666,1000,LEFT,270,false,431339,187
-3.2,1000,UP,270,false,431339,188
-0.7,1500,LEFT,270,false,431339,189
-0.7,1500,DOWN,270,false,431339,190
-0.7,1500,LEFT,270,false,431339,191
3.2,1000,UP,270,false,431339,192
-1.6,1000,DOWN,270,false,431339,193
0,1500,UP,270,false,431339,194
0.7,1500,LEFT,270,false,431339,195
1.6,1000,LEFT,270,false,431339,196
1.06666,1000,DOWN,90,false,431339,197
-1.4,1500,UP,90,false,431339,198
3.2,1000,RIGHT,90,false,431339,199
0.7,1500,DOWN,90,false,431339,200
1.4,1500,UP,90,false,431339,201
0,1000,DOWN,90,false,431339,202
-1.6,1000,UP,90,false,431339,203
0,1000,UP,90,false,431339,204
0,1500,LEFT,90,false,431339,205
3.54,1500,LEFT,90,false,431339,206
-1.6,1000,RIGHT,90,false,431339,207
-3.54,1500,DOWN,90,false,431339,208
-3.54,1500,UP,90,false,431339,209
-0.7,1500,RIGHT,90,false,431339,210
-4.8,1000,DOWN,90,false,431339,211
-1.6,1000,LEFT,90,false,431339,212
0,1000,LEFT,90,false,431339,213
-0.7,1500,DOWN,90,false,431339,214
1.6,1000,RIGHT,90,false,431339,215
4.8,1000,LEFT,90,false,431339,216
-2.1,1500,UP,90,false,431339,217
4.8,1000,RIGHT,90,false,431339,218
0,1000,RIGHT,90,false,431339,219
-3.2,1000,UP,90,false,431339,220
3.2,1000,LEFT,90,false,431339,221
-1.4,1500,UP,90,false,431339,222
0,1000,DOWN,90,false,431339,223
4.8,1000,DOWN,90,false,431339,224
3.2,1000,DOWN,0,true,431351,1
-3.2,1000,LEFT,0,true,431351,2
-2.1,1500,LEFT,0,true,431351,3
-3.2,1000,DOWN,0,true,431351,4
3.2,1000,LEFT,0,true,431351,5
2.1,1500,UP,0,true,431351,6
3.2,1000,RIGHT,0,true,431351,7
-3.2,1000,UP,0,true,431351,8
-3.2,1000,RIGHT,0,true,431351,9
-2.1,1500,RIGHT,0,true,431351,10
-2.1,1500,UP,0,true,431351,11
3.2,1000,UP,0,true,431351,12
-2.1,1500,DOWN,0,true,431351,13
2.1,1500,DOWN,0,true,431351,14
2.1,1500,RIGHT,0,true,431351,15
2.1,1500,LEFT,0,true,431351,16
-1.6,1000,LEFT,90,false,431351,1
3.54,1500,RIGHT,90,false,431351,2
0,1000,DOWN,90,false,431351,3
1.4,1500,DOWN,90,false,431351,4
2.1,1500,UP,90,false,431351,5
-0.7,1500,UP,90,false,431351,6
4.8,1000,UP,90,false,431351,7
-1.4,1500,DOWN,90,false,431351,8
4.8,1000,RIGHT,90,false,431351,9
1.4,1500,DOWN,90,false,431351,10
-1.6,1000,UP,90,false,431351,11
-1.06666,1000,UP,90,false,431351,12
-0.7,1500,RIGHT,90,false,431351,13
-4.8,1000,UP,90,false,431351,14
0,1000,RIGHT,90,false,431351,15
1.4,1500,UP,90,false,431351,16
0.7,1500,UP,90,false,431351,17
1.4,1500,LEFT,90,false,431351,18
-3.2,1000,LEFT,90,false,431351,19
0.7,1500,LEFT,90,false,431351,20
0,1000,DOWN,90,false,431351,21
-0.7,1500,DOWN,90,false,431351,22
3.54,1500,UP,90,false,431351,23
0.7,1500,RIGHT,90,false,431351,24
-0.7,1500,DOWN,90,false,431351,25
3.2,1000,UP,90,false,431351,26
1.4,1500,RIGHT,90,false,431351,27
-1.4,1500,UP,90,false,431351,28
-3.2,1000,RIGHT,270,false,431351,29
1.4,1500,UP,270,false,431351,30
-1.4,1500,RIGHT,270,false,431351,31
-2.1,1500,UP,270,false,431351,32
1.6,1000,LEFT,270,false,431351,33
2.1,1500,UP,270,false,431351,34
-0.7,1500,UP,270,false,431351,35
0,1500,LEFT,270,false,431351,36
0,1000,RIGHT,270,false,431351,37
4.8,1000,DOWN,270,false,431351,38
4.8,1000,UP,270,false,431351,39
-1.6,1000,UP,270,false,431351,40
2.1,1500,DOWN,270,false,431351,41
3.54,1500,RIGHT,270,false,431351,42
0,1000,RIGHT,270,false,431351,43
1.06666,1000,LEFT,270,false,431351,44
-3.54,1500,UP,270,false,431351,45
0.7,1500,RIGHT,270,false,431351,46
-0.7,1500,RIGHT,270,false,431351,47
1.6,1000,LEFT,270,false,431351,48
-0.7,1500,DOWN,270,false,431351,49
-1.6,1000,DOWN,270,false,431351,50
-0.7,1500,UP,270,false,431351,51
0.7,1500,DOWN,270,false,431351,52
0,1500,DOWN,270,false,431351,53
0,1500,UP,270,false,431351,54
-2.1,1500,DOWN,270,false,431351,55
-1.06666,1000,UP,270,false,431351,56
0,1500,UP,90,false,431351,57
-1.06666,1000,RIGHT,90,false,431351,58
0,1000,UP,90,false,431351,59
1.6,1000,UP,90,false,431351,60
-3.2,1000,UP,90,false,431351,61
0,1500,UP,90,false,431351,62
-3.54,1500,UP,90,false,431351,63
-1.06666,1000,LEFT,90,false,431351,64
-0.7,1500,RIGHT,90,false,431351,65
3.54,1500,DOWN,90,false,431351,66
1.6,1000,RIGHT,90,false,431351,67
1.6,1000,UP,90,false,431351,68
0.7,1500,RIGHT,90,false,431351,69
-1.6,1000,LEFT,90,false,431351,70
-3.54,1500,RIGHT,90,false,431351,71
1.06666,1000,RIGHT,90,false,431351,72
0.7,1500,RIGHT,90,false,431351,73
0,1000,LEFT,90,false,431351,74
1.06666,1000,LEFT,90,false,431351,75
-1.6,1000,DOWN,90,false,431351,76
0,1500,LEFT,90,false,431351,77
-4.8,1000,LEFT,90,false,431351,78
-0.7,1500,LEFT,90,false,431351,79
-1.6,1000,RIGHT,90,false,431351,80
-2.1,1500,RIGHT,90,false,431351,81
0.7,1500,LEFT,90,false,431351,82
3.2,1000,LEFT,90,false,431351,83
4.8,1000,LEFT,90,false,431351,84
0,1000,DOWN,270,false,431351,85
3.54,1500,LEFT,270,false,431351,86
-4.8,1000,LEFT,270,false,431351,87
-1.06666,1000,DOWN,270,false,431351,88
-2.1,1500,RIGHT,270,false,431351,89
-2.1,1500,LEFT,270,false,431351,90
1.6,1000,DOWN,270,false,431351,91
-3.2,1000,DOWN,270,false,431351,92
3.2,1000,RIGHT,270,false,431351,93
-4.8,1000,UP,270,false,431351,94
0,1500,RIGHT,270,false,431351,95
3.54,1500,UP,270,false,431351,96
1.06666,1000,RIGHT,270,false,431351,97
-1.4,1500,DOWN,270,false,431351,98
0,1500,LEFT,270,false,431351,99
-1.06666,1000,RIGHT,270,false,431351,100
-1.4,1500,UP,270,false,431351,101
4.8,1000,LEFT,270,false,431351,102
-0.7,1500,RIGHT,270,false,431351,103
-0.7,1500,RIGHT,270,false,431351,104
1.06666,1000,UP,270,false,431351,105
0.7,1500,DOWN,270,false,431351,106
1.6,1000,DOWN,270,false,431351,107
-1.4,1500,DOWN,270,false,431351,108
0.7,1500,UP,270,false,431351,109
4.8,1000,RIGHT,270,false,431351,110
0.7,1500,DOWN,270,false,431351,111
-1.4,1500,UP,270,false,431351,112
0.7,1500,DOWN,90,false,431351,113
-3.54,1500,LEFT,90,false,431351,114
0,1500,RIGHT,90,false,431351,115
-0.7,1500,DOWN,90,false,431351,116
-0.7,1500,UP,90,false,431351,117
1.6,1000,LEFT,90,false,431351,118
-0.7,1500,LEFT,90,false,431351,119
2.1,1500,DOWN,90,false,431351,120
2.1,1500,LEFT,90,false,431351,121
1.4,1500,UP,90,false,431351,122
-3.54,1500,DOWN,90,false,431351,123
-1.06666,1000,DOWN,90,false,431351,124
2.1,1500,RIGHT,90,false,431351,125
0.7,1500,UP,90,false,431351,126
0,1500,DOWN,90,false,431351,127
-1.4,1500,RIGHT,90,false,431351,128
1.4,1500,LEFT,90,false,431351,129
4.8,1000,DOWN,90,false,431351,130
-4.8,1000,DOWN,90,false,431351,131
0,1000,RIGHT,90,false,431351,132
-3.2,1000,DOWN,90,false,431351,133
-1.4,1500,LEFT,90,false,431351,134
-0.7,1500,UP,90,false,431351,135
-2.1,1500,LEFT,90,false,431351,136
0,1000,UP,90,false,431351,137
0.7,1500,UP,90,false,431351,138
0,1000,LEFT,90,false,431351,139
1.06666,1000,DOWN,90,false,431351,140
1.6,1000,UP,270,false,431351,141
0,1000,LEFT,270,false,431351,142
1.6,1000,RIGHT,270,false,431351,143
0,1000,UP,270,false,431351,144
2.1,1500,RIGHT,270,false,431351,145
0,1500,UP,270,false,431351,146
2.1,1500,LEFT,270,false,431351,147
0,1000,DOWN,270,false,431351,148
-0.7,1500,DOWN,270,false,431351,149
-1.6,1000,LEFT,270,false,431351,150
-0.7,1500,LEFT,270,false,431351,151
-1.6,1000,RIGHT,270,false,431351,152
-3.54,1500,LEFT,270,false,431351,153
0.7,1500,LEFT,270,false,431351,154
-3.2,1000,LEFT,270,false,431351,155
0.7,1500,LEFT,270,false,431351,156
3.2,1000,UP,270,false,431351,157
-4.8,1000,DOWN,270,false,431351,158
-1.6,1000,UP,270,false,431351,159
-0.7,1500,LEFT,270,false,431351,160
0,1500,DOWN,270,false,431351,161
-4.8,1000,RIGHT,270,false,431351,162
-1.06666,1000,LEFT,270,false,431351,163
0.7,1500,RIGHT,270,false,431351,164
-1.4,1500,LEFT,270,false,431351,165
1.6,1000,UP,270,false,431351,166
1.4,1500,RIGHT,270,false,431351,167
-3.2,1000,UP,270,false,431351,168
-3.2,1000,RIGHT,90,false,431351,169
1.06666,1000,UP,90,false,431351,170
-2.1,1500,DOWN,90,false,431351,171
0.7,1500,LEFT,90,false,431351,172
-1.4,1500,UP,90,false,431351,173
1.6,1000,LEFT,90,false,431351,174
-1.4,1500,LEFT,90,false,431351,175
-0.7,1500,RIGHT,90,false,431351,176
-2.1,1500,UP,90,false,431351,177
3.54,1500,LEFT,90,false,431351,178
1.6,1000,RIGHT,90,false,431351,179
1.6,1000,DOWN,90,false,431351,180
0.7,1500,DOWN,90,false,431351,181
0.7,1500,DOWN,90,false,431351,182
-1.6,1000,RIGHT,90,false,431351,183
0,1500,RIGHT,90,false,431351,184
-1.4,1500,DOWN,90,false,431351,185
0,1500,DOWN,90,false,431351,186
1.6,1000,DOWN,90,false,431351,187
-4.8,1000,RIGHT,90,false,431351,188
0,1500,LEFT,90,false,431351,189
-0.7,1500,LEFT,90,false,431351,190
-1.6,1000,DOWN,90,false,431351,191
-1.6,1000,UP,90,false,431351,192
1.4,1500,RIGHT,90,false,431351,193
3.2,1000,RIGHT,90,false,431351,194
3.2,1000,DOWN,90,false,431351,195
-1.4,1500,RIGHT,90,false,431351,196
-1.6,1000,RIGHT,270,false,431351,197
1.4,1500,LEFT,270,false,431351,198
-0.7,1500,LEFT,270,false,431351,199
1.06666,1000,DOWN,270,false,431351,200
0,1000,LEFT,270,false,431351,201
0.7,1500,UP,270,false,431351,202
3.2,1000,DOWN,270,false,431351,203
-1.6,1000,LEFT,270,false,431351,204
3.54,1500,DOWN,270,false,431351,205
1.4,1500,DOWN,270,false,431351,206
-3.54,1500,RIGHT,270,false,431351,207
3.2,1000,LEFT,270,false,431351,208
1.6,1000,RIGHT,270,false,431351,209
-1.4,1500,RIGHT,270,false,431351,210
1.4,1500,RIGHT,270,false,431351,211
1.4,1500,UP,270,false,431351,212
-0.7,1500,DOWN,270,false,431351,213
-1.4,1500,LEFT,270,false,431351,214
-3.54,1500,DOWN,270,false,431351,215
1.4,1500,DOWN,270,false,431351,216
1.4,1500,LEFT,270,false,431351,217
0.7,1500,RIGHT,270,false,431351,218
0,1000,UP,270,false,431351,219
-1.6,1000,DOWN,270,false,431351,220
-0.7,1500,UP,270,false,431351,221
0.7,1500,LEFT,270,false,431351,222
0,1500,RIGHT,270,false,431351,223
0.7,1500,UP,270,false,431351,224
3.2,1000,DOWN,0,true,431363,1
2.1,1500,RIGHT,0,true,431363,2
-2.1,1500,DOWN,0,true,431363,3
3.2,1000,UP,0,true,431363,4
-3.2,1000,UP,0,true,431363,5
2.1,1500,LEFT,0,true,431363,6
2.1,1500,DOWN,0,true,431363,7
-3.2,1000,DOWN,0,true,431363,8
-2.1,1500,RIGHT,0,true,431363,9
-3.2,1000,RIGHT,0,true,431363,10
3.2,1000,RIGHT,0,true,431363,11
2.1,1500,UP,0,true,431363,12
-3.2,1000,LEFT,0,true,431363,13
3.2,1000,LEFT,0,true,431363,14
-2.1,1500,LEFT,0,true,431363,15
-2.1,1500,UP,0,true,431363,16
0.7,1500,RIGHT,270,false,431363,1
-1.6,1000,UP,270,false,431363,2
-3.54,1500,DOWN,270,false,431363,3
1.6,1000,LEFT,270,false,431363,4
-1.06666,1000,UP,270,false,431363,5
0,1000,RIGHT,270,false,431363,6
1.06666,1000,DOWN,270,false,431363,7
1.6,1000,DOWN,270,false,431363,8
-3.2,1000,RIGHT,270,false,431363,9
-0.7,1500,LEFT,270,false,431363,10
1.6,1000,UP,270,false,431363,11
1.4,1500,DOWN,270,false,431363,12
-2.1,1500,LEFT,270,false,431363,13
3.54,1500,RIGHT,270,false,431363,14
0.7,1500,LEFT,270,false,431363,15
4.8,1000,DOWN,270,false,431363,16
0,1500,UP,270,false,431363,17
-1.4,1500,LEFT,270,false,431363,18
1.6,1000,DOWN,270,false,431363,19
-1.6,1000,LEFT,270,false,431363,20
4.8,1000,LEFT,270,false,431363,21
1.4,1500,RIGHT,270,false,431363,22
0,1000,LEFT,270,false,431363,23
-1.4,1500,RIGHT,270,false,431363,24
2.1,1500,UP,270,false,431363,25
0,1500,RIGHT,270,false,431363,26
0,1500,LEFT,270,false,431363,27
-0.7,1500,UP,270,false,431363,28
0.7,1500,LEFT,90,false,431363,29
0.7,1500,RIGHT,90,false,431363,30
-0.7,1500,RIGHT,90,false,431363,31
3.54,1500,RIGHT,90,false,431363,32
-0.7,1500,DOWN,90,false,431363,33
2.1,1500,RIGHT,90,false,431363,34
-1.6,1000,UP,90,false,431363,35
-1.6,1000,LEFT,90,false,431363,36
4.8,1000,DOWN,90,false,431363,37
-1.6,1000,RIGHT,90,false,431363,38
-0.7,1500,LEFT,90,false,431363,39
3.54,1500,UP,90,false,431363,40
-3.54,1500,UP,90,false,431363,41
0,1500,RIGHT,90,false,431363,42
-1.06666,1000,UP,90,false,431363,43
0,1000,LEFT,90,false,431363,44
2.1,1500,DOWN,90,false,431363,45
4.8,1000,UP,90,false,431363,46
3.2,1000,RIGHT,90,false,431363,47
-2.1,1500,DOWN,90,false,431363,48
-2.1,1500,LEFT,90,false,431363,49
1.4,1500,RIGHT,90,false,431363,50
3.2,1000,LEFT,90,false,431363,51
0.7,1500,LEFT,90,false,431363,52
-1.4,1500,DOWN,90,false,431363,53
-1.6,1000,UP,90,false,431363,54
-1.4,1500,RIGHT,90,false,431363,55
0.7,1500,DOWN,90,false,431363,56
1.4,1500,UP,270,false,431363,57
3.2,1000,UP,270,false,431363,58
-4.8,1000,LEFT,270,false,431363,59
-1.4,1500,DOWN,270,false,431363,60
-2.1,1500,DOWN,270,false,431363,61
0,1000,RIGHT,270,false,431363,62
-0.7,1500,DOWN,270,false,431363,63
1.6,1000,LEFT,270,false,431363,64
0.7,1500,DOWN,270,false,431363,65
-1.6,1000,DOWN,270,false,431363,66
-2.1,1500,RIGHT,270,false,431363,67
0,1000,UP,270,false,431363,68
-1.06666,1000,RIGHT,270,false,431363,69
0,1500,UP,270,false,431363,70
-0.7,1500,RIGHT,270,false,431363,71
0.7,1500,UP,270,false,431363,72
1.4,1500,DOWN,270,false,431363,73
-3.2,1000,DOWN,270,false,431363,74
0,1000,DOWN,270,false,431363,75
0.7,1500,LEFT,270,false,431363,76
-4.8,1000,UP,270,false,431363,77
-1.6,1000,LEFT,270,false,431363,78
-3.54,1500,RIGHT,270,false,431363,79
-1.4,1500,UP,270,false,431363,80
-0.7,1500,UP,270,false,431363,81
2.1,1500,DOWN,270,false,431363,82
1.6,1000,RIGHT,270,false,431363,83
-3.2,1000,LEFT,270,false,431363,84
-1.06666,1000,RIGHT,90,false,431363,85
-1.4,1500,DOWN,90,false,431363,86
1.06666,1000,LEFT,90,false,431363,87
0,1000,UP,90,false,431363,88
0,1500,LEFT,90,false,431363,89
0,1000,LEFT,90,false,431363,90
-1.06666,1000,DOWN,90,false,431363,91
0,1500,RIGHT,90,false,431363,92
1.4,1500,DOWN,90,false,431363,93
1.4,1500,UP,90,false,431363,94
1.4,1500,RIGHT,90,false,431363,95
-1.4,1500,LEFT,90,false,431363,96
1.4,1500,DOWN,90,false,431363,97
-1.4,1500,RIGHT,90,false,431363,98
3.2,1000,UP,90,false,431363,99
-0.7,1500,UP,90,false,431363,100
4.8,1000,LEFT,90,false,431363,101
1.4,1500,LEFT,90,false,431363,102
1.6,1000,RIGHT,90,false,431363,103
0,1000,DOWN,90,false,431363,104
1.6,1000,UP,90,false,431363,105
2.1,1500,LEFT,90,false,431363,106
1.6,1000,DOWN,90,false,431363,107
0,1000,RIGHT,90,false,431363,108
-4.8,1000,RIGHT,90,false,431363,109
-2.1,1500,RIGHT,90,false,431363,110
0,1000,UP,90,false,431363,111
-3.54,1500,DOWN,90,false,431363,112
3.54,1500,LEFT,270,false,431363,113
-1.6,1000,RIGHT,270,false,431363,114
0.7,1500,UP,270,false,431363,115
0,1000,UP,270,false,431363,116
-0.7,1500,RIGHT,270,false,431363,117
-3.2,1000,UP,270,false,431363,118
3.2,1000,RIGHT,270,false,431363,119
-0.7,1500,UP,270,false,431363,120
2.1,1500,LEFT,270,false,431363,121
-1.6,1000,RIGHT,270,false,431363,122
0,1500,DOWN,270,false,431363,123
-1.4,1500,LEFT,270,false,431363,124
0.7,1500,LEFT,270,false,431363,125
-1.6,1000,UP,270,false,431363,126
1.4,1500,LEFT,270,false,431363,127
3.2,1000,LEFT,270,false,431363,128
4.8,1000,RIGHT,270,false,431363,129
1.06666,1000,UP,270,false,431363,130
-1.4,1500,DOWN,270,false,431363,131
1.6,1000,RIGHT,270,false,431363,132
-0.7,1500,LEFT,270,false,431363,133
3.54,1500,DOWN,270,false,431363,134
1.06666,1000,LEFT,270,false,431363,135
-0.7,1500,RIGHT,270,false,431363,136
2.1,1500,RIGHT,270,false,431363,137
0,1500,LEFT,270,false,431363,138
0,1000,DOWN,270,false,431363,139
1.06666,1000,RIGHT,270,false,431363,140
1.4,1500,LEFT,90,false,431363,141
-4.8,1000,LEFT,90,false,431363,142
1.6,1000,DOWN,90,false,431363,143
1.06666,1000,DOWN,90,false,431363,144
-0.7,1500,RIGHT,90,false,431363,145
-0.7,1500,UP,90,false,431363,146
0,1000,RIGHT,90,false,431363,147
0,1500,UP,90,false,431363,148
0.7,1500,LEFT,90,false,431363,149
-3.2,1000,UP,90,false,431363,150
-1.4,1500,UP,90,false,431363,151
-0.7,1500,DOWN,90,false,431363,152
-1.6,1000,DOWN,90,false,431363,153
4.8,1000,RIGHT,90,false,431363,154
-1.4,1500,LEFT,90,false,431363,155
-1.06666,1000,LEFT,90,false,431363,156
0,1000,DOWN,90,false,431363,157
2.1,1500,UP,90,false,431363,158
-0.7,1500,LEFT,90,false,431363,159
-4.8,1000,DOWN,90,false,431363,160
0.7,1500,RIGHT,90,false,431363,161
0.7,1500,DOWN,90,false,431363,162
1.4,1500,UP,90,false,431363,163
-0.7,1500,RIGHT,90,false,431363,164
3.54,1500,LEFT,90,false,431363,165
-3.2,1000,RIGHT,90,false,431363,166
0,1500,DOWN,90,false,431363,167
-3.54,1500,LEFT,90,false,431363,168
-1.4,1500,UP,270,false,431363,169
-1.6,1000,DOWN,270,false,431363,170
-0.7,1500,DOWN,270,false,431363,171
3.54,1500,UP,270,false,431363,172
-1.4,1500,RIGHT,270,false,431363,173
-4.8,1000,RIGHT,270,false,431363,174
0,1500,DOWN,270,false,431363,175
1.4,1500,UP,270,false,431363,176
-1.06666,1000,DOWN,270,false,431363,177
-3.54,1500,LEFT,270,false,431363,178
0.7,1500,RIGHT,270,false,431363,179
1.6,1000,UP,270,false,431363,180
0.7,1500,RIGHT,270,false,431363,181
-1.06666,1000,LEFT,270,false,431363,182
-3.54,1500,UP,270,false,431363,183
0.7,1500,DOWN,270,false,431363,184
-0.7,1500,DOWN,270,false,431363,185
0.7,1500,DOWN,270,false,431363,186
0,1000,LEFT,270,false,431363,187
3.2,1000,DOWN,270,false,431363,188
0,1500,RIGHT,270,false,431363,189
4.8,1000,UP,270,false,431363,190
-4.8,1000,DOWN,270,false,431363,191
1.4,1500,LEFT,270,false,431363,192
1.4,1500,RIGHT,270,false,431363,193
-2.1,1500,UP,270,false,431363,194
0.7,1500,UP,270,false,431363,195
-0.7,1500,LEFT,270,false,431363,196
0,1500,LEFT,90,false,431363,197
-3.2,1000,DOWN,90,false,431363,198
0,1500,DOWN,90,false,431363,199
-4.8,1000,UP,90,false,431363,200
3.2,1000,DOWN,90,false,431363,201
-3.2,1000,LEFT,90,false,431363,202
-3.54,1500,RIGHT,90,false,431363,203
0.7,1500,UP,90,false,431363,204
-1.6,1000,LEFT,90,false,431363,205
0,1500,UP,90,false,431363,206
-2.1,1500,UP,90,false,431363,207
1.06666,1000,RIGHT,90,false,431363,208
1.06666,1000,UP,90,false,431363,209
-1.6,1000,RIGHT,90,false,431363,210
0.7,1500,RIGHT,90,false,431363,211
1.6,1000,RIGHT,90,false,431363,212
0.7,1500,DOWN,90,false,431363,213
-0.7,1500,LEFT,90,false,431363,214
3.54,1500,DOWN,90,false,431363,215
1.6,1000,LEFT,90,false,431363,216
-1.4,1500,UP,90,false,431363,217
1.6,1000,LEFT,90,false,431363,218
-0.7,1500,UP,90,false,431363,219
0.7,1500,UP,90,false,431363,220
1.6,1000,UP,90,false,431363,221
0.7,1500,UP,90,false,431363,222
-1.6,1000,DOWN,90,false,431363,223
-0.7,1500,DOWN,90,false,431363,224
2.1,1500,UP,0,true,431365,1
3.2,1000,RIGHT,0,true,431365,2
3.2,1000,LEFT,0,true,431365,3
-3.2,1000,LEFT,0,true,431365,4
-3.2,1000,RIGHT,0,true,431365,5
-2.1,1500,DOWN,0,true,431365,6
-2.1,1500,UP,0,true,431365,7
2.1,1500,LEFT,0,true,431365,8
3.2,1000,DOWN,0,true,431365,9
2.1,1500,DOWN,0,true,431365,10
-2.1,1500,LEFT,0,true,431365,11
-3.2,1000,DOWN,0,true,431365,12
-3.2,1000,UP,0,true,431365,13
2.1,1500,RIGHT,0,true,431365,14
3.2,1000,UP,0,true,431365,15
-2.1,1500,RIGHT,0,true,431365,16
-2.1,1500,DOWN,90,false,431365,1
3.2,1000,LEFT,90,false,431365,2
1.6,1000,LEFT,90,false,431365,3
2.1,1500,UP,90,false,431365,4
1.4,1500,DOWN,90,false,431365,5
-1.6,1000,LEFT,90,false,431365,6
0,1000,LEFT,90,false,431365,7
2.1,1500,DOWN,90,false,431365,8
-0.7,1500,RIGHT,90,false,431365,9
-0.7,1500,LEFT,90,false,431365,10
1.4,1500,LEFT,90,false,431365,11
-3.2,1000,RIGHT,90,false,431365,12
4.8,1000,RIGHT,90,false,431365,13
0.7,1500,LEFT,90,false,431365,14
0,1500,DOWN,90,false,431365,15
-4.8,1000,LEFT,90,false,431365,16
-2.1,1500,LEFT,90,false,431365,17
-3.54,1500,RIGHT,90,false,431365,18
-1.06666,1000,RIGHT,90,false,431365,19
1.4,1500,UP,90,false,431365,20
1.4,1500,UP,90,false,431365,21
1.6,1000,UP,90,false,431365,22
-4.8,1000,UP,90,false,431365,23
-0.7,1500,DOWN,90,false,431365,24
0,1500,UP,90,false,431365,25
-1.06666,1000,UP,90,false,431365,26
1.6,1000,UP,90,false,431365,27
-3.54,1500,LEFT,90,false,431365,28
0,1000,DOWN,270,false,431365,29
-1.6,1000,RIGHT,270,false,431365,30
-1.6,1000,UP,270,false,431365,31
-3.2,1000,RIGHT,270,false,431365,32
-1.06666,1000,UP,270,false,431365,33
0,1500,LEFT,270,false,431365,34
1.06666,1000,DOWN,270,false,431365,35
3.54,1500,UP,270,false,431365,36
-0.7,1500,DOWN,270,false,431365,37
-1.6,1000,DOWN,270,false,431365,38
3.2,1000,LEFT,270,false,431365,39
-1.6,1000,UP,270,false,431365,40
0.7,1500,LEFT,270,false,431365,41
4.8,1000,DOWN,270,false,431365,42
2.1,1500,DOWN,270,false,431365,43
2.1,1500,LEFT,270,false,431365,44
1.6,1000,RIGHT,270,false,431365,45
0,1500,DOWN,270,false,431365,46
4.8,1000,RIGHT,270,false,431365,47
-2.1,1500,DOWN,270,false,431365,48
1.6,1000,LEFT,270,false,431365,49
0,1500,DOWN,270,false,431365,50
1.06666,1000,RIGHT,270,false,431365,51
1.6,1000,LEFT,270,false,431365,52
0.7,1500,DOWN,270,false,431365,53
0.7,1500,LEFT,270,false,431365,54
-4.8,1000,LEFT,270,false,431365,55
3.2,1000,RIGHT,270,false,431365,56
1.4,1500,RIGHT,90,false,431365,57
2.1,1500,RIGHT,90,false,431365,58
-1.4,1500,RIGHT,90,false,431365,59
4.8,1000,DOWN,90,false,431365,60
-1.6,1000,LEFT,90,false,431365,61
-3.2,1000,LEFT,90,false,431365,62
-1.6,1000,UP,90,false,431365,63
-0.7,1500,RIGHT,90,false,431365,64
-1.6,1000,RIGHT,90,false,431365,65
-0.7,1500,LEFT,90,false,431365,66
3.2,1000,DOWN,90,false,431365,67
-2.1,1500,UP,90,false,431365,68
0,1500,RIGHT,90,false,431365,69
0,1000,UP,90,false,431365,70
1.6,1000,DOWN,90,false,431365,71
-3.54,1500,UP,90,false,431365,72
-0.7,1500,LEFT,90,false,431365,73
3.54,1500,LEFT,90,false,431365,74
-1.4,1500,UP,90,false,431365,75
-0.7,1500,UP,90,false,431365,76
-1.4,1500,DOWN,90,false,431365,77
1.06666,1000,DOWN,90,false,431365,78
-1.6,1000,DOWN,90,false,431365,79
0,1000,UP,90,false,431365,80
0,1500,LEFT,90,false,431365,81
0,1500,RIGHT,90,false,431365,82
0.7,1500,UP,90,false,431365,83
3.54,1500,RIGHT,90,false,431365,84
-1.6,1000,RIGHT,270,false,431365,85
0,1500,UP,270,false,431365,86
0,1000,UP,270,false,431365,87
1.4,1500,RIGHT,270,false,431365,88
-0.7,1500,LEFT,270,false,431365,89
-3.2,1000,LEFT,270,false,431365,90
2.1,1500,RIGHT,270,false,431365,91
0.7,1500,LEFT,270,false,431365,92
1.6,1000,DOWN,270,false,431365,93
1.6,1000,UP,270,false,431365,94
-1.6,1000,DOWN,270,false,431365,95
0,1500,LEFT,270,false,431365,96
-0.7,1500,RIGHT,270,false,431365,97
3.2,1000,DOWN,270,false,431365,98
-3.54,1500,UP,270,false,431365,99
1.6,1000,UP,270,false,431365,100
0.7,1500,DOWN,270,false,431365,101
3.2,1000,UP,270,false,431365,102
-0.7,1500,UP,270,false,431365,103
0.7,1500,UP,270,false,431365,104
0,1500,UP,270,false,431365,105
-1.4,1500,LEFT,270,false,431365,106
0,1000,RIGHT,270,false,431365,107
1.4,1500,LEFT,270,false,431365,108
0,1500,RIGHT,270,false,431365,109
1.6,1000,RIGHT,270,false,431365,110
3.54,1500,RIGHT,270,false,431365,111
4.8,1000,LEFT,270,false,431365,112
1.4,1500,RIGHT,90,false,431365,113
0,1500,DOWN,90,false,431365,114
4.8,1000,UP,90,false,431365,115
-3.54,1500,DOWN,90,false,431365,116
-3.2,1000,UP,90,false,431365,117
4.8,1000,LEFT,90,false,431365,118
0,1000,DOWN,90,false,431365,119
-0.7,1500,RIGHT,90,false,431365,120
0.7,1500,LEFT,90,false,431365,121
1.6,1000,RIGHT,90,false,431365,122
0.7,1500,DOWN,90,false,431365,123
0.7,1500,DOWN,90,false,431365,124
-1.4,1500,LEFT,90,false,431365,125
0.7,1500,RIGHT,90,false,431365,126
-4.8,1000,RIGHT,90,false,431365,127
-1.06666,1000,DOWN,90,false,431365,128
0,1000,LEFT,90,false,431365,129
3.2,1000,RIGHT,90,false,431365,130
-4.8,1000,DOWN,90,false,431365,131
1.6,1000,LEFT,90,false,431365,132
-1.4,1500,RIGHT,90,false,431365,133
1.06666,1000,RIGHT,90,false,431365,134
0.7,1500,RIGHT,90,false,431365,135
-0.7,1500,DOWN,90,false,431365,136
0,1000,DOWN,90,false,431365,137
0.7,1500,UP,90,false,431365,138
1.6,1000,DOWN,90,false,431365,139
2.1,1500,LEFT,90,false,431365,140
1.6,1000,DOWN,270,false,431365,141
0.7,1500,UP,270,false,431365,142
-1.4,1500,LEFT,270,false,431365,143
0,1500,RIGHT,270,false,431365,144
-3.2,1000,DOWN,270,false,431365,145
-1.4,1500,RIGHT,270,false,431365,146
1.4,1500,DOWN,270,false,431365,147
-3.54,1500,LEFT,270,false,431365,148
1.4,1500,UP,270,false,431365,149
2.1,1500,UP,270,false,431365,150
-0.7,1500,DOWN,270,false,431365,151
-3.54,1500,DOWN,270,false,431365,152
-4.8,1000,RIGHT,270,false,431365,153
-0.7,1500,DOWN,270,false,431365,154
-1.06666,1000,RIGHT,270,false,431365,155
1.4,1500,RIGHT,270,false,431365,156
-1.6,1000,LEFT,270,false,431365,157
-3.2,1000,UP,270,false,431365,158
-2.1,1500,RIGHT,270,false,431365,159
3.54,1500,DOWN,270,false,431365,160
0.7,1500,DOWN,270,false,431365,161
-1.06666,1000,DOWN,270,false,431365,162
0,1000,DOWN,270,false,431365,163
-1.4,1500,DOWN,270,false,431365,164
-0.7,1500,RIGHT,270,false,431365,165
0,1000,RIGHT,270,false,431365,166
-4.8,1000,DOWN,270,false,431365,167
1.06666,1000,UP,270,false,431365,168
0,1000,RIGHT,90,false,431365,169
-0.7,1500,UP,90,false,431365,170
-1.4,1500,LEFT,90,false,431365,171
1.4,1500,LEFT,90,false,431365,172
-1.6,1000,DOWN,90,false,431365,173
0,1000,RIGHT,90,false,431365,174
-1.06666,1000,LEFT,90,false,431365,175
3.54,1500,DOWN,90,false,431365,176
-3.2,1000,DOWN,90,false,431365,177
3.2,1000,UP,90,false,431365,178
3.54,1500,UP,90,false,431365,179
-1.6,1000,RIGHT,90,false,431365,180
-1.4,1500,DOWN,90,false,431365,181
0.7,1500,UP,90,false,431365,182
0.7,1500,LEFT,90,false,431365,183
1.4,1500,DOWN,90,false,431365,184
-0.7,1500,DOWN,90,false,431365,185
-0.7,1500,UP,90,false,431365,186
-1.6,1000,UP,90,false,431365,187
-2.1,1500,RIGHT,90,false,431365,188
0.7,1500,DOWN,90,false,431365,189
1.6,1000,RIGHT,90,false,431365,190
1.06666,1000,LEFT,90,false,431365,191
0,1500,LEFT,90,false,431365,192
0.7,1500,RIGHT,90,false,431365,193
1.06666,1000,UP,90,false,431365,194
-1.4,1500,UP,90,false,431365,195
0,1500,UP,90,false,431365,196
-0.7,1500,RIGHT,270,false,431365,197
0.7,1500,RIGHT,270,false,431365,198
1.4,1500,LEFT,270,false,431365,199
-1.4,1500,RIGHT,270,false,431365,200
-0.7,1500,UP,270,false,431365,201
-1.6,1000,LEFT,270,false,431365,202
0.7,1500,RIGHT,270,false,431365,203
-2.1,1500,UP,270,false,431365,204
-1.4,1500,UP,270,false,431365,205
0.7,1500,UP,270,false,431365,206
-0.7,1500,LEFT,270,false,431365,207
-2.1,1500,LEFT,270,false,431365,208
-1.4,1500,DOWN,270,false,431365,209
-0.7,1500,UP,270,false,431365,210
-1.06666,1000,LEFT,270,false,431365,211
4.8,1000,UP,270,false,431365,212
0,1000,LEFT,270,false,431365,213
1.4,1500,DOWN,270,false,431365,214
0,1000,LEFT,270,false,431365,215
1.4,1500,UP,270,false,431365,216
-0.7,1500,LEFT,270,false,431365,217
1.06666,1000,LEFT,270,false,431365,218
-3.54,1500,RIGHT,270,false,431365,219
-1.4,1500,UP,270,false,431365,220
3.54,1500,LEFT,270,false,431365,221
0,1000,UP,270,false,431365,222
0.7,1500,RIGHT,270,false,431365,223
-4.8,1000,UP,270,false,431365,224
-3.2,1000,RIGHT,0,true,431344,1
-3.2,1000,LEFT,0,true,431344,2
2.1,1500,UP,0,true,431344,3
2.1,1500,LEFT,0,true,431344,4
3.2,1000,LEFT,0,true,431344,5
3.2,1000,RIGHT,0,true,431344,6
-2.1,1500,DOWN,0,true,431344,7
-2.1,1500,LEFT,0,true,431344,8
2.1,1500,DOWN,0,true,431344,9
-2.1,1500,UP,0,true,431344,10
3.2,1000,DOWN,0,true,431344,11
-3.2,1000,DOWN,0,true,431344,12
2.1,1500,RIGHT,0,true,431344,13
3.2,1000,UP,0,true,431344,14
-3.2,1000,UP,0,true,431344,15
-2.1,1500,RIGHT,0,true,431344,16
0.7,1500,LEFT,90,false,431344,1
-2.1,1500,DOWN,90,false,431344,2
-1.06666,1000,UP,90,false,431344,3
0.7,1500,LEFT,90,false,431344,4
0,1000,RIGHT,90,false,431344,5
1.6,1000,DOWN,90,false,431344,6
0,1500,UP,90,false,431344,7
0.7,1500,DOWN,90,false,431344,8
1.6,1000,UP,90,false,431344,9
-1.4,1500,LEFT,90,false,431344,10
2.1,1500,LEFT,90,false,431344,11
0.7,1500,DOWN,90,false,431344,12
0.7,1500,UP,90,false,431344,13
0,1500,DOWN,90,false,431344,14
-0.7,1500,DOWN,90,false,431344,15
0,1000,LEFT,90,false,431344,16
-0.7,1500,LEFT,90,false,431344,17
1.6,1000,UP,90,false,431344,18
0,1000,DOWN,90,false,431344,19
-1.4,1500,RIGHT,90,false,431344,20
0,1000,DOWN,90,false,431344,21
0,1000,UP,90,false,431344,22
-0.7,1500,RIGHT,90,false,431344,23
3.54,1500,RIGHT,90,false,431344,24
3.54,1500,UP,90,false,431344,25
4.8,1000,DOWN,90,false,431344,26
2.1,1500,UP,90,false,431344,27
-1.6,1000,DOWN,90,false,431344,28
-1.4,1500,RIGHT,270,false,431344,29
-0.7,1500,DOWN,270,false,431344,30
1.6,1000,LEFT,270,false,431344,31
-2.1,1500,UP,270,false,431344,32
-4.8,1000,RIGHT,270,false,431344,33
1.06666,1000,DOWN,270,false,431344,34
0,1000,UP,270,false,431344,35
1.6,1000,LEFT,270,false,431344,36
1.06666,1000,UP,270,false,431344,37
-2.1,1500,DOWN,270,false,431344,38
-0.7,1500,UP,270,false,431344,39
0,1000,LEFT,270,false,431344,40
-0.7,1500,UP,270,false,431344,41
-0.7,1500,RIGHT,270,false,431344,42
-1.06666,1000,DOWN,270,false,431344,43
0.7,1500,RIGHT,270,false,431344,44
0,1500,UP,270,false,431344,45
1.4,1500,DOWN,270,false,431344,46
0,1000,DOWN,270,false,431344,47
-1.4,1500,DOWN,270,false,431344,48
0.7,1500,UP,270,false,431344,49
-0.7,1500,LEFT,270,false,431344,50
-1.4,1500,RIGHT,270,false,431344,51
-1.6,1000,UP,270,false,431344,52
0,1500,DOWN,270,false,431344,53
0,1500,LEFT,270,false,431344,54
-3.54,1500,LEFT,270,false,431344,55
-0.7,1500,DOWN,270,false,431344,56
-3.2,1000,RIGHT,90,false,431344,57
-1.6,1000,LEFT,90,false,431344,58
4.8,1000,LEFT,90,false,431344,59
1.4,1500,LEFT,90,false,431344,60
1.06666,1000,UP,90,false,431344,61
-0.7,1500,LEFT,90,false,431344,62
0,1000,UP,90,false,431344,63
1.06666,1000,RIGHT,90,false,431344,64
0,1000,RIGHT,90,false,431344,65
-1.6,1000,RIGHT,90,false,431344,66
3.2,1000,DOWN,90,false,431344,67
-0.7,1500,DOWN,90,false,431344,68
-3.54,1500,RIGHT,90,false,431344,69
1.6,1000,LEFT,90,false,431344,70
-2.1,1500,RIGHT,90,false,431344,71
-3.2,1000,DOWN,90,false,431344,72
3.2,1000,RIGHT,90,false,431344,73
1.6,1000,DOWN,90,false,431344,74
0.7,1500,RIGHT,90,false,431344,75
-3.2,1000,UP,90,false,431344,76
3.54,1500,LEFT,90,false,431344,77
1.6,1000,LEFT,90,false,431344,78
1.4,1500,RIGHT,90,false,431344,79
-2.1,1500,UP,90,false,431344,80
-0.7,1500,RIGHT,90,false,431344,81
1.6,1000,RIGHT,90,false,431344,82
1.4,1500,DOWN,90,false,431344,83
-4.8,1000,RIGHT,90,false,431344,84
3.2,1000,UP,270,false,431344,85
-0.7,1500,UP,270,false,431344,86
1.4,1500,LEFT,270,false,431344,87
-3.54,1500,DOWN,270,false,431344,88
0,1500,LEFT,270,false,431344,89
-3.2,1000,DOWN,270,false,431344,90
-1.6,1000,RIGHT,270,false,431344,91
4.8,1000,UP,270,false,431344,92
0.7,1500,UP,270,false,431344,93
-4.8,1000,DOWN,270,false,431344,94
-1.06666,1000,LEFT,270,false,431344,95
1.4,1500,UP,270,false,431344,96
0,1500,UP,270,false,431344,97
0,1000,RIGHT,270,false,431344,98
-0.7,1500,LEFT,270,false,431344,99
-1.4,1500,LEFT,270,false,431344,100
1.6,1000,UP,270,false,431344,101
4.8,1000,DOWN,270,false,431344,102
-0.7,1500,RIGHT,270,false,431344,103
4.8,1000,LEFT,270,false,431344,104
0.7,1500,DOWN,270,false,431344,105
-1.4,1500,LEFT,270,false,431344,106
0.7,1500,RIGHT,270,false,431344,107
-4.8,1000,LEFT,270,false,431344,108
1.06666,1000,RIGHT,270,false,431344,109
-1.6,1000,DOWN,270,false,431344,110
1.4,1500,RIGHT,270,false,431344,111
0,1000,DOWN,270,false,431344,112
0,1500,RIGHT,90,false,431344,113
-0.7,1500,UP,90,false,431344,114
0.7,1500,LEFT,90,false,431344,115
1.4,1500,RIGHT,90,false,431344,116
-4.8,1000,DOWN,90,false,431344,117
0,1500,LEFT,90,false,431344,118
-1.6,1000,UP,90,false,431344,119
0,1000,LEFT,90,false,431344,120
-1.06666,1000,RIGHT,90,false,431344,121
3.54,1500,DOWN,90,false,431344,122
-3.54,1500,UP,90,false,431344,123
-1.4,1500,LEFT,90,false,431344,124
4.8,1000,RIGHT,90,false,431344,125
0.7,1500,RIGHT,90,false,431344,126
-4.8,1000,UP,90,false,431344,127
0.7,1500,UP,90,false,431344,128
-1.4,1500,DOWN,90,false,431344,129
-0.7,1500,LEFT,90,false,431344,130
-1.6,1000,DOWN,90,false,431344,131
-1.4,1500,UP,90,false,431344,132
-1.06666,1000,LEFT,90,false,431344,133
3.2,1000,LEFT,90,false,431344,134
3.2,1000,UP,90,false,431344,135
0,1500,UP,90,false,431344,136
-1.6,1000,UP,90,false,431344,137
1.4,1500,DOWN,90,false,431344,138
0,1500,RIGHT,90,false,431344,139
-3.54,1500,DOWN,90,false,431344,140
1.6,1000,RIGHT,270,false,431344,141
3.54,1500,LEFT,270,false,431344,142
-0.7,1500,LEFT,270,false,431344,143
4.8,1000,RIGHT,270,false,431344,144
0,1500,RIGHT,270,false,431344,145
-1.6,1000,LEFT,270,false,431344,146
2.1,1500,UP,270,false,431344,147
3.2,1000,LEFT,270,false,431344,148
3.2,1000,DOWN,270,false,431344,149
-3.2,1000,UP,270,false,431344,150
-1.4,1500,UP,270,false,431344,151
0,1000,UP,270,false,431344,152
1.6,1000,UP,270,false,431344,153
2.1,1500,RIGHT,270,false,431344,154
-1.06666,1000,UP,270,false,431344,155
-2.1,1500,LEFT,270,false,431344,156
-1.6,1000,UP,270,false,431344,157
0.7,1500,UP,270,false,431344,158
-4.8,1000,UP,270,false,431344,159
0.7,1500,RIGHT,270,false,431344,160
1.6,1000,RIGHT,270,false,431344,161
-1.06666,1000,RIGHT,270,false,431344,162
-3.2,1000,LEFT,270,false,431344,163
0.7,1500,DOWN,270,false,431344,164
0,1500,RIGHT,270,false,431344,165
0,1000,LEFT,270,false,431344,166
-1.6,1000,DOWN,270,false,431344,167
2.1,1500,LEFT,270,false,431344,168
0.7,1500,RIGHT,90,false,431344,169
0.7,1500,DOWN,90,false,431344,170
2.1,1500,DOWN,90,false,431344,171
1.4,1500,UP,90,false,431344,172
-3.54,1500,LEFT,90,false,431344,173
-1.4,1500,DOWN,90,false,431344,174
-0.7,1500,DOWN,90,false,431344,175
0,1500,LEFT,90,false,431344,176
1.06666,1000,DOWN,90,false,431344,177
-1.4,1500,UP,90,false,431344,178
0.7,1500,UP,90,false,431344,179
-0.7,1500,UP,90,false,431344,180
-0.7,1500,RIGHT,90,false,431344,181
1.4,1500,LEFT,90,false,431344,182
-3.2,1000,LEFT,90,false,431344,183
1.06666,1000,LEFT,90,false,431344,184
2.1,1500,RIGHT,90,false,431344,185
4.8,1000,UP,90,false,431344,186
1.4,1500,UP,90,false,431344,187
-1.6,1000,LEFT,90,false,431344,188
0,1500,DOWN,90,false,431344,189
-1.06666,1000,DOWN,90,false,431344,190
-1.4,1500,RIGHT,90,false,431344,191
-1.6,1000,RIGHT,90,false,431344,192
-4.8,1000,LEFT,90,false,431344,193
1.6,1000,RIGHT,90,false,431344,194
-0.7,1500,UP,90,false,431344,195
-2.1,1500,LEFT,90,false,431344,196
0,1000,RIGHT,270,false,431344,197
-0.7,1500,DOWN,270,false,431344,198
-1.6,1000,LEFT,270,false,431344,199
-1.6,1000,RIGHT,270,false,431344,200
3.54,1500,RIGHT,270,false,431344,201
-1.4,1500,UP,270,false,431344,202
1.4,1500,RIGHT,270,false,431344,203
1.6,1000,DOWN,270,false,431344,204
3.54,1500,DOWN,270,false,431344,205
1.4,1500,UP,270,false,431344,206
-2.1,1500,RIGHT,270,false,431344,207
0.7,1500,LEFT,270,false,431344,208
1.06666,1000,LEFT,270,false,431344,209
1.4,1500,LEFT,270,false,431344,210
-0.7,1500,RIGHT,270,false,431344,211
0.7,1500,LEFT,270,false,431344,212
0,1500,DOWN,270,false,431344,213
-1.4,1500,DOWN,270,false,431344,214
0.7,1500,LEFT,270,false,431344,215
1.4,1500,DOWN,270,false,431344,216
1.6,1000,DOWN,270,false,431344,217
3.54,1500,UP,270,false,431344,218
-3.54,1500,UP,270,false,431344,219
2.1,1500,DOWN,270,false,431344,220
-3.2,1000,RIGHT,270,false,431344,221
0.7,1500,DOWN,270,false,431344,222
3.2,1000,RIGHT,270,false,431344,223
-3.54,1500,RIGHT,270,false,431344,224
3.2,1000,RIGHT,0,true,431368,1
2.1,1500,LEFT,0,true,431368,2
-3.2,1000,LEFT,0,true,431368,3
-3.2,1000,RIGHT,0,true,431368,4
2.1,1500,UP,0,true,431368,5
-3.2,1000,DOWN,0,true,431368,6
3.2,1000,UP,0,true,431368,7
-2.1,1500,DOWN,0,true,431368,8
-2.1,1500,UP,0,true,431368,9
-2.1,1500,LEFT,0,true,431368,10
2.1,1500,RIGHT,0,true,431368,11
-2.1,1500,RIGHT,0,true,431368,12
2.1,1500,DOWN,0,true,431368,13
3.2,1000,LEFT,0,true,431368,14
3.2,1000,DOWN,0,true,431368,15
-3.2,1000,UP,0,true,431368,16
-1.6,1000,LEFT,90,false,431368,1
-0.7,1500,UP,90,false,431368,2
0.7,1500,DOWN,90,false,431368,3
3.2,1000,RIGHT,90,false,431368,4
-1.6,1000,RIGHT,90,false,431368,5
1.4,1500,UP,90,false,431368,6
-2.1,1500,RIGHT,90,false,431368,7
1.4,1500,DOWN,90,false,431368,8
-3.54,1500,RIGHT,90,false,431368,9
-1.6,1000,UP,90,false,431368,10
3.2,1000,DOWN,90,false,431368,11
0.7,1500,RIGHT,90,false,431368,12
-4.8,1000,DOWN,90,false,431368,13
-0.7,1500,DOWN,90,false,431368,14
-3.2,1000,DOWN,90,false,431368,15
-1.06666,1000,DOWN,90,false,431368,16
0,1000,UP,90,false,431368,17
0,1000,DOWN,90,false,431368,18
0.7,1500,LEFT,90,false,431368,19
0.7,1500,RIGHT,90,false,431368,20
2.1,1500,RIGHT,90,false,431368,21
0,1000,RIGHT,90,false,431368,22
-3.2,1000,LEFT,90,false,431368,23
0,1500,RIGHT,90,false,431368,24
0,1000,DOWN,90,false,431368,25
1.6,1000,RIGHT,90,false,431368,26
0,1000,RIGHT,90,false,431368,27
-4.8,1000,RIGHT,90,false,431368,28
0.7,1500,RIGHT,270,false,431368,29
-4.8,1000,RIGHT,270,false,431368,30
3.2,1000,UP,270,false,431368,31
1.4,1500,DOWN,270,false,431368,32
1.6,1000,UP,270,false,431368,33
-4.8,1000,UP,270,false,431368,34
3.54,1500,RIGHT,270,false,431368,35
2.1,1500,RIGHT,270,false,431368,36
-1.4,1500,RIGHT,270,false,431368,37
0,1000,RIGHT,270,false,431368,38
-1.4,1500,DOWN,270,false,431368,39
1.6,1000,DOWN,270,false,431368,40
-1.4,1500,LEFT,270,false,431368,41
-1.6,1000,LEFT,270,false,431368,42
0.7,1500,DOWN,270,false,431368,43
1.6,1000,UP,270,false,431368,44
0,1000,DOWN,270,false,431368,45
4.8,1000,UP,270,false,431368,46
0.7,1500,LEFT,270,false,431368,47
-0.7,1500,LEFT,270,false,431368,48
1.4,1500,UP,270,false,431368,49
1.4,1500,RIGHT,270,false,431368,50
-3.54,1500,LEFT,270,false,431368,51
-0.7,1500,LEFT,270,false,431368,52
-3.2,1000,RIGHT,270,false,431368,53
0,1500,RIGHT,270,false,431368,54
-1.4,1500,RIGHT,270,false,431368,55
-0.7,1500,LEFT,270,false,431368,56
1.6,1000,LEFT,90,false,431368,57
1.6,1000,DOWN,90,false,431368,58
1.6,1000,LEFT,90,false,431368,59
-4.8,1000,UP,90,false,431368,60
0.7,1500,UP,90,false,431368,61
-1.6,1000,UP,90,false,431368,62
0,1000,UP,90,false,431368,63
-0.7,1500,RIGHT,90,false,431368,64
0,1500,DOWN,90,false,431368,65
-1.06666,1000,UP,90,false,431368,66
1.4,1500,LEFT,90,false,431368,67
3.54,1500,UP,90,false,431368,68
-1.6,1000,LEFT,90,false,431368,69
-1.4,1500,DOWN,90,false,431368,70
-0.7,1500,LEFT,90,false,431368,71
0.7,1500,LEFT,90,false,431368,72
0.7,1500,LEFT,90,false,431368,73
-1.6,1000,RIGHT,90,false,431368,74
-3.54,1500,DOWN,90,false,431368,75
0.7,1500,DOWN,90,false,431368,76
-1.4,1500,LEFT,90,false,431368,77
0,1500,DOWN,90,false,431368,78
-0.7,1500,LEFT,90,false,431368,79
2.1,1500,UP,90,false,431368,80
1.4,1500,LEFT,90,false,431368,81
-1.4,1500,RIGHT,90,false,431368,82
0,1500,UP,90,false,431368,83
-1.4,1500,LEFT,90,false,431368,84
0,1500,UP,270,false,431368,85
-0.7,1500,UP,270,false,431368,86
-3.54,1500,DOWN,270,false,431368,87
-1.06666,1000,LEFT,270,false,431368,88
0.7,1500,UP,270,false,431368,89
-2.1,1500,RIGHT,270,false,431368,90
-1.6,1000,DOWN,270,false,431368,91
4.8,1000,LEFT,270,false,431368,92
0,1000,DOWN,270,false,431368,93
-0.7,1500,RIGHT,270,false,431368,94
0.7,1500,UP,270,false,431368,95
4.8,1000,DOWN,270,false,431368,96
-0.7,1500,DOWN,270,false,431368,97
-1.6,1000,RIGHT,270,false,431368,98
0.7,1500,DOWN,270,false,431368,99
-1.4,1500,LEFT,270,false,431368,100
2.1,1500,DOWN,270,false,431368,101
3.54,1500,DOWN,270,false,431368,102
-3.2,1000,DOWN,270,false,431368,103
1.6,1000,LEFT,270,false,431368,104
1.06666,1000,UP,270,false,431368,105
-0.7,1500,RIGHT,270,false,431368,106
0,1000,RIGHT,270,false,431368,107
-1.06666,1000,RIGHT,270,false,431368,108
-1.06666,1000,DOWN,270,false,431368,109
0,1500,DOWN,270,false,431368,110
1.4,1500,UP,270,false,431368,111
1.4,1500,LEFT,270,false,431368,112
1.06666,1000,RIGHT,90,false,431368,113
-3.54,1500,UP,90,false,431368,114
-1.4,1500,RIGHT,90,false,431368,115
3.54,1500,RIGHT,90,false,431368,116
0,1500,LEFT,90,false,431368,117
-3.2,1000,UP,90,false,431368,118
1.06666,1000,DOWN,90,false,431368,119
1.4,1500,RIGHT,90,false,431368,120
-2.1,1500,DOWN,90,false,431368,121
-4.8,1000,LEFT,90,false,431368,122
1.6,1000,DOWN,90,false,431368,123
-2.1,1500,UP,90,false,431368,124
0.7,1500,RIGHT,90,false,431368,125
-1.06666,1000,RIGHT,90,false,431368,126
-0.7,1500,UP,90,false,431368,127
-1.4,1500,UP,90,false,431368,128
-3.2,1000,RIGHT,90,false,431368,129
-3.54,1500,LEFT,90,false,431368,130
3.2,1000,UP,90,false,431368,131
-1.4,1500,DOWN,90,false,431368,132
3.54,1500,DOWN,90,false,431368,133
2.1,1500,DOWN,90,false,431368,134
-1.6,1000,DOWN,90,false,431368,135
-0.7,1500,RIGHT,90,false,431368,136
-1.6,1000,DOWN,90,false,431368,137
0.7,1500,UP,90,false,431368,138
1.06666,1000,UP,90,false,431368,139
1.4,1500,RIGHT,90,false,431368,140
0,1000,UP,270,false,431368,141
-1.6,1000,UP,270,false,431368,142
0,1000,UP,270,false,431368,143
-1.6,1000,LEFT,270,false,431368,144
-1.6,1000,RIGHT,270,false,431368,145
4.8,1000,RIGHT,270,false,431368,146
-2.1,1500,UP,270,false,431368,147
-4.8,1000,DOWN,270,false,431368,148
-1.4,1500,UP,270,false,431368,149
1.4,1500,RIGHT,270,false,431368,150
0,1500,LEFT,270,false,431368,151
3.2,1000,DOWN,270,false,431368,152
2.1,1500,LEFT,270,false,431368,153
3.54,1500,LEFT,270,false,431368,154
3.54,1500,UP,270,false,431368,155
0.7,1500,UP,270,false,431368,156
0,1000,LEFT,270,false,431368,157
1.6,1000,DOWN,270,false,431368,158
-1.4,1500,UP,270,false,431368,159
-3.2,1000,LEFT,270,false,431368,160
-3.2,1000,UP,270,false,431368,161
0.7,1500,LEFT,270,false,431368,162
1.4,1500,DOWN,270,false,431368,163
0.7,1500,LEFT,270,false,431368,164
3.2,1000,RIGHT,270,false,431368,165
0.7,1500,RIGHT,270,false,431368,166
1.6,1000,LEFT,270,false,431368,167
0,1500,UP,270,false,431368,168
-0.7,1500,RIGHT,90,false,431368,169
1.6,1000,UP,90,false,431368,170
4.8,1000,LEFT,90,false,431368,171
4.8,1000,DOWN,90,false,431368,172
0,1000,LEFT,90,false,431368,173
-1.4,1500,UP,90,false,431368,174
-0.7,1500,UP,90,false,431368,175
3.54,1500,LEFT,90,false,431368,176
3.2,1000,LEFT,90,false,431368,177
4.8,1000,UP,90,false,431368,178
2.1,1500,LEFT,90,false,431368,179
-0.7,1500,DOWN,90,false,431368,180
-0.7,1500,LEFT,90,false,431368,181
1.4,1500,UP,90,false,431368,182
0,1500,RIGHT,90,false,431368,183
-2.1,1500,LEFT,90,false,431368,184
-1.06666,1000,LEFT,90,false,431368,185
0.7,1500,UP,90,false,431368,186
1.6,1000,UP,90,false,431368,187
1.4,1500,DOWN,90,false,431368,188
0,1500,LEFT,90,false,431368,189
-0.7,1500,DOWN,90,false,431368,190
0.7,1500,DOWN,90,false,431368,191
0,1500,UP,90,false,431368,192
1.6,1000,RIGHT,90,false,431368,193
0,1000,LEFT,90,false,431368,194
4.8,1000,RIGHT,90,false,431368,195
1.06666,1000,LEFT,90,false,431368,196
-2.1,1500,LEFT,270,false,431368,197
-3.54,1500,UP,270,false,431368,198
0,1000,LEFT,270,false,431368,199
2.1,1500,UP,270,false,431368,200
0,1500,LEFT,270,false,431368,201
1.6,1000,RIGHT,270,false,431368,202
0.7,1500,DOWN,270,false,431368,203
3.2,1000,LEFT,270,false,431368,204
1.4,1500,LEFT,270,false,431368,205
0,1500,RIGHT,270,false,431368,206
1.06666,1000,LEFT,270,false,431368,207
-0.7,1500,DOWN,270,false,431368,208
-0.7,1500,UP,270,false,431368,209
-1.6,1000,UP,270,false,431368,210
-0.7,1500,UP,270,false,431368,211
1.06666,1000,RIGHT,270,false,431368,212
0.7,1500,RIGHT,270,false,431368,213
0,1500,DOWN,270,false,431368,214
-0.7,1500,RIGHT,270,false,431368,215
-3.54,1500,RIGHT,270,false,431368,216
-1.06666,1000,UP,270,false,431368,217
-4.8,1000,LEFT,270,false,431368,218
1.6,1000,RIGHT,270,false,431368,219
1.06666,1000,DOWN,270,false,431368,220
-1.6,1000,DOWN,270,false,431368,221
-1.4,1500,DOWN,270,false,431368,222
-0.7,1500,DOWN,270,false,431368,223
-2.1,1500,DOWN,270,false,431368,224
-3.2,1000,LEFT,0,true,431362,1
-3.2,1000,DOWN,0,true,431362,2
3.2,1000,UP,0,true,431362,3
-3.2,1000,UP,0,true,431362,4
3.2,1000,DOWN,0,true,431362,5
-2.1,1500,DOWN,0,true,431362,6
-2.1,1500,RIGHT,0,true,431362,7
2.1,1500,LEFT,0,true,431362,8
2.1,1500,DOWN,0,true,431362,9
2.1,1500,RIGHT,0,true,431362,10
2.1,1500,UP,0,true,431362,11
3.2,1000,LEFT,0,true,431362,12
3.2,1000,RIGHT,0,true,431362,13
-2.1,1500,LEFT,0,true,431362,14
-3.2,1000,RIGHT,0,true,431362,15
-2.1,1500,UP,0,true,431362,16
-0.7,1500,RIGHT,90,false,431362,1
1.6,1000,UP,90,false,431362,2
0,1500,DOWN,90,false,431362,3
0,1000,UP,90,false,431362,4
-1.4,1500,RIGHT,90,false,431362,5
-2.1,1500,DOWN,90,false,431362,6
-1.4,1500,RIGHT,90,false,431362,7
0,1500,DOWN,90,false,431362,8
1.06666,1000,DOWN,90,false,431362,9
0.7,1500,DOWN,90,false,431362,10
0.7,1500,DOWN,90,false,431362,11
-4.8,1000,LEFT,90,false,431362,12
-4.8,1000,UP,90,false,431362,13
1.06666,1000,RIGHT,90,false,431362,14
-0.7,1500,UP,90,false,431362,15
0,1000,LEFT,90,false,431362,16
1.6,1000,DOWN,90,false,431362,17
0.7,1500,LEFT,90,false,431362,18
-3.54,1500,RIGHT,90,false,431362,19
-2.1,1500,RIGHT,90,false,431362,20
-1.06666,1000,RIGHT,90,false,431362,21
-1.6,1000,LEFT,90,false,431362,22
1.6,1000,DOWN,90,false,431362,23
-3.2,1000,LEFT,90,false,431362,24
-4.8,1000,DOWN,90,false,431362,25
0,1500,RIGHT,90,false,431362,26
-1.4,1500,UP,90,false,431362,27
0,1000,RIGHT,90,false,431362,28
-1.6,1000,DOWN,270,false,431362,29
0,1500,LEFT,270,false,431362,30
-1.4,1500,LEFT,270,false,431362,31
-0.7,1500,RIGHT,270,false,431362,32
0,1500,UP,270,false,431362,33
3.54,1500,DOWN,270,false,431362,34
-1.4,1500,RIGHT,270,false,431362,35
1.4,1500,RIGHT,270,false,431362,36
3.54,1500,UP,270,false,431362,37
-0.7,1500,UP,270,false,431362,38
-2.1,1500,RIGHT,270,false,431362,39
0.7,1500,DOWN,270,false,431362,40
0.7,1500,LEFT,270,false,431362,41
-1.6,1000,UP,270,false,431362,42
-1.06666,1000,RIGHT,270,false,431362,43
-0.7,1500,RIGHT,270,false,431362,44
-0.7,1500,RIGHT,270,false,431362,45
0.7,1500,RIGHT,270,false,431362,46
-0.7,1500,DOWN,270,false,431362,47
1.4,1500,DOWN,270,false,431362,48
0.7,1500,RIGHT,270,false,431362,49
-0.7,1500,UP,270,false,431362,50
1.6,1000,DOWN,270,false,431362,51
1.6,1000,DOWN,270,false,431362,52
-1.6,1000,LEFT,270,false,431362,53
-0.7,1500,LEFT,270,false,431362,54
3.2,1000,UP,270,false,431362,55
1.6,1000,LEFT,270,false,431362,56
0.7,1500,LEFT,90,false,431362,57
1.6,1000,UP,90,false,431362,58
0,1000,RIGHT,90,false,431362,59
3.2,1000,UP,90,false,431362,60
1.4,1500,RIGHT,90,false,431362,61
-0.7,1500,UP,90,false,431362,62
-1.6,1000,RIGHT,90,false,431362,63
4.8,1000,RIGHT,90,false,431362,64
4.8,1000,DOWN,90,false,431362,65
-0.7,1500,DOWN,90,false,431362,66
1.4,1500,DOWN,90,false,431362,67
-0.7,1500,LEFT,90,false,431362,68
-0.7,1500,LEFT,90,false,431362,69
0,1500,RIGHT,90,false,431362,70
-1.6,1000,DOWN,90,false,431362,71
0,1500,UP,90,false,431362,72
2.1,1500,LEFT,90,false,431362,73
1.6,1000,LEFT,90,false,431362,74
0.7,1500,UP,90,false,431362,75
4.8,1000,UP,90,false,431362,76
3.54,1500,DOWN,90,false,431362,77
-2.1,1500,LEFT,90,false,431362,78
-3.2,1000,DOWN,90,false,431362,79
0.7,1500,RIGHT,90,false,431362,80
3.2,1000,LEFT,90,false,431362,81
-1.4,1500,DOWN,90,false,431362,82
0.7,1500,LEFT,90,false,431362,83
3.54,1500,RIGHT,90,false,431362,84
-1.6,1000,RIGHT,270,false,431362,85
-4.8,1000,UP,270,false,431362,86
-0.7,1500,LEFT,270,false,431362,87
0.7,1500,DOWN,270,false,431362,88
3.2,1000,LEFT,270,false,431362,89
0,1000,UP,270,false,431362,90
0,1500,RIGHT,270,false,431362,91
0.7,1500,RIGHT,270,false,431362,92
0,1500,DOWN,270,false,431362,93
-1.4,1500,UP,270,false,431362,94
-1.4,1500,DOWN,270,false,431362,95
-3.54,1500,DOWN,270,false,431362,96
1.6,1000,RIGHT,270,false,431362,97
1.06666,1000,RIGHT,270,false,431362,98
-1.4,1500,UP,270,false,431362,99
0.7,1500,UP,270,false,431362,100
0,1500,UP,270,false,431362,101
0.7,1500,LEFT,270,false,431362,102
1.06666,1000,DOWN,270,false,431362,103
-3.54,1500,UP,270,false,431362,104
-4.8,1000,LEFT,270,false,431362,105
-1.06666,1000,UP,270,false,431362,106
1.6,1000,RIGHT,270,false,431362,107
-0.7,1500,DOWN,270,false,431362,108
1.6,1000,UP,270,false,431362,109
0,1000,RIGHT,270,false,431362,110
3.2,1000,DOWN,270,false,431362,111
-1.06666,1000,DOWN,270,false,431362,112
1.4,1500,UP,90,false,431362,113
0.7,1500,DOWN,90,false,431362,114
0.7,1500,RIGHT,90,false,431362,115
2.1,1500,UP,90,false,431362,116
0,1000,DOWN,90,false,431362,117
0,1500,LEFT,90,false,431362,118
-1.6,1000,LEFT,90,false,431362,119
-0.7,1500,RIGHT,90,false,431362,120
1.4,1500,UP,90,false,431362,121
-0.7,1500,DOWN,90,false,431362,122
0.7,1500,UP,90,false,431362,123
0.7,1500,UP,90,false,431362,124
0,1000,UP,90,false,431362,125
1.4,1500,LEFT,90,false,431362,126
-1.6,1000,UP,90,false,431362,127
3.2,1000,RIGHT,90,false,431362,128
-1.4,1500,LEFT,90,false,431362,129
-0.7,1500,LEFT,90,false,431362,130
-4.8,1000,RIGHT,90,false,431362,131
0,1000,DOWN,90,false,431362,132
0,1500,LEFT,90,false,431362,133
-2.1,1500,UP,90,false,431362,134
1.06666,1000,LEFT,90,false,431362,135
-0.7,1500,RIGHT,90,false,431362,136
-1.4,1500,UP,90,false,431362,137
-1.6,1000,UP,90,false,431362,138
2.1,1500,RIGHT,90,false,431362,139
-3.2,1000,UP,90,false,431362,140
1.6,1000,UP,270,false,431362,141
3.54,1500,LEFT,270,false,431362,142
0,1000,DOWN,270,false,431362,143
-1.6,1000,DOWN,270,false,431362,144
-2.1,1500,DOWN,270,false,431362,145
1.4,1500,DOWN,270,false,431362,146
0,1500,LEFT,270,false,431362,147
0.7,1500,UP,270,false,431362,148
1.4,1500,RIGHT,270,false,431362,149
0,1500,DOWN,270,false,431362,150
0.7,1500,UP,270,false,431362,151
2.1,1500,DOWN,270,false,431362,152
0.7,1500,LEFT,270,false,431362,153
-3.54,1500,LEFT,270,false,431362,154
0,1000,UP,270,false,431362,155
4.8,1000,UP,270,false,431362,156
-1.6,1000,UP,270,false,431362,157
4.8,1000,LEFT,270,false,431362,158
3.54,1500,RIGHT,270,false,431362,159
-1.4,1500,LEFT,270,false,431362,160
1.06666,1000,UP,270,false,431362,161
0,1000,DOWN,270,false,431362,162
2.1,1500,RIGHT,270,false,431362,163
1.06666,1000,LEFT,270,false,431362,164
2.1,1500,LEFT,270,false,431362,165
0,1000,RIGHT,270,false,431362,166
4.8,1000,DOWN,270,false,431362,167
-0.7,1500,DOWN,270,false,431362,168
0.7,1500,RIGHT,90,false,431362,169
-3.2,1000,RIGHT,90,false,431362,170
-3.54,1500,UP,90,false,431362,171
-3.54,1500,LEFT,90,false,431362,172
3.54,1500,LEFT,90,false,431362,173
-1.06666,1000,DOWN,90,false,431362,174
1.6,1000,RIGHT,90,false,431362,175
0,1000,LEFT,90,false,431362,176
-1.4,1500,LEFT,90,false,431362,177
1.6,1000,LEFT,90,false,431362,178
4.8,1000,LEFT,90,false,431362,179
-1.06666,1000,UP,90,false,431362,180
1.6,1000,RIGHT,90,false,431362,181
-0.7,1500,UP,90,false,431362,182
-1.4,1500,DOWN,90,false,431362,183
-3.54,1500,DOWN,90,false,431362,184
1.4,1500,DOWN,90,false,431362,185
2.1,1500,DOWN,90,false,431362,186
-1.6,1000,RIGHT,90,false,431362,187
0,1500,UP,90,false,431362,188
-1.6,1000,DOWN,90,false,431362,189
3.2,1000,DOWN,90,false,431362,190
-0.7,1500,DOWN,90,false,431362,191
3.54,1500,UP,90,false,431362,192
1.4,1500,RIGHT,90,false,431362,193
1.06666,1000,UP,90,false,431362,194
1.4,1500,LEFT,90,false,431362,195
-1.06666,1000,LEFT,90,false,431362,196
-2.1,1500,LEFT,270,false,431362,197
1.4,1500,LEFT,270,false,431362,198
0,1000,LEFT,270,false,431362,199
-4.8,1000,DOWN,270,false,431362,200
-0.7,1500,UP,270,false,431362,201
1.4,1500,UP,270,false,431362,202
-3.2,1000,DOWN,270,false,431362,203
0,1500,RIGHT,270,false,431362,204
1.4,1500,LEFT,270,false,431362,205
-0.7,1500,LEFT,270,false,431362,206
2.1,1500,UP,270,false,431362,207
-1.4,1500,RIGHT,270,false,431362,208
-1.4,1500,DOWN,270,false,431362,209
1.6,1000,LEFT,270,false,431362,210
0.7,1500,DOWN,270,false,431362,211
-3.2,1000,LEFT,270,false,431362,212
-3.54,1500,RIGHT,270,false,431362,213
-1.06666,1000,LEFT,270,false,431362,214
-4.8,1000,RIGHT,270,false,431362,215
1.4,1500,UP,270,false,431362,216
-2.1,1500,UP,270,false,431362,217
-3.2,1000,UP,270,false,431362,218
0,1000,LEFT,270,false,431362,219
-1.6,1000,RIGHT,270,false,431362,220
-1.6,1000,LEFT,270,false,431362,221
4.8,1000,RIGHT,270,false,431362,222
3.2,1000,RIGHT,270,false,431362,223
-3.2,1000,RIGHT,270,false,431362,224
2.1,1500,RIGHT,0,true,431358,1
3.2,1000,LEFT,0,true,431358,2
2.1,1500,DOWN,0,true,431358,3
-3.2,1000,UP,0,true,431358,4
3.2,1000,DOWN,0,true,431358,5
-2.1,1500,RIGHT,0,true,431358,6
-2.1,1500,LEFT,0,true,431358,7
-2.1,1500,UP,0,true,431358,8
-2.1,1500,DOWN,0,true,431358,9
2.1,1500,UP,0,true,431358,10
-3.2,1000,LEFT,0,true,431358,11
2.1,1500,LEFT,0,true,431358,12
3.2,1000,RIGHT,0,true,431358,13
-3.2,1000,RIGHT,0,true,431358,14
-3.2,1000,DOWN,0,true,431358,15
3.2,1000,UP,0,true,431358,16
3.54,1500,DOWN,90,false,431358,1
-1.06666,1000,LEFT,90,false,431358,2
-0.7,1500,DOWN,90,false,431358,3
0,1000,RIGHT,90,false,431358,4
-0.7,1500,UP,90,false,431358,5
0.7,1500,RIGHT,90,false,431358,6
1.6,1000,DOWN,90,false,431358,7
-1.6,1000,DOWN,90,false,431358,8
2.1,1500,RIGHT,90,false,431358,9
0,1500,RIGHT,90,false,431358,10
0.7,1500,LEFT,90,false,431358,11
1.4,1500,LEFT,90,false,431358,12
0.7,1500,RIGHT,90,false,431358,13
0,1500,LEFT,90,false,431358,14
1.4,1500,UP,90,false,431358,15
0,1500,LEFT,90,false,431358,16
1.4,1500,LEFT,90,false,431358,17
0,1500,UP,90,false,431358,18
-4.8,1000,UP,90,false,431358,19
0,1000,DOWN,90,false,431358,20
0.7,1500,UP,90,false,431358,21
0,1000,LEFT,90,false,431358,22
0.7,1500,LEFT,90,false,431358,23
3.2,1000,DOWN,90,false,431358,24
1.6,1000,RIGHT,90,false,431358,25
3.2,1000,LEFT,90,false,431358,26
-1.6,1000,LEFT,90,false,431358,27
0,1500,DOWN,90,false,431358,28
1.4,1500,LEFT,270,false,431358,29
-0.7,1500,DOWN,270,false,431358,30
-0.7,1500,UP,270,false,431358,31
0,1000,LEFT,270,false,431358,32
-1.6,1000,DOWN,270,false,431358,33
-1.06666,1000,UP,270,false,431358,34
1.4,1500,UP,270,false,431358,35
0,1500,DOWN,270,false,431358,36
1.06666,1000,LEFT,270,false,431358,37
4.8,1000,DOWN,270,false,431358,38
1.4,1500,DOWN,270,false,431358,39
3.54,1500,RIGHT,270,false,431358,40
-0.7,1500,RIGHT,270,false,431358,41
-0.7,1500,LEFT,270,false,431358,42
1.4,1500,LEFT,270,false,431358,43
1.6,1000,RIGHT,270,false,431358,44
3.2,1000,DOWN,270,false,431358,45
3.54,1500,UP,270,false,431358,46
-1.06666,1000,RIGHT,270,false,431358,47
1.6,1000,LEFT,270,false,431358,48
4.8,1000,UP,270,false,431358,49
1.6,1000,UP,270,false,431358,50
-3.2,1000,UP,270,false,431358,51
0,1000,DOWN,270,false,431358,52
4.8,1000,LEFT,270,false,431358,53
0.7,1500,RIGHT,270,false,431358,54
3.2,1000,RIGHT,270,false,431358,55
0,1000,RIGHT,270,false,431358,56
2.1,1500,LEFT,90,false,431358,57
2.1,1500,DOWN,90,false,431358,58
-3.2,1000,RIGHT,90,false,431358,59
-2.1,1500,DOWN,90,false,431358,60
-1.4,1500,DOWN,90,false,431358,61
0.7,1500,RIGHT,90,false,431358,62
0,1500,DOWN,90,false,431358,63
1.6,1000,UP,90,false,431358,64
1.6,1000,DOWN,90,false,431358,65
-2.1,1500,UP,90,false,431358,66
1.06666,1000,LEFT,90,false,431358,67
0.7,1500,UP,90,false,431358,68
0,1500,RIGHT,90,false,431358,69
4.8,1000,UP,90,false,431358,70
1.4,1500,UP,90,false,431358,71
3.54,1500,UP,90,false,431358,72
0,1000,LEFT,90,false,431358,73
-1.06666,1000,RIGHT,90,false,431358,74
-1.4,1500,UP,90,false,431358,75
0,1000,RIGHT,90,false,431358,76
-1.6,1000,UP,90,false,431358,77
-3.2,1000,LEFT,90,false,431358,78
-1.4,1500,UP,90,false,431358,79
0.7,1500,LEFT,90,false,431358,80
-0.7,1500,LEFT,90,false,431358,81
0.7,1500,DOWN,90,false,431358,82
-3.54,1500,DOWN,90,false,431358,83
-1.4,1500,RIGHT,90,false,431358,84
0,1500,RIGHT,270,false,431358,85
-1.6,1000,RIGHT,270,false,431358,86
0,1000,UP,270,false,431358,87
0.7,1500,UP,270,false,431358,88
-1.4,1500,UP,270,false,431358,89
1.06666,1000,UP,270,false,431358,90
1.6,1000,LEFT,270,false,431358,91
-2.1,1500,UP,270,false,431358,92
0,1500,UP,270,false,431358,93
-3.54,1500,LEFT,270,false,431358,94
2.1,1500,DOWN,270,false,431358,95
0.7,1500,UP,270,false,431358,96
1.06666,1000,DOWN,270,false,431358,97
1.6,1000,RIGHT,270,false,431358,98
-1.4,1500,LEFT,270,false,431358,99
-1.6,1000,LEFT,270,false,431358,100
-0.7,1500,RIGHT,270,false,431358,101
-4.8,1000,LEFT,270,false,431358,102
-0.7,1500,UP,270,false,431358,103
-1.6,1000,UP,270,false,431358,104
-0.7,1500,DOWN,270,false,431358,105
0.7,1500,RIGHT,270,false,431358,106
-1.4,1500,LEFT,270,false,431358,107
0,1500,LEFT,270,false,431358,108
-1.4,1500,RIGHT,270,false,431358,109
0,1500,LEFT,270,false,431358,110
-4.8,1000,DOWN,270,false,431358,111
-3.54,1500,RIGHT,270,false,431358,112
1.6,1000,LEFT,90,false,431358,113
0.7,1500,UP,90,false,431358,114
0,1000,UP,90,false,431358,115
-3.2,1000,UP,90,false,431358,116
-0.7,1500,RIGHT,90,false,431358,117
1.4,1500,RIGHT,90,false,431358,118
-0.7,1500,UP,90,false,431358,119
3.2,1000,RIGHT,90,false,431358,120
0.7,1500,DOWN,90,false,431358,121
-1.4,1500,LEFT,90,false,431358,122
-0.7,1500,RIGHT,90,false,431358,123
-1.6,1000,UP,90,false,431358,124
1.6,1000,UP,90,false,431358,125
4.8,1000,RIGHT,90,false,431358,126
1.4,1500,RIGHT,90,false,431358,127
-1.4,1500,LEFT,90,false,431358,128
-1.6,1000,RIGHT,90,false,431358,129
0,1000,UP,90,false,431358,130
1.6,1000,RIGHT,90,false,431358,131
4.8,1000,LEFT,90,false,431358,132
-1.06666,1000,UP,90,false,431358,133
3.54,1500,RIGHT,90,false,431358,134
-1.6,1000,RIGHT,90,false,431358,135
-4.8,1000,DOWN,90,false,431358,136
-0.7,1500,RIGHT,90,false,431358,137
-3.54,1500,LEFT,90,false,431358,138
-2.1,1500,LEFT,90,false,431358,139
1.06666,1000,UP,90,false,431358,140
-4.8,1000,UP,270,false,431358,141
-3.2,1000,DOWN,270,false,431358,142
0.7,1500,DOWN,270,false,431358,143
-1.4,1500,DOWN,270,false,431358,144
1.6,1000,DOWN,270,false,431358,145
0,1500,UP,270,false,431358,146
0.7,1500,LEFT,270,false,431358,147
-0.7,1500,LEFT,270,false,431358,148
-1.6,1000,DOWN,270,false,431358,149
0,1000,DOWN,270,false,431358,150
3.2,1000,UP,270,false,431358,151
0.7,1500,UP,270,false,431358,152
0.7,1500,LEFT,270,false,431358,153
-1.6,1000,RIGHT,270,false,431358,154
2.1,1500,RIGHT,270,false,431358,155
-1.4,1500,UP,270,false,431358,156
-2.1,1500,LEFT,270,false,431358,157
0,1500,DOWN,270,false,431358,158
-1.4,1500,DOWN,270,false,431358,159
3.54,1500,DOWN,270,false,431358,160
0,1000,UP,270,false,431358,161
-0.7,1500,RIGHT,270,false,431358,162
0,1500,RIGHT,270,false,431358,163
0.7,1500,RIGHT,270,false,431358,164
0.7,1500,LEFT,270,false,431358,165
-0.7,1500,LEFT,270,false,431358,166
-3.2,1000,LEFT,270,false,431358,167
-1.06666,1000,DOWN,270,false,431358,168
-2.1,1500,RIGHT,90,false,431358,169
1.06666,1000,RIGHT,90,false,431358,170
-4.8,1000,RIGHT,90,false,431358,171
1.6,1000,LEFT,90,false,431358,172
1.4,1500,DOWN,90,false,431358,173
3.54,1500,LEFT,90,false,431358,174
0,1000,DOWN,90,false,431358,175
-1.6,1000,LEFT,90,false,431358,176
-4.8,1000,LEFT,90,false,431358,177
1.4,1500,DOWN,90,false,431358,178
4.8,1000,DOWN,90,false,431358,179
0,1500,UP,90,false,431358,180
-0.7,1500,UP,90,false,431358,181
-3.54,1500,RIGHT,90,false,431358,182
-0.7,1500,DOWN,90,false,431358,183
-1.4,1500,RIGHT,90,false,431358,184
2.1,1500,UP,90,false,431358,185
3.2,1000,UP,90,false,431358,186
-1.06666,1000,DOWN,90,false,431358,187
-1.6,1000,DOWN,90,false,431358,188
-0.7,1500,DOWN,90,false,431358,189
1.06666,1000,DOWN,90,false,431358,190
-3.54,1500,UP,90,false,431358,191
-0.7,1500,LEFT,90,false,431358,192
-3.2,1000,DOWN,90,false,431358,193
0.7,1500,DOWN,90,false,431358,194
-0.7,1500,LEFT,90,false,431358,195
-1.4,1500,DOWN,90,false,431358,196
0.7,1500,DOWN,270,false,431358,197
3.54,1500,LEFT,270,false,431358,198
-1.6,1000,LEFT,270,false,431358,199
1.6,1000,UP,270,false,431358,200
1.06666,1000,RIGHT,270,false,431358,201
1.4,1500,DOWN,270,false,431358,202
-2.1,1500,RIGHT,270,false,431358,203
-3.54,1500,UP,270,false,431358,204
0,1000,LEFT,270,false,431358,205
1.4,1500,RIGHT,270,false,431358,206
2.1,1500,UP,270,false,431358,207
-1.6,1000,UP,270,false,431358,208
0,1000,RIGHT,270,false,431358,209
-2.1,1500,DOWN,270,false,431358,210
-4.8,1000,RIGHT,270,false,431358,211
0.7,1500,DOWN,270,false,431358,212
1.4,1500,UP,270,false,431358,213
1.4,1500,RIGHT,270,false,431358,214
4.8,1000,RIGHT,270,false,431358,215
-3.54,1500,DOWN,270,false,431358,216
-0.7,1500,UP,270,false,431358,217
2.1,1500,LEFT,270,false,431358,218
3.2,1000,LEFT,270,false,431358,219
1.6,1000,DOWN,270,false,431358,220
-1.4,1500,RIGHT,270,false,431358,221
-1.06666,1000,LEFT,270,false,431358,222
-3.2,1000,RIGHT,270,false,431358,223
-0.7,1500,DOWN,270,false,431358,224
3.2,1000,DOWN,0,true,431353,1
-2.1,1500,LEFT,0,true,431353,2
3.2,1000,UP,0,true,431353,3
-3.2,1000,DOWN,0,true,431353,4
2.1,1500,UP,0,true,431353,5
2.1,1500,RIGHT,0,true,431353,6
3.2,1000,LEFT,0,true,431353,7
3.2,1000,RIGHT,0,true,431353,8
2.1,1500,LEFT,0,true,431353,9
-2.1,1500,RIGHT,0,true,431353,10
-3.2,1000,LEFT,0,true,431353,11
-3.2,1000,RIGHT,0,true,431353,12
-2.1,1500,UP,0,true,431353,13
-3.2,1000,UP,0,true,431353,14
-2.1,1500,DOWN,0,true,431353,15
2.1,1500,DOWN,0,true,431353,16
4.8,1000,LEFT,270,false,431353,1
-1.4,1500,LEFT,270,false,431353,2
-4.8,1000,UP,270,false,431353,3
3.2,1000,UP,270,false,431353,4
1.6,1000,LEFT,270,false,431353,5
4.8,1000,UP,270,false,431353,6
1.6,1000,RIGHT,270,false,431353,7
1.06666,1000,LEFT,270,false,431353,8
0,1500,RIGHT,270,false,431353,9
1.06666,1000,UP,270,false,431353,10
-1.6,1000,DOWN,270,false,431353,11
-1.6,1000,UP,270,false,431353,12
-1.6,1000,DOWN,270,false,431353,13
-1.06666,1000,LEFT,270,false,431353,14
0,1000,RIGHT,270,false,431353,15
-3.54,1500,DOWN,270,false,431353,16
-2.1,1500,DOWN,270,false,431353,17
-1.6,1000,LEFT,270,false,431353,18
-4.8,1000,LEFT,270,false,431353,19
3.2,1000,LEFT,270,false,431353,20
2.1,1500,DOWN,270,false,431353,21
2.1,1500,RIGHT,270,false,431353,22
-0.7,1500,LEFT,270,false,431353,23
-1.6,1000,UP,270,false,431353,24
-0.7,1500,UP,270,false,431353,25
1.4,1500,UP,270,false,431353,26
0,1000,LEFT,270,false,431353,27
0.7,1500,LEFT,270,false,431353,28
1.6,1000,RIGHT,90,false,431353,29
-0.7,1500,UP,90,false,431353,30
0.7,1500,UP,90,false,431353,31
1.6,1000,DOWN,90,false,431353,32
-2.1,1500,RIGHT,90,false,431353,33
0.7,1500,RIGHT,90,false,431353,34
0,1000,RIGHT,90,false,431353,35
-1.4,1500,LEFT,90,false,431353,36
-3.54,1500,RIGHT,90,false,431353,37
0.7,1500,LEFT,90,false,431353,38
-3.54,1500,LEFT,90,false,431353,39
3.54,1500,LEFT,90,false,431353,40
4.8,1000,UP,90,false,431353,41
-0.7,1500,RIGHT,90,false,431353,42
4.8,1000,DOWN,90,false,431353,43
1.06666,1000,DOWN,90,false,431353,44
-3.2,1000,LEFT,90,false,431353,45
-0.7,1500,RIGHT,90,false,431353,46
0,1000,UP,90,false,431353,47
1.4,1500,RIGHT,90,false,431353,48
-0.7,1500,DOWN,90,false,431353,49
0,1500,LEFT,90,false,431353,50
-4.8,1000,UP,90,false,431353,51
4.8,1000,RIGHT,90,false,431353,52
-1.4,1500,UP,90,false,431353,53
-1.6,1000,UP,90,false,431353,54
1.4,1500,UP,90,false,431353,55
3.2,1000,DOWN,90,false,431353,56
1.6,1000,LEFT,270,false,431353,57
1.6,1000,UP,270,false,431353,58
0,1500,DOWN,270,false,431353,59
-1.6,1000,RIGHT,270,false,431353,60
1.4,1500,DOWN,270,false,431353,61
1.4,1500,DOWN,270,false,431353,62
3.54,1500,LEFT,270,false,431353,63
-3.2,1000,RIGHT,270,false,431353,64
-3.2,1000,LEFT,270,false,431353,65
3.54,1500,DOWN,270,false,431353,66
0,1000,RIGHT,270,false,431353,67
-0.7,1500,LEFT,270,false,431353,68
1.4,1500,LEFT,270,false,431353,69
1.6,1000,DOWN,270,false,431353,70
-1.4,1500,UP,270,false,431353,71
-0.7,1500,UP,270,false,431353,72
-1.6,1000,RIGHT,270,false,431353,73
-0.7,1500,RIGHT,270,false,431353,74
0.7,1500,RIGHT,270,false,431353,75
3.54,1500,UP,270,false,431353,76
0,1500,DOWN,270,false,431353,77
1.6,1000,RIGHT,270,false,431353,78
0.7,1500,DOWN,270,false,431353,79
-1.06666,1000,UP,270,false,431353,80
-0.7,1500,RIGHT,270,false,431353,81
0.7,1500,LEFT,270,false,431353,82
0,1000,DOWN,270,false,431353,83
3.2,1000,RIGHT,270,false,431353,84
0,1500,LEFT,90,false,431353,85
0,1000,DOWN,90,false,431353,86
1.4,1500,UP,90,false,431353,87
-1.06666,1000,DOWN,90,false,431353,88
1.6,1000,LEFT,90,false,431353,89
0.7,1500,LEFT,90,false,431353,90
1.4,1500,RIGHT,90,false,431353,91
2.1,1500,UP,90,false,431353,92
1.6,1000,RIGHT,90,false,431353,93
-2.1,1500,DOWN,90,false,431353,94
-3.2,1000,DOWN,90,false,431353,95
0.7,1500,DOWN,90,false,431353,96
-1.06666,1000,UP,90,false,431353,97
-0.7,1500,RIGHT,90,false,431353,98
-1.4,1500,DOWN,90,false,431353,99
-0.7,1500,LEFT,90,false,431353,100
1.6,1000,LEFT,90,false,431353,101
-1.4,1500,UP,90,false,431353,102
1.06666,1000,RIGHT,90,false,431353,103
0,1000,LEFT,90,false,431353,104
0.7,1500,LEFT,90,false,431353,105
-1.6,1000,DOWN,90,false,431353,106
-0.7,1500,DOWN,90,false,431353,107
0,1500,RIGHT,90,false,431353,108
0.7,1500,RIGHT,90,false,431353,109
1.4,1500,LEFT,90,false,431353,110
2.1,1500,DOWN,90,false,431353,111
3.2,1000,UP,90,false,431353,112
1.4,1500,LEFT,270,false,431353,113
0,1000,DOWN,270,false,431353,114
1.4,1500,RIGHT,270,false,431353,115
1.4,1500,RIGHT,270,false,431353,116
-4.8,1000,DOWN,270,false,431353,117
0,1500,UP,270,false,431353,118
0,1500,RIGHT,270,false,431353,119
0.7,1500,RIGHT,270,false,431353,120
-3.54,1500,UP,270,false,431353,121
1.4,1500,UP,270,false,431353,122
-3.54,1500,RIGHT,270,false,431353,123
0.7,1500,LEFT,270,false,431353,124
-1.4,1500,UP,270,false,431353,125
-1.6,1000,LEFT,270,false,431353,126
-1.4,1500,DOWN,270,false,431353,127
4.8,1000,DOWN,270,false,431353,128
1.6,1000,UP,270,false,431353,129
1.6,1000,DOWN,270,false,431353,130
4.8,1000,RIGHT,270,false,431353,131
-1.4,1500,LEFT,270,false,431353,132
-1.4,1500,RIGHT,270,false,431353,133
-0.7,1500,DOWN,270,false,431353,134
1.06666,1000,DOWN,270,false,431353,135
-4.8,1000,RIGHT,270,false,431353,136
0.7,1500,UP,270,false,431353,137
-1.4,1500,DOWN,270,false,431353,138
3.2,1000,DOWN,270,false,431353,139
-0.7,1500,RIGHT,270,false,431353,140
-4.8,1000,LEFT,90,false,431353,141
1.06666,1000,UP,90,false,431353,142
0.7,1500,UP,90,false,431353,143
-1.6,1000,RIGHT,90,false,431353,144
0,1000,LEFT,90,false,431353,145
-2.1,1500,UP,90,false,431353,146
-1.6,1000,LEFT,90,false,431353,147
3.54,1500,DOWN,90,false,431353,148
-1.4,1500,RIGHT,90,false,431353,149
-0.7,1500,LEFT,90,false,431353,150
3.54,1500,RIGHT,90,false,431353,151
-1.4,1500,RIGHT,90,false,431353,152
0,1500,UP,90,false,431353,153
-1.6,1000,UP,90,false,431353,154
1.6,1000,UP,90,false,431353,155
-3.2,1000,RIGHT,90,false,431353,156
0,1000,UP,90,false,431353,157
1.6,1000,DOWN,90,false,431353,158
1.6,1000,UP,90,false,431353,159
2.1,1500,LEFT,90,false,431353,160
0,1000,DOWN,90,false,431353,161
-0.7,1500,UP,90,false,431353,162
-4.8,1000,DOWN,90,false,431353,163
1.4,1500,LEFT,90,false,431353,164
0.7,1500,DOWN,90,false,431353,165
3.54,1500,UP,90,false,431353,166
3.2,1000,LEFT,90,false,431353,167
0.7,1500,DOWN,90,false,431353,168
-1.4,1500,RIGHT,270,false,431353,169
-2.1,1500,LEFT,270,false,431353,170
-1.06666,1000,DOWN,270,false,431353,171
-3.2,1000,DOWN,270,false,431353,172
0,1500,UP,270,false,431353,173
2.1,1500,LEFT,270,false,431353,174
0.7,1500,RIGHT,270,false,431353,175
3.54,1500,RIGHT,270,false,431353,176
0,1000,LEFT,270,false,431353,177
-0.7,1500,UP,270,false,431353,178
0,1500,LEFT,270,false,431353,179
-0.7,1500,DOWN,270,false,431353,180
-3.54,1500,LEFT,270,false,431353,181
-2.1,1500,RIGHT,270,false,431353,182
0,1000,UP,270,false,431353,183
0.7,1500,UP,270,false,431353,184
0.7,1500,UP,270,false,431353,185
-3.2,1000,UP,270,false,431353,186
2.1,1500,UP,270,false,431353,187
0,1500,LEFT,270,false,431353,188
0.7,1500,DOWN,270,false,431353,189
0.7,1500,DOWN,270,false,431353,190
-0.7,1500,DOWN,270,false,431353,191
-0.7,1500,LEFT,270,false,431353,192
-2.1,1500,UP,270,false,431353,193
-1.06666,1000,RIGHT,270,false,431353,194
0,1000,UP,270,false,431353,195
1.06666,1000,RIGHT,270,false,431353,196
1.4,1500,DOWN,90,false,431353,197
-0.7,1500,LEFT,90,false,431353,198
-0.7,1500,UP,90,false,431353,199
0.7,1500,RIGHT,90,false,431353,200
0,1500,DOWN,90,false,431353,201
-0.7,1500,DOWN,90,false,431353,202
-1.06666,1000,RIGHT,90,false,431353,203
-1.4,1500,LEFT,90,false,431353,204
0,1000,RIGHT,90,false,431353,205
3.2,1000,RIGHT,90,false,431353,206
-1.6,1000,LEFT,90,false,431353,207
-3.54,1500,UP,90,false,431353,208
0,1500,RIGHT,90,false,431353,209
-1.6,1000,DOWN,90,false,431353,210
4.8,1000,LEFT,90,false,431353,211
1.4,1500,DOWN,90,false,431353,212
1.06666,1000,LEFT,90,false,431353,213
0,1500,UP,90,false,431353,214
-1.6,1000,RIGHT,90,false,431353,215
-1.06666,1000,LEFT,90,false,431353,216
2.1,1500,RIGHT,90,false,431353,217
-1.4,1500,DOWN,90,false,431353,218
0,1500,DOWN,90,false,431353,219
-2.1,1500,LEFT,90,false,431353,220
0.7,1500,UP,90,false,431353,221
-3.2,1000,UP,90,false,431353,222
-3.54,1500,DOWN,90,false,431353,223
-4.8,1000,RIGHT,90,false,431353,224
3.2,1000,DOWN,0,true,431440,1
2.1,1500,UP,0,true,431440,2
2.1,1500,RIGHT,0,true,431440,3
2.1,1500,LEFT,0,true,431440,4
-2.1,1500,RIGHT,0,true,431440,5
-3.2,1000,UP,0,true,431440,6
-3.2,1000,RIGHT,0,true,431440,7
3.2,1000,UP,0,true,431440,8
2.1,1500,DOWN,0,true,431440,9
-3.2,1000,LEFT,0,true,431440,10
-2.1,1500,LEFT,0,true,431440,11
-3.2,1000,DOWN,0,true,431440,12
-2.1,1500,UP,0,true,431440,13
3.2,1000,LEFT,0,true,431440,14
3.2,1000,RIGHT,0,true,431440,15
-2.1,1500,DOWN,0,true,431440,16
-1.06666,1000,RIGHT,90,false,431440,1
-3.2,1000,RIGHT,90,false,431440,2
-3.2,1000,DOWN,90,false,431440,3
-0.7,1500,RIGHT,90,false,431440,4
0,1000,UP,90,false,431440,5
2.1,1500,UP,90,false,431440,6
-1.6,1000,LEFT,90,false,431440,7
-1.6,1000,LEFT,90,false,431440,8
0,1000,LEFT,90,false,431440,9
-0.7,1500,LEFT,90,false,431440,10
1.6,1000,UP,90,false,431440,11
-1.6,1000,DOWN,90,false,431440,12
2.1,1500,LEFT,90,false,431440,13
1.4,1500,RIGHT,90,false,431440,14
-1.4,1500,RIGHT,90,false,431440,15
-1.6,1000,RIGHT,90,false,431440,16
-0.7,1500,LEFT,90,false,431440,17
-1.6,1000,UP,90,false,431440,18
1.4,1500,LEFT,90,false,431440,19
4.8,1000,RIGHT,90,false,431440,20
1.4,1500,UP,90,false,431440,21
-1.06666,1000,DOWN,90,false,431440,22
-1.4,1500,LEFT,90,false,431440,23
3.54,1500,LEFT,90,false,431440,24
1.06666,1000,RIGHT,90,false,431440,25
-3.54,1500,UP,90,false,431440,26
0,1000,RIGHT,90,false,431440,27
1.4,1500,DOWN,90,false,431440,28
1.6,1000,RIGHT,270,false,431440,29
1.6,1000,LEFT,270,false,431440,30
-2.1,1500,UP,270,false,431440,31
1.6,1000,UP,270,false,431440,32
1.06666,1000,RIGHT,270,false,431440,33
0,1000,UP,270,false,431440,34
-1.4,1500,DOWN,270,false,431440,35
-1.06666,1000,UP,270,false,431440,36
0.7,1500,UP,270,false,431440,37
-0.7,1500,DOWN,270,false,431440,38
0,1000,LEFT,270,false,431440,39
-1.6,1000,DOWN,270,false,431440,40
2.1,1500,UP,270,false,431440,41
1.4,1500,RIGHT,270,false,431440,42
0,1000,LEFT,270,false,431440,43
4.8,1000,LEFT,270,false,431440,44
-1.6,1000,LEFT,270,false,431440,45
0,1000,DOWN,270,false,431440,46
-1.06666,1000,RIGHT,270,false,431440,47
0.7,1500,DOWN,270,false,431440,48
-1.6,1000,RIGHT,270,false,431440,49
-0.7,1500,DOWN,270,false,431440,50
0,1000,DOWN,270,false,431440,51
-4.8,1000,UP,270,false,431440,52
-1.06666,1000,LEFT,270,false,431440,53
1.4,1500,UP,270,false,431440,54
0.7,1500,LEFT,270,false,431440,55
4.8,1000,UP,270,false,431440,56
-1.06666,1000,UP,90,false,431440,57
-4.8,1000,RIGHT,90,false,431440,58
-0.7,1500,UP,90,false,431440,59
-0.7,1500,RIGHT,90,false,431440,60
0.7,1500,RIGHT,90,false,431440,61
0.7,1500,DOWN,90,false,431440,62
-1.6,1000,DOWN,90,false,431440,63
-2.1,1500,LEFT,90,false,431440,64
0.7,1500,UP,90,false,431440,65
1.6,1000,LEFT,90,false,431440,66
0.7,1500,UP,90,false,431440,67
-2.1,1500,UP,90,false,431440,68
0,1000,DOWN,90,false,431440,69
-0.7,1500,UP,90,false,431440,70
-3.2,1000,UP,90,false,431440,71
-1.4,1500,RIGHT,90,false,431440,72
0,1000,RIGHT,90,false,431440,73
1.6,1000,UP,90,false,431440,74
0,1500,RIGHT,90,false,431440,75
0.7,1500,RIGHT,90,false,431440,76
0,1500,DOWN,90,false,431440,77
0.7,1500,RIGHT,90,false,431440,78
0,1500,UP,90,false,431440,79
0.7,1500,LEFT,90,false,431440,80
0,1500,DOWN,90,false,431440,81
0,1000,LEFT,90,false,431440,82
1.06666,1000,UP,90,false,431440,83
-1.4,1500,DOWN,90,false,431440,84
0,1500,LEFT,270,false,431440,85
1.6,1000,RIGHT,270,false,431440,86
0,1500,UP,270,false,431440,87
1.6,1000,DOWN,270,false,431440,88
0,1000,RIGHT,270,false,431440,89
-3.2,1000,LEFT,270,false,431440,90
-0.7,1500,UP,270,false,431440,91
0,1500,RIGHT,270,false,431440,92
1.06666,1000,UP,270,false,431440,93
-2.1,1500,LEFT,270,false,431440,94
-1.6,1000,DOWN,270,false,431440,95
-0.7,1500,RIGHT,270,false,431440,96
-2.1,1500,DOWN,270,false,431440,97
-0.7,1500,DOWN,270,false,431440,98
0,1500,UP,270,false,431440,99
1.06666,1000,LEFT,270,false,431440,100
3.2,1000,RIGHT,270,false,431440,101
-1.4,1500,RIGHT,270,false,431440,102
0,1000,UP,270,false,431440,103
1.4,1500,RIGHT,270,false,431440,104
0.7,1500,LEFT,270,false,431440,105
1.4,1500,LEFT,270,false,431440,106
-3.54,1500,UP,270,false,431440,107
-3.2,1000,RIGHT,270,false,431440,108
0,1500,RIGHT,270,false,431440,109
0.7,1500,DOWN,270,false,431440,110
3.2,1000,DOWN,270,false,431440,111
-0.7,1500,UP,270,false,431440,112
1.06666,1000,DOWN,90,false,431440,113
0.7,1500,LEFT,90,false,431440,114
0,1000,DOWN,90,false,431440,115
-4.8,1000,LEFT,90,false,431440,116
-1.6,1000,RIGHT,90,false,431440,117
-4.8,1000,DOWN,90,false,431440,118
0,1500,LEFT,90,false,431440,119
1.6,1000,DOWN,90,false,431440,120
-0.7,1500,DOWN,90,false,431440,121
0,1500,RIGHT,90,false,431440,122
3.54,1500,UP,90,false,431440,123
1.6,1000,DOWN,90,false,431440,124
-1.06666,1000,LEFT,90,false,431440,125
-0.7,1500,RIGHT,90,false,431440,126
1.6,1000,RIGHT,90,false,431440,127
-1.4,1500,LEFT,90,false,431440,128
-2.1,1500,DOWN,90,false,431440,129
-0.7,1500,DOWN,90,false,431440,130
-3.54,1500,LEFT,90,false,431440,131
0,1500,LEFT,90,false,431440,132
-1.4,1500,DOWN,90,false,431440,133
1.4,1500,DOWN,90,false,431440,134
-3.54,1500,DOWN,90,false,431440,135
-4.8,1000,UP,90,false,431440,136
3.2,1000,RIGHT,90,false,431440,137
-2.1,1500,RIGHT,90,false,431440,138
3.54,1500,DOWN,90,false,431440,139
4.8,1000,LEFT,90,false,431440,140
-2.1,1500,RIGHT,270,false,431440,141
-0.7,1500,LEFT,270,false,431440,142
-4.8,1000,DOWN,270,false,431440,143
0.7,1500,RIGHT,270,false,431440,144
1.06666,1000,DOWN,270,false,431440,145
0.7,1500,UP,270,false,431440,146
3.54,1500,DOWN,270,false,431440,147
3.2,1000,LEFT,270,false,431440,148
-1.06666,1000,DOWN,270,false,431440,149
4.8,1000,RIGHT,270,false,431440,150
-3.54,1500,LEFT,270,false,431440,151
3.54,1500,LEFT,270,false,431440,152
0.7,1500,UP,270,false,431440,153
1.4,1500,DOWN,270,false,431440,154
4.8,1000,DOWN,270,false,431440,155
-1.6,1000,UP,270,false,431440,156
2.1,1500,RIGHT,270,false,431440,157
-0.7,1500,LEFT,270,false,431440,158
1.6,1000,DOWN,270,false,431440,159
-1.4,1500,DOWN,270,false,431440,160
0.7,1500,RIGHT,270,false,431440,161
2.1,1500,LEFT,270,false,431440,162
3.54,1500,RIGHT,270,false,431440,163
0.7,1500,LEFT,270,false,431440,164
-3.2,1000,DOWN,270,false,431440,165
-1.4,1500,UP,270,false,431440,166
0,1500,DOWN,270,false,431440,167
-1.6,1000,LEFT,270,false,431440,168
2.1,1500,RIGHT,90,false,431440,169
1.6,1000,RIGHT,90,false,431440,170
-3.2,1000,LEFT,90,false,431440,171
3.54,1500,RIGHT,90,false,431440,172
0,1500,UP,90,false,431440,173
3.2,1000,DOWN,90,false,431440,174
-0.7,1500,DOWN,90,false,431440,175
4.8,1000,DOWN,90,false,431440,176
0.7,1500,DOWN,90,false,431440,177
3.2,1000,UP,90,false,431440,178
-1.4,1500,UP,90,false,431440,179
1.06666,1000,LEFT,90,false,431440,180
0,1000,UP,90,false,431440,181
0.7,1500,DOWN,90,false,431440,182
1.4,1500,RIGHT,90,false,431440,183
-0.7,1500,LEFT,90,false,431440,184
-1.6,1000,UP,90,false,431440,185
-0.7,1500,UP,90,false,431440,186
-1.4,1500,UP,90,false,431440,187
3.2,1000,LEFT,90,false,431440,188
2.1,1500,DOWN,90,false,431440,189
1.4,1500,LEFT,90,false,431440,190
0.7,1500,UP,90,false,431440,191
4.8,1000,UP,90,false,431440,192
0.7,1500,LEFT,90,false,431440,193
1.4,1500,UP,90,false,431440,194
-3.54,1500,RIGHT,90,false,431440,195
1.6,1000,LEFT,90,false,431440,196
3.2,1000,UP,270,false,431440,197
-3.2,1000,UP,270,false,431440,198
-1.6,1000,UP,270,false,431440,199
-1.6,1000,RIGHT,270,false,431440,200
2.1,1500,DOWN,270,false,431440,201
-0.7,1500,RIGHT,270,false,431440,202
0,1500,LEFT,270,false,431440,203
0,1000,RIGHT,270,false,431440,204
-0.7,1500,UP,270,false,431440,205
-0.7,1500,RIGHT,270,false,431440,206
1.4,1500,DOWN,270,false,431440,207
-1.4,1500,UP,270,false,431440,208
1.4,1500,LEFT,270,false,431440,209
1.4,1500,UP,270,false,431440,210
0.7,1500,RIGHT,270,false,431440,211
-3.54,1500,RIGHT,270,false,431440,212
0.7,1500,DOWN,270,false,431440,213
1.6,1000,UP,270,false,431440,214
3.54,1500,UP,270,false,431440,215
-1.4,1500,RIGHT,270,false,431440,216
1.6,1000,LEFT,270,false,431440,217
-0.7,1500,LEFT,270,false,431440,218
0,1500,DOWN,270,false,431440,219
-4.8,1000,LEFT,270,false,431440,220
-1.4,1500,LEFT,270,false,431440,221
-4.8,1000,RIGHT,270,false,431440,222
-3.54,1500,DOWN,270,false,431440,223
-1.4,1500,LEFT,270,false,431440,224
-2.1,1500,RIGHT,0,true,431371,1
2.1,1500,LEFT,0,true,431371,2
3.2,1000,UP,0,true,431371,3
3.2,1000,RIGHT,0,true,431371,4
-3.2,1000,DOWN,0,true,431371,5
-3.2,1000,LEFT,0,true,431371,6
-3.2,1000,UP,0,true,431371,7
2.1,1500,DOWN,0,true,431371,8
-2.1,1500,UP,0,true,431371,9
-2.1,1500,DOWN,0,true,431371,10
2.1,1500,RIGHT,0,true,431371,11
3.2,1000,DOWN,0,true,431371,12
-2.1,1500,LEFT,0,true,431371,13
3.2,1000,LEFT,0,true,431371,14
2.1,1500,UP,0,true,431371,15
-3.2,1000,RIGHT,0,true,431371,16
1.06666,1000,UP,90,false,431371,1
-1.4,1500,LEFT,90,false,431371,2
1.6,1000,UP,90,false,431371,3
1.6,1000,RIGHT,90,false,431371,4
0,1500,UP,90,false,431371,5
4.8,1000,UP,90,false,431371,6
1.4,1500,RIGHT,90,false,431371,7
-1.4,1500,UP,90,false,431371,8
-0.7,1500,RIGHT,90,false,431371,9
1.4,1500,LEFT,90,false,431371,10
-3.54,1500,RIGHT,90,false,431371,11
-3.2,1000,LEFT,90,false,431371,12
-2.1,1500,LEFT,90,false,431371,13
4.8,1000,RIGHT,90,false,431371,14
1.6,1000,DOWN,90,false,431371,15
-3.2,1000,RIGHT,90,false,431371,16
3.54,1500,LEFT,90,false,431371,17
0,1000,RIGHT,90,false,431371,18
-2.1,1500,DOWN,90,false,431371,19
-2.1,1500,RIGHT,90,false,431371,20
-4.8,1000,RIGHT,90,false,431371,21
-0.7,1500,RIGHT,90,false,431371,22
-1.4,1500,LEFT,90,false,431371,23
2.1,1500,LEFT,90,false,431371,24
0.7,1500,RIGHT,90,false,431371,25
0.7,1500,LEFT,90,false,431371,26
-1.6,1000,UP,90,false,431371,27
-0.7,1500,DOWN,90,false,431371,28
-1.6,1000,UP,270,false,431371,29
-0.7,1500,DOWN,270,false,431371,30
0,1000,DOWN,270,false,431371,31
1.4,1500,RIGHT,270,false,431371,32
0,1000,DOWN,270,false,431371,33
1.4,1500,LEFT,270,false,431371,34
3.54,1500,LEFT,270,false,431371,35
-0.7,1500,UP,270,false,431371,36
0.7,1500,DOWN,270,false,431371,37
1.6,1000,DOWN,270,false,431371,38
1.6,1000,UP,270,false,431371,39
-3.54,1500,UP,270,false,431371,40
-3.2,1000,UP,270,false,431371,41
-1.06666,1000,UP,270,false,431371,42
0,1500,RIGHT,270,false,431371,43
1.4,1500,RIGHT,270,false,431371,44
0.7,1500,DOWN,270,false,431371,45
-0.7,1500,RIGHT,270,false,431371,46
1.4,1500,UP,270,false,431371,47
-4.8,1000,RIGHT,270,false,431371,48
-3.54,1500,LEFT,270,false,431371,49
-1.4,1500,DOWN,270,false,431371,50
0.7,1500,LEFT,270,false,431371,51
-1.06666,1000,DOWN,270,false,431371,52
3.54,1500,RIGHT,270,false,431371,53
1.6,1000,LEFT,270,false,431371,54
1.6,1000,RIGHT,270,false,431371,55
-2.1,1500,RIGHT,270,false,431371,56
1.6,1000,UP,90,false,431371,57
-0.7,1500,UP,90,false,431371,58
0,1000,DOWN,90,false,431371,59
1.4,1500,LEFT,90,false,431371,60
0,1500,LEFT,90,false,431371,61
1.6,1000,LEFT,90,false,431371,62
-0.7,1500,LEFT,90,false,431371,63
0,1000,UP,90,false,431371,64
1.4,1500,UP,90,false,431371,65
1.6,1000,DOWN,90,false,431371,66
3.54,1500,UP,90,false,431371,67
1.4,1500,DOWN,90,false,431371,68
0,1000,LEFT,90,false,431371,69
-0.7,1500,RIGHT,90,false,431371,70
0,1500,RIGHT,90,false,431371,71
-1.06666,1000,LEFT,90,false,431371,72
-3.2,1000,UP,90,false,431371,73
-0.7,1500,DOWN,90,false,431371,74
3.2,1000,UP,90,false,431371,75
-1.6,1000,DOWN,90,false,431371,76
0,1000,LEFT,90,false,431371,77
-1.4,1500,RIGHT,90,false,431371,78
-4.8,1000,LEFT,90,false,431371,79
-2.1,1500,UP,90,false,431371,80
0,1500,DOWN,90,false,431371,81
-4.8,1000,DOWN,90,false,431371,82
1.4,1500,DOWN,90,false,431371,83
1.6,1000,LEFT,90,false,431371,84
0,1000,LEFT,270,false,431371,85
-1.6,1000,LEFT,270,false,431371,86
1.6,1000,UP,270,false,431371,87
-0.7,1500,DOWN,270,false,431371,88
0,1000,RIGHT,270,false,431371,89
-1.6,1000,RIGHT,270,false,431371,90
0.7,1500,LEFT,270,false,431371,91
-0.7,1500,UP,270,false,431371,92
1.06666,1000,DOWN,270,false,431371,93
1.06666,1000,UP,270,false,431371,94
2.1,1500,DOWN,270,false,431371,95
0,1500,DOWN,270,false,431371,96
1.6,1000,LEFT,270,false,431371,97
0.7,1500,RIGHT,270,false,431371,98
2.1,1500,LEFT,270,false,431371,99
-4.8,1000,UP,270,false,431371,100
4.8,1000,DOWN,270,false,431371,101
0.7,1500,UP,270,false,431371,102
-1.6,1000,RIGHT,270,false,431371,103
0,1500,LEFT,270,false,431371,104
0,1000,UP,270,false,431371,105
-0.7,1500,RIGHT,270,false,431371,106
0.7,1500,RIGHT,270,false,431371,107
4.8,1000,UP,270,false,431371,108
2.1,1500,UP,270,false,431371,109
1.4,1500,UP,270,false,431371,110
-1.4,1500,UP,270,false,431371,111
-0.7,1500,UP,270,false,431371,112
-0.7,1500,UP,90,false,431371,113
0,1000,RIGHT,90,false,431371,114
0.7,1500,LEFT,90,false,431371,115
3.54,1500,RIGHT,90,false,431371,116
3.2,1000,LEFT,90,false,431371,117
-3.2,1000,DOWN,90,false,431371,118
1.06666,1000,DOWN,90,false,431371,119
0.7,1500,UP,90,false,431371,120
-1.4,1500,UP,90,false,431371,121
-0.7,1500,LEFT,90,false,431371,122
-3.54,1500,LEFT,90,false,431371,123
0,1000,DOWN,90,false,431371,124
2.1,1500,RIGHT,90,false,431371,125
2.1,1500,DOWN,90,false,431371,126
1.4,1500,UP,90,false,431371,127
3.2,1000,DOWN,90,false,431371,128
-3.54,1500,UP,90,false,431371,129
-0.7,1500,LEFT,90,false,431371,130
1.4,1500,RIGHT,90,false,431371,131
0.7,1500,DOWN,90,false,431371,132
4.8,1000,DOWN,90,false,431371,133
0.7,1500,RIGHT,90,false,431371,134
1.06666,1000,LEFT,90,false,431371,135
-3.54,1500,DOWN,90,false,431371,136
0.7,1500,DOWN,90,false,431371,137
-1.6,1000,UP,90,false,431371,138
-0.7,1500,UP,90,false,431371,139
0.7,1500,DOWN,90,false,431371,140
0,1500,DOWN,270,false,431371,141
-1.4,1500,RIGHT,270,false,431371,142
0,1000,RIGHT,270,false,431371,143
0,1500,UP,270,false,431371,144
-1.4,1500,DOWN,270,false,431371,145
1.06666,1000,RIGHT,270,false,431371,146
1.4,1500,DOWN,270,false,431371,147
3.2,1000,RIGHT,270,false,431371,148
1.6,1000,RIGHT,270,false,431371,149
0.7,1500,UP,270,false,431371,150
-1.06666,1000,LEFT,270,false,431371,151
-0.7,1500,LEFT,270,false,431371,152
0,1000,UP,270,false,431371,153
2.1,1500,RIGHT,270,false,431371,154
-2.1,1500,LEFT,270,false,431371,155
0.7,1500,UP,270,false,431371,156
-1.6,1000,LEFT,270,false,431371,157
4.8,1000,RIGHT,270,false,431371,158
0.7,1500,RIGHT,270,false,431371,159
-4.8,1000,LEFT,270,false,431371,160
3.2,1000,UP,270,false,431371,161
0.7,1500,DOWN,270,false,431371,162
-3.2,1000,DOWN,270,false,431371,163
-0.7,1500,LEFT,270,false,431371,164
3.54,1500,DOWN,270,false,431371,165
-1.6,1000,DOWN,270,false,431371,166
-1.06666,1000,RIGHT,270,false,431371,167
1.6,1000,DOWN,270,false,431371,168
3.54,1500,DOWN,90,false,431371,169
0.7,1500,UP,90,false,431371,170
3.2,1000,RIGHT,90,false,431371,171
-1.4,1500,DOWN,90,false,431371,172
0,1500,RIGHT,90,false,431371,173
0.7,1500,LEFT,90,false,431371,174
1.6,1000,RIGHT,90,false,431371,175
0,1500,LEFT,90,false,431371,176
-0.7,1500,DOWN,90,false,431371,177
-1.6,1000,LEFT,90,false,431371,178
1.06666,1000,RIGHT,90,false,431371,179
-1.4,1500,DOWN,90,false,431371,180
-1.4,1500,RIGHT,90,false,431371,181
-4.8,1000,UP,90,false,431371,182
2.1,1500,UP,90,false,431371,183
-1.6,1000,LEFT,90,false,431371,184
-1.6,1000,RIGHT,90,false,431371,185
-1.6,1000,DOWN,90,false,431371,186
0,1500,DOWN,90,false,431371,187
0.7,1500,UP,90,false,431371,188
-1.06666,1000,DOWN,90,false,431371,189
0,1000,UP,90,false,431371,190
-1.06666,1000,UP,90,false,431371,191
-1.6,1000,RIGHT,90,false,431371,192
0,1500,UP,90,false,431371,193
-1.06666,1000,RIGHT,90,false,431371,194
4.8,1000,LEFT,90,false,431371,195
0.7,1500,RIGHT,90,false,431371,196
-2.1,1500,DOWN,270,false,431371,197
-4.8,1000,DOWN,270,false,431371,198
-1.4,1500,LEFT,270,false,431371,199
-0.7,1500,DOWN,270,false,431371,200
-0.7,1500,RIGHT,270,false,431371,201
-0.7,1500,LEFT,270,false,431371,202
0.7,1500,LEFT,270,false,431371,203
-1.6,1000,UP,270,false,431371,204
1.06666,1000,LEFT,270,false,431371,205
-2.1,1500,UP,270,false,431371,206
3.2,1000,LEFT,270,false,431371,207
0,1000,LEFT,270,false,431371,208
3.54,1500,UP,270,false,431371,209
0,1500,UP,270,false,431371,210
-3.2,1000,RIGHT,270,false,431371,211
3.2,1000,DOWN,270,false,431371,212
-1.4,1500,LEFT,270,false,431371,213
1.4,1500,LEFT,270,false,431371,214
-3.54,1500,RIGHT,270,false,431371,215
1.4,1500,DOWN,270,false,431371,216
4.8,1000,LEFT,270,false,431371,217
-1.4,1500,UP,270,false,431371,218
-3.2,1000,LEFT,270,false,431371,219
0,1500,RIGHT,270,false,431371,220
-1.4,1500,RIGHT,270,false,431371,221
-3.54,1500,DOWN,270,false,431371,222
0,1500,LEFT,270,false,431371,223
-1.6,1000,DOWN,270,false,431371,224
-2.1,1500,LEFT,0,true,431335,1
-3.2,1000,DOWN,0,true,431335,2
-3.2,1000,RIGHT,0,true,431335,3
3.2,1000,DOWN,0,true,431335,4
-2.1,1500,RIGHT,0,true,431335,5
2.1,1500,LEFT,0,true,431335,6
-2.1,1500,UP,0,true,431335,7
2.1,1500,RIGHT,0,true,431335,8
-3.2,1000,UP,0,true,431335,9
3.2,1000,RIGHT,0,true,431335,10
-3.2,1000,LEFT,0,true,431335,11
2.1,1500,DOWN,0,true,431335,12
2.1,1500,UP,0,true,431335,13
3.2,1000,UP,0,true,431335,14
-2.1,1500,DOWN,0,true,431335,15
3.2,1000,LEFT,0,true,431335,16
-3.54,1500,RIGHT,270,false,431335,1
-1.06666,1000,DOWN,270,false,431335,2
3.2,1000,LEFT,270,false,431335,3
-3.54,1500,DOWN,270,false,431335,4
0.7,1500,UP,270,false,431335,5
-3.2,1000,LEFT,270,false,431335,6
-1.06666,1000,RIGHT,270,false,431335,7
-1.06666,1000,LEFT,270,false,431335,8
1.6,1000,RIGHT,270,false,431335,9
1.4,1500,LEFT,270,false,431335,10
2.1,1500,UP,270,false,431335,11
0,1000,UP,270,false,431335,12
1.06666,1000,RIGHT,270,false,431335,13
-1.4,1500,RIGHT,270,false,431335,14
-4.8,1000,UP,270,false,431335,15
1.4,1500,LEFT,270,false,431335,16
-0.7,1500,RIGHT,270,false,431335,17
-1.6,1000,UP,270,false,431335,18
-1.6,1000,DOWN,270,false,431335,19
0,1000,RIGHT,270,false,431335,20
1.06666,1000,UP,270,false,431335,21
1.6,1000,DOWN,270,false,431335,22
0,1500,RIGHT,270,false,431335,23
-3.54,1500,LEFT,270,false,431335,24
-1.4,1500,UP,270,false,431335,25
0.7,1500,RIGHT,270,false,431335,26
3.54,1500,LEFT,270,false,431335,27
0.7,1500,DOWN,270,false,431335,28
0.7,1500,UP,90,false,431335,29
1.4,1500,LEFT,90,false,431335,30
0,1000,UP,90,false,431335,31
-1.6,1000,RIGHT,90,false,431335,32
-0.7,1500,UP,90,false,431335,33
0,1000,DOWN,90,false,431335,34
-0.7,1500,DOWN,90,false,431335,35
1.06666,1000,LEFT,90,false,431335,36
3.2,1000,LEFT,90,false,431335,37
0.7,1500,RIGHT,90,false,431335,38
-4.8,1000,RIGHT,90,false,431335,39
-1.6,1000,LEFT,90,false,431335,40
-1.4,1500,RIGHT,90,false,431335,41
-1.6,1000,UP,90,false,431335,42
-4.8,1000,DOWN,90,false,431335,43
-3.2,1000,UP,90,false,431335,44
-2.1,1500,DOWN,90,false,431335,45
-1.4,1500,UP,90,false,431335,46
2.1,1500,RIGHT,90,false,431335,47
-0.7,1500,DOWN,90,false,431335,48
4.8,1000,UP,90,false,431335,49
1.06666,1000,RIGHT,90,false,431335,50
0,1000,RIGHT,90,false,431335,51
1.6,1000,LEFT,90,false,431335,52
0.7,1500,DOWN,90,false,431335,53
3.54,1500,DOWN,90,false,431335,54
0.7,1500,LEFT,90,false,431335,55
0,1500,UP,90,false,431335,56
0,1000,RIGHT,270,false,431335,57
0,1500,UP,270,false,431335,58
-1.6,1000,DOWN,270,false,431335,59
-1.4,1500,LEFT,270,false,431335,60
0,1000,LEFT,270,false,431335,61
0,1000,LEFT,270,false,431335,62
-0.7,1500,LEFT,270,false,431335,63
-1.4,1500,LEFT,270,false,431335,64
3.2,1000,RIGHT,270,false,431335,65
-1.6,1000,LEFT,270,false,431335,66
-0.7,1500,LEFT,270,false,431335,67
-0.7,1500,RIGHT,270,false,431335,68
-2.1,1500,LEFT,270,false,431335,69
0,1000,DOWN,270,false,431335,70
0.7,1500,LEFT,270,false,431335,71
2.1,1500,LEFT,270,false,431335,72
0,1500,LEFT,270,false,431335,73
-1.4,1500,DOWN,270,false,431335,74
0,1500,UP,270,false,431335,75
1.4,1500,DOWN,270,false,431335,76
3.54,1500,RIGHT,270,false,431335,77
-1.6,1000,LEFT,270,false,431335,78
-1.4,1500,RIGHT,270,false,431335,79
3.54,1500,DOWN,270,false,431335,80
4.8,1000,LEFT,270,false,431335,81
-3.2,1000,RIGHT,270,false,431335,82
-4.8,1000,LEFT,270,false,431335,83
1.06666,1000,LEFT,270,false,431335,84
-2.1,1500,LEFT,90,false,431335,85
-2.1,1500,UP,90,false,431335,86
0,1000,LEFT,90,false,431335,87
-3.2,1000,LEFT,90,false,431335,88
-0.7,1500,LEFT,90,false,431335,89
0,1500,LEFT,90,false,431335,90
-3.54,1500,UP,90,false,431335,91
0,1500,DOWN,90,false,431335,92
1.4,1500,UP,90,false,431335,93
-3.54,1500,RIGHT,90,false,431335,94
-0.7,1500,RIGHT,90,false,431335,95
3.54,1500,LEFT,90,false,431335,96
1.6,1000,UP,90,false,431335,97
-0.7,1500,UP,90,false,431335,98
-1.6,1000,DOWN,90,false,431335,99
1.4,1500,RIGHT,90,false,431335,100
1.6,1000,DOWN,90,false,431335,101
1.6,1000,RIGHT,90,false,431335,102
0.7,1500,LEFT,90,false,431335,103
0,1000,DOWN,90,false,431335,104
1.06666,1000,DOWN,90,false,431335,105
1.4,1500,DOWN,90,false,431335,106
0,1500,UP,90,false,431335,107
0.7,1500,DOWN,90,false,431335,108
0,1500,DOWN,90,false,431335,109
0.7,1500,RIGHT,90,false,431335,110
-0.7,1500,LEFT,90,false,431335,111
0,1000,RIGHT,90,false,431335,112
-0.7,1500,UP,270,false,431335,113
-3.2,1000,DOWN,270,false,431335,114
-2.1,1500,RIGHT,270,false,431335,115
-1.6,1000,RIGHT,270,false,431335,116
1.6,1000,UP,270,false,431335,117
1.06666,1000,DOWN,270,false,431335,118
1.6,1000,UP,270,false,431335,119
-0.7,1500,DOWN,270,false,431335,120
-1.4,1500,DOWN,270,false,431335,121
0.7,1500,DOWN,270,false,431335,122
1.4,1500,UP,270,false,431335,123
0,1500,DOWN,270,false,431335,124
0,1000,UP,270,false,431335,125
-4.8,1000,DOWN,270,false,431335,126
-1.6,1000,RIGHT,270,false,431335,127
-2.1,1500,DOWN,270,false,431335,128
2.1,1500,RIGHT,270,false,431335,129
-1.4,1500,UP,270,false,431335,130
0,1500,DOWN,270,false,431335,131
1.6,1000,LEFT,270,false,431335,132
-0.7,1500,UP,270,false,431335,133
0,1000,DOWN,270,false,431335,134
0,1500,LEFT,270,false,431335,135
2.1,1500,DOWN,270,false,431335,136
-3.54,1500,UP,270,false,431335,137
-0.7,1500,LEFT,270,false,431335,138
1.4,1500,RIGHT,270,false,431335,139
1.6,1000,LEFT,270,false,431335,140
1.4,1500,LEFT,90,false,431335,141
0.7,1500,UP,90,false,431335,142
-1.4,1500,UP,90,false,431335,143
3.2,1000,RIGHT,90,false,431335,144
-0.7,1500,UP,90,false,431335,145
-0.7,1500,LEFT,90,false,431335,146
2.1,1500,LEFT,90,false,431335,147
3.54,1500,UP,90,false,431335,148
-1.6,1000,RIGHT,90,false,431335,149
-1.06666,1000,LEFT,90,false,431335,150
1.6,1000,RIGHT,90,false,431335,151
4.8,1000,DOWN,90,false,431335,152
3.2,1000,UP,90,false,431335,153
-2.1,1500,RIGHT,90,false,431335,154
-0.7,1500,RIGHT,90,false,431335,155
1.4,1500,RIGHT,90,false,431335,156
2.1,1500,UP,90,false,431335,157
0,1500,LEFT,90,false,431335,158
-1.4,1500,RIGHT,90,false,431335,159
-0.7,1500,RIGHT,90,false,431335,160
-1.6,1000,LEFT,90,false,431335,161
0.7,1500,RIGHT,90,false,431335,162
-4.8,1000,LEFT,90,false,431335,163
-0.7,1500,DOWN,90,false,431335,164
-4.8,1000,UP,90,false,431335,165
-1.06666,1000,UP,90,false,431335,166
-3.2,1000,RIGHT,90,false,431335,167
-1.6,1000,UP,90,false,431335,168
-1.06666,1000,UP,270,false,431335,169
4.8,1000,UP,270,false,431335,170
0.7,1500,LEFT,270,false,431335,171
1.4,1500,UP,270,false,431335,172
1.4,1500,RIGHT,270,false,431335,173
0.7,1500,UP,270,false,431335,174
-4.8,1000,RIGHT,270,false,431335,175
3.2,1000,UP,270,false,431335,176
-1.6,1000,UP,270,false,431335,177
4.8,1000,RIGHT,270,false,431335,178
-2.1,1500,UP,270,false,431335,179
-0.7,1500,DOWN,270,false,431335,180
1.6,1000,RIGHT,270,false,431335,181
0.7,1500,LEFT,270,false,431335,182
0.7,1500,RIGHT,270,false,431335,183
0,1500,RIGHT,270,false,431335,184
0.7,1500,RIGHT,270,false,431335,185
0.7,1500,DOWN,270,false,431335,186
1.6,1000,DOWN,270,false,431335,187
3.2,1000,DOWN,270,false,431335,188
1.4,1500,DOWN,270,false,431335,189
0.7,1500,UP,270,false,431335,190
-3.2,1000,UP,270,false,431335,191
3.54,1500,UP,270,false,431335,192
4.8,1000,DOWN,270,false,431335,193
-0.7,1500,UP,270,false,431335,194
-0.7,1500,RIGHT,270,false,431335,195
-0.7,1500,DOWN,270,false,431335,196
1.6,1000,LEFT,90,false,431335,197
0,1500,RIGHT,90,false,431335,198
1.06666,1000,UP,90,false,431335,199
-1.06666,1000,RIGHT,90,false,431335,200
0,1000,UP,90,false,431335,201
4.8,1000,RIGHT,90,false,431335,202
1.6,1000,UP,90,false,431335,203
-1.4,1500,DOWN,90,false,431335,204
0.7,1500,DOWN,90,false,431335,205
3.2,1000,DOWN,90,false,431335,206
-1.4,1500,LEFT,90,false,431335,207
2.1,1500,DOWN,90,false,431335,208
-1.4,1500,DOWN,90,false,431335,209
0,1500,RIGHT,90,false,431335,210
-1.6,1000,DOWN,90,false,431335,211
1.4,1500,UP,90,false,431335,212
3.54,1500,RIGHT,90,false,431335,213
-1.06666,1000,DOWN,90,false,431335,214
-3.54,1500,DOWN,90,false,431335,215
0,1000,LEFT,90,false,431335,216
1.4,1500,DOWN,90,false,431335,217
-1.4,1500,LEFT,90,false,431335,218
0.7,1500,UP,90,false,431335,219
4.8,1000,LEFT,90,false,431335,220
1.6,1000,DOWN,90,false,431335,221
-3.54,1500,LEFT,90,false,431335,222
-3.2,1000,DOWN,90,false,431335,223
0.7,1500,LEFT,90,false,431335,224
2.1,1500,LEFT,0,true,431356,1
-3.2,1000,UP,0,true,431356,2
2.1,1500,UP,0,true,431356,3
-2.1,1500,UP,0,true,431356,4
2.1,1500,RIGHT,0,true,431356,5
-3.2,1000,DOWN,0,true,431356,6
-2.1,1500,DOWN,0,true,431356,7
-3.2,1000,RIGHT,0,true,431356,8
3.2,1000,DOWN,0,true,431356,9
-3.2,1000,LEFT,0,true,431356,10
3.2,1000,UP,0,true,431356,11
3.2,1000,RIGHT,0,true,431356,12
-2.1,1500,LEFT,0,true,431356,13
3.2,1000,LEFT,0,true,431356,14
-2.1,1500,RIGHT,0,true,431356,15
2.1,1500,DOWN,0,true,431356,16
1.4,1500,RIGHT,90,false,431356,1
3.54,1500,DOWN,90,false,431356,2
-3.2,1000,LEFT,90,false,431356,3
-3.2,1000,DOWN,90,false,431356,4
-0.7,1500,LEFT,90,false,431356,5
-4.8,1000,RIGHT,90,false,431356,6
0.7,1500,DOWN,90,false,431356,7
-4.8,1000,DOWN,90,false,431356,8
0,1500,RIGHT,90,false,431356,9
-3.2,1000,UP,90,false,431356,10
-1.4,1500,DOWN,90,false,431356,11
1.6,1000,LEFT,90,false,431356,12
1.6,1000,DOWN,90,false,431356,13
4.8,1000,DOWN,90,false,431356,14
3.54,1500,RIGHT,90,false,431356,15
-1.06666,1000,RIGHT,90,false,431356,16
-1.6,1000,DOWN,90,false,431356,17
1.06666,1000,RIGHT,90,false,431356,18
-0.7,1500,RIGHT,90,false,431356,19
1.06666,1000,UP,90,false,431356,20
-0.7,1500,UP,90,false,431356,21
-1.4,1500,UP,90,false,431356,22
3.54,1500,UP,90,false,431356,23
1.4,1500,LEFT,90,false,431356,24
2.1,1500,RIGHT,90,false,431356,25
0.7,1500,UP,90,false,431356,26
4.8,1000,RIGHT,90,false,431356,27
1.4,1500,UP,90,false,431356,28
0,1000,UP,270,false,431356,29
1.6,1000,DOWN,270,false,431356,30
0.7,1500,DOWN,270,false,431356,31
-1.6,1000,RIGHT,270,false,431356,32
-2.1,1500,UP,270,false,431356,33
-1.06666,1000,RIGHT,270,false,431356,34
4.8,1000,LEFT,270,false,431356,35
1.06666,1000,LEFT,270,false,431356,36
0,1000,LEFT,270,false,431356,37
-3.2,1000,UP,270,false,431356,38
-1.6,1000,DOWN,270,false,431356,39
-0.7,1500,LEFT,270,false,431356,40
-4.8,1000,LEFT,270,false,431356,41
0.7,1500,RIGHT,270,false,431356,42
-2.1,1500,RIGHT,270,false,431356,43
-1.06666,1000,UP,270,false,431356,44
-3.2,1000,DOWN,270,false,431356,45
2.1,1500,DOWN,270,false,431356,46
-0.7,1500,RIGHT,270,false,431356,47
-1.4,1500,UP,270,false,431356,48
-1.6,1000,UP,270,false,431356,49
1.6,1000,UP,270,false,431356,50
-4.8,1000,DOWN,270,false,431356,51
1.6,1000,RIGHT,270,false,431356,52
-3.54,1500,RIGHT,270,false,431356,53
-0.7,1500,UP,270,false,431356,54
-0.7,1500,LEFT,270,false,431356,55
0,1000,UP,270,false,431356,56
-0.7,1500,UP,90,false,431356,57
-1.6,1000,LEFT,90,false,431356,58
1.06666,1000,LEFT,90,false,431356,59
0.7,1500,UP,90,false,431356,60
0,1000,UP,90,false,431356,61
-1.6,1000,UP,90,false,431356,62
3.2,1000,RIGHT,90,false,431356,63
4.8,1000,LEFT,90,false,431356,64
0,1500,LEFT,90,false,431356,65
1.6,1000,UP,90,false,431356,66
0,1500,UP,90,false,431356,67
4.8,1000,UP,90,false,431356,68
-1.6,1000,UP,90,false,431356,69
0,1000,RIGHT,90,false,431356,70
0.7,1500,LEFT,90,false,431356,71
3.2,1000,DOWN,90,false,431356,72
0.7,1500,DOWN,90,false,431356,73
0,1000,UP,90,false,431356,74
-0.7,1500,UP,90,false,431356,75
-1.6,1000,DOWN,90,false,431356,76
-1.4,1500,LEFT,90,false,431356,77
1.4,1500,DOWN,90,false,431356,78
0,1000,RIGHT,90,false,431356,79
1.4,1500,RIGHT,90,false,431356,80
-4.8,1000,UP,90,false,431356,81
2.1,1500,DOWN,90,false,431356,82
0,1500,RIGHT,90,false,431356,83
1.6,1000,RIGHT,90,false,431356,84
0.7,1500,LEFT,270,false,431356,85
0.7,1500,LEFT,270,false,431356,86
2.1,1500,LEFT,270,false,431356,87
-0.7,1500,DOWN,270,false,431356,88
3.2,1000,LEFT,270,false,431356,89
0,1000,RIGHT,270,false,431356,90
-0.7,1500,RIGHT,270,false,431356,91
1.06666,1000,UP,270,false,431356,92
0.7,1500,DOWN,270,false,431356,93
0,1500,RIGHT,270,false,431356,94
-1.06666,1000,LEFT,270,false,431356,95
3.54,1500,UP,270,false,431356,96
0.7,1500,RIGHT,270,false,431356,97
-1.6,1000,LEFT,270,false,431356,98
-0.7,1500,LEFT,270,false,431356,99
0,1000,DOWN,270,false,431356,100
1.6,1000,DOWN,270,false,431356,101
-1.6,1000,LEFT,270,false,431356,102
-1.4,1500,LEFT,270,false,431356,103
1.4,1500,UP,270,false,431356,104
0,1500,LEFT,270,false,431356,105
1.4,1500,UP,270,false,431356,106
-4.8,1000,UP,270,false,431356,107
1.6,1000,LEFT,270,false,431356,108
0.7,1500,UP,270,false,431356,109
-1.4,1500,DOWN,270,false,431356,110
-1.6,1000,DOWN,270,false,431356,111
0.7,1500,LEFT,270,false,431356,112
0.7,1500,LEFT,90,false,431356,113
-0.7,1500,DOWN,90,false,431356,114
-1.4,1500,UP,90,false,431356,115
-2.1,1500,RIGHT,90,false,431356,116
-3.54,1500,DOWN,90,false,431356,117
-0.7,1500,DOWN,90,false,431356,118
-1.6,1000,LEFT,90,false,431356,119
0,1000,DOWN,90,false,431356,120
0,1500,LEFT,90,false,431356,121
0,1500,UP,90,false,431356,122
1.06666,1000,DOWN,90,false,431356,123
1.4,1500,DOWN,90,false,431356,124
-2.1,1500,LEFT,90,false,431356,125
1.6,1000,LEFT,90,false,431356,126
0.7,1500,RIGHT,90,false,431356,127
1.4,1500,UP,90,false,431356,128
1.6,1000,RIGHT,90,false,431356,129
0.7,1500,RIGHT,90,false,431356,130
-4.8,1000,LEFT,90,false,431356,131
-2.1,1500,DOWN,90,false,431356,132
3.2,1000,LEFT,90,false,431356,133
-1.06666,1000,UP,90,false,431356,134
3.2,1000,UP,90,false,431356,135
-3.54,1500,RIGHT,90,false,431356,136
0.7,1500,LEFT,90,false,431356,137
-1.06666,1000,LEFT,90,false,431356,138
-1.6,1000,RIGHT,90,false,431356,139
-1.4,1500,LEFT,90,false,431356,140
0.7,1500,RIGHT,270,false,431356,141
1.06666,1000,DOWN,270,false,431356,142
-1.06666,1000,DOWN,270,false,431356,143
-0.7,1500,UP,270,false,431356,144
4.8,1000,DOWN,270,false,431356,145
0.7,1500,DOWN,270,false,431356,146
-0.7,1500,DOWN,270,false,431356,147
-1.4,1500,DOWN,270,false,431356,148
1.4,1500,RIGHT,270,false,431356,149
-3.54,1500,LEFT,270,false,431356,150
3.2,1000,UP,270,false,431356,151
-1.6,1000,UP,270,false,431356,152
-2.1,1500,DOWN,270,false,431356,153
-0.7,1500,RIGHT,270,false,431356,154
3.2,1000,DOWN,270,false,431356,155
-2.1,1500,LEFT,270,false,431356,156
1.6,1000,RIGHT,270,false,431356,157
-1.4,1500,LEFT,270,false,431356,158
1.4,1500,RIGHT,270,false,431356,159
0,1000,RIGHT,270,false,431356,160
0.7,1500,UP,270,false,431356,161
-3.54,1500,UP,270,false,431356,162
2.1,1500,RIGHT,270,false,431356,163
-3.54,1500,DOWN,270,false,431356,164
0,1500,UP,270,false,431356,165
0,1500,UP,270,false,431356,166
0,1500,DOWN,270,false,431356,167
3.54,1500,DOWN,270,false,431356,168
-1.4,1500,RIGHT,90,false,431356,169
0,1000,LEFT,90,false,431356,170
-1.06666,1000,DOWN,90,false,431356,171
-1.4,1500,RIGHT,90,false,431356,172
-0.7,1500,LEFT,90,false,431356,173
-2.1,1500,UP,90,false,431356,174
-3.54,1500,LEFT,90,false,431356,175
0,1000,LEFT,90,false,431356,176
1.4,1500,LEFT,90,false,431356,177
0.7,1500,UP,90,false,431356,178
-0.7,1500,LEFT,90,false,431356,179
2.1,1500,UP,90,false,431356,180
1.6,1000,DOWN,90,false,431356,181
-0.7,1500,RIGHT,90,false,431356,182
-3.54,1500,UP,90,false,431356,183
0.7,1500,DOWN,90,false,431356,184
3.54,1500,LEFT,90,false,431356,185
1.6,1000,UP,90,false,431356,186
-0.7,1500,RIGHT,90,false,431356,187
0.7,1500,RIGHT,90,false,431356,188
-1.6,1000,RIGHT,90,false,431356,189
0,1500,DOWN,90,false,431356,190
-3.2,1000,RIGHT,90,false,431356,191
2.1,1500,LEFT,90,false,431356,192
-0.7,1500,DOWN,90,false,431356,193
0,1500,DOWN,90,false,431356,194
0,1000,DOWN,90,false,431356,195
-1.4,1500,DOWN,90,false,431356,196
1.6,1000,LEFT,270,false,431356,197
-3.2,1000,LEFT,270,false,431356,198
0,1000,LEFT,270,false,431356,199
2.1,1500,UP,270,false,431356,200
0.7,1500,UP,270,false,431356,201
-1.4,1500,UP,270,false,431356,202
-1.4,1500,RIGHT,270,false,431356,203
-4.8,1000,RIGHT,270,false,431356,204
0,1500,LEFT,270,false,431356,205
3.54,1500,LEFT,270,false,431356,206
-1.4,1500,RIGHT,270,false,431356,207
1.06666,1000,RIGHT,270,false,431356,208
1.4,1500,DOWN,270,false,431356,209
1.4,1500,LEFT,270,false,431356,210
-0.7,1500,DOWN,270,false,431356,211
4.8,1000,RIGHT,270,false,431356,212
3.2,1000,RIGHT,270,false,431356,213
1.4,1500,LEFT,270,false,431356,214
1.4,1500,DOWN,270,false,431356,215
0,1500,DOWN,270,false,431356,216
-3.2,1000,RIGHT,270,false,431356,217
4.8,1000,UP,270,false,431356,218
0,1000,DOWN,270,false,431356,219
-1.6,1000,RIGHT,270,false,431356,220
3.54,1500,RIGHT,270,false,431356,221
1.6,1000,UP,270,false,431356,222
-0.7,1500,UP,270,false,431356,223
0,1500,RIGHT,270,false,431356,224
-2.1,1500,UP,0,true,431361,1
2.1,1500,DOWN,0,true,431361,2
2.1,1500,RIGHT,0,true,431361,3
-3.2,1000,RIGHT,0,true,431361,4
3.2,1000,UP,0,true,431361,5
2.1,1500,UP,0,true,431361,6
3.2,1000,RIGHT,0,true,431361,7
3.2,1000,LEFT,0,true,431361,8
2.1,1500,LEFT,0,true,431361,9
-3.2,1000,DOWN,0,true,431361,10
-3.2,1000,LEFT,0,true,431361,11
3.2,1000,DOWN,0,true,431361,12
-3.2,1000,UP,0,true,431361,13
-2.1,1500,RIGHT,0,true,431361,14
-2.1,1500,DOWN,0,true,431361,15
-2.1,1500,LEFT,0,true,431361,16
0,1000,DOWN,270,false,431361,1
1.4,1500,DOWN,270,false,431361,2
1.4,1500,RIGHT,270,false,431361,3
0,1500,UP,270,false,431361,4
0,1000,RIGHT,270,false,431361,5
0,1000,LEFT,270,false,431361,6
0,1500,LEFT,270,false,431361,7
3.54,1500,UP,270,false,431361,8
0,1500,LEFT,270,false,431361,9
-4.8,1000,LEFT,270,false,431361,10
0.7,1500,RIGHT,270,false,431361,11
0.7,1500,DOWN,270,false,431361,12
0.7,1500,DOWN,270,false,431361,13
-1.6,1000,LEFT,270,false,431361,14
3.2,1000,LEFT,270,false,431361,15
-4.8,1000,UP,270,false,431361,16
0.7,1500,RIGHT,270,false,431361,17
0,1500,DOWN,270,false,431361,18
-0.7,1500,DOWN,270,false,431361,19
4.8,1000,UP,270,false,431361,20
0.7,1500,UP,270,false,431361,21
-1.06666,1000,DOWN,270,false,431361,22
3.54,1500,LEFT,270,false,431361,23
-4.8,1000,RIGHT,270,false,431361,24
1.6,1000,UP,270,false,431361,25
-1.4,1500,RIGHT,270,false,431361,26
1.6,1000,LEFT,270,false,431361,27
1.6,1000,DOWN,270,false,431361,28
1.6,1000,RIGHT,90,false,431361,29
-1.6,1000,RIGHT,90,false,431361,30
3.2,1000,LEFT,90,false,431361,31
-1.4,1500,RIGHT,90,false,431361,32
0,1000,UP,90,false,431361,33
-1.6,1000,RIGHT,90,false,431361,34
1.4,1500,UP,90,false,431361,35
1.6,1000,UP,90,false,431361,36
-1.4,1500,DOWN,90,false,431361,37
-4.8,1000,LEFT,90,false,431361,38
1.6,1000,DOWN,90,false,431361,39
3.2,1000,RIGHT,90,false,431361,40
1.06666,1000,LEFT,90,false,431361,41
0,1000,RIGHT,90,false,431361,42
2.1,1500,DOWN,90,false,431361,43
-1.4,1500,DOWN,90,false,431361,44
1.6,1000,RIGHT,90,false,431361,45
4.8,1000,DOWN,90,false,431361,46
3.54,1500,DOWN,90,false,431361,47
-1.6,1000,UP,90,false,431361,48
1.4,1500,DOWN,90,false,431361,49
1.4,1500,LEFT,90,false,431361,50
-2.1,1500,RIGHT,90,false,431361,51
3.2,1000,UP,90,false,431361,52
3.54,1500,UP,90,false,431361,53
0.7,1500,RIGHT,90,false,431361,54
-2.1,1500,DOWN,90,false,431361,55
-1.06666,1000,DOWN,90,false,431361,56
1.06666,1000,UP,270,false,431361,57
2.1,1500,UP,270,false,431361,58
-0.7,1500,DOWN,270,false,431361,59
4.8,1000,LEFT,270,false,431361,60
0,1500,RIGHT,270,false,431361,61
1.6,1000,RIGHT,270,false,431361,62
0,1500,UP,270,false,431361,63
1.4,1500,RIGHT,270,false,431361,64
0.7,1500,LEFT,270,false,431361,65
3.2,1000,UP,270,false,431361,66
-1.4,1500,RIGHT,270,false,431361,67
3.54,1500,RIGHT,270,false,431361,68
-3.54,1500,DOWN,270,false,431361,69
-1.6,1000,UP,270,false,431361,70
-0.7,1500,UP,270,false,431361,71
-1.4,1500,DOWN,270,false,431361,72
-3.54,1500,LEFT,270,false,431361,73
3.2,1000,RIGHT,270,false,431361,74
-2.1,1500,LEFT,270,false,431361,75
-1.6,1000,DOWN,270,false,431361,76
-3.2,1000,DOWN,270,false,431361,77
-1.6,1000,RIGHT,270,false,431361,78
-4.8,1000,DOWN,270,false,431361,79
-1.6,1000,LEFT,270,false,431361,80
1.4,1500,LEFT,270,false,431361,81
-1.06666,1000,LEFT,270,false,431361,82
-3.54,1500,RIGHT,270,false,431361,83
1.06666,1000,RIGHT,270,false,431361,84
0.7,1500,UP,90,false,431361,85
-3.2,1000,DOWN,90,false,431361,86
1.4,1500,DOWN,90,false,431361,87
-0.7,1500,LEFT,90,false,431361,88
4.8,1000,LEFT,90,false,431361,89
-1.6,1000,DOWN,90,false,431361,90
0,1500,DOWN,90,false,431361,91
-1.6,1000,LEFT,90,false,431361,92
0.7,1500,RIGHT,90,false,431361,93
0.7,1500,LEFT,90,false,431361,94
1.6,1000,LEFT,90,false,431361,95
1.4,1500,UP,90,false,431361,96
1.06666,1000,RIGHT,90,false,431361,97
-1.4,1500,LEFT,90,false,431361,98
-0.7,1500,RIGHT,90,false,431361,99
0.7,1500,DOWN,90,false,431361,100
0,1000,RIGHT,90,false,431361,101
-0.7,1500,UP,90,false,431361,102
1.4,1500,RIGHT,90,false,431361,103
1.6,1000,UP,90,false,431361,104
0.7,1500,LEFT,90,false,431361,105
0.7,1500,UP,90,false,431361,106
-1.6,1000,LEFT,90,false,431361,107
-1.4,1500,UP,90,false,431361,108
-3.2,1000,RIGHT,90,false,431361,109
-1.4,1500,RIGHT,90,false,431361,110
0,1500,RIGHT,90,false,431361,111
0,1500,LEFT,90,false,431361,112
3.54,1500,DOWN,270,false,431361,113
-0.7,1500,LEFT,270,false,431361,114
0.7,1500,UP,270,false,431361,115
1.6,1000,RIGHT,270,false,431361,116
-0.7,1500,RIGHT,270,false,431361,117
1.6,1000,LEFT,270,false,431361,118
4.8,1000,RIGHT,270,false,431361,119
-0.7,1500,LEFT,270,false,431361,120
-3.2,1000,RIGHT,270,false,431361,121
-0.7,1500,UP,270,false,431361,122
1.6,1000,DOWN,270,false,431361,123
0,1000,DOWN,270,false,431361,124
1.06666,1000,LEFT,270,false,431361,125
1.4,1500,UP,270,false,431361,126
3.2,1000,DOWN,270,false,431361,127
0,1000,UP,270,false,431361,128
0,1000,RIGHT,270,false,431361,129
2.1,1500,DOWN,270,false,431361,130
0,1000,LEFT,270,false,431361,131
0.7,1500,DOWN,270,false,431361,132
-0.7,1500,LEFT,270,false,431361,133
1.06666,1000,DOWN,270,false,431361,134
-1.6,1000,DOWN,270,false,431361,135
2.1,1500,LEFT,270,false,431361,136
-1.4,1500,UP,270,false,431361,137
-1.06666,1000,RIGHT,270,false,431361,138
-2.1,1500,UP,270,false,431361,139
0.7,1500,LEFT,270,false,431361,140
-3.54,1500,DOWN,90,false,431361,141
-3.54,1500,RIGHT,90,false,431361,142
-1.6,1000,UP,90,false,431361,143
1.6,1000,LEFT,90,false,431361,144
-1.06666,1000,LEFT,90,false,431361,145
0,1000,LEFT,90,false,431361,146
-0.7,1500,DOWN,90,false,431361,147
0.7,1500,LEFT,90,false,431361,148
2.1,1500,LEFT,90,false,431361,149
-3.2,1000,LEFT,90,false,431361,150
-1.4,1500,UP,90,false,431361,151
-0.7,1500,DOWN,90,false,431361,152
-0.7,1500,RIGHT,90,false,431361,153
0,1000,DOWN,90,false,431361,154
-0.7,1500,UP,90,false,431361,155
0.7,1500,DOWN,90,false,431361,156
-4.8,1000,UP,90,false,431361,157
3.54,1500,LEFT,90,false,431361,158
-2.1,1500,UP,90,false,431361,159
1.06666,1000,DOWN,90,false,431361,160
1.4,1500,LEFT,90,false,431361,161
4.8,1000,RIGHT,90,false,431361,162
2.1,1500,RIGHT,90,false,431361,163
0,1500,RIGHT,90,false,431361,164
4.8,1000,UP,90,false,431361,165
-1.4,1500,LEFT,90,false,431361,166
-1.06666,1000,RIGHT,90,false,431361,167
-0.7,1500,RIGHT,90,false,431361,168
-3.2,1000,UP,270,false,431361,169
-0.7,1500,DOWN,270,false,431361,170
0,1500,RIGHT,270,false,431361,171
-1.6,1000,UP,270,false,431361,172
1.4,1500,DOWN,270,false,431361,173
0.7,1500,UP,270,false,431361,174
-2.1,1500,RIGHT,270,false,431361,175
0.7,1500,RIGHT,270,false,431361,176
1.4,1500,LEFT,270,false,431361,177
-0.7,1500,UP,270,false,431361,178
-2.1,1500,DOWN,270,false,431361,179
-3.54,1500,UP,270,false,431361,180
0.7,1500,LEFT,270,false,431361,181
1.4,1500,UP,270,false,431361,182
0,1500,DOWN,270,false,431361,183
-1.4,1500,LEFT,270,false,431361,184
-0.7,1500,RIGHT,270,false,431361,185
-1.4,1500,UP,270,false,431361,186
-1.4,1500,DOWN,270,false,431361,187
-3.2,1000,LEFT,270,false,431361,188
2.1,1500,RIGHT,270,false,431361,189
-1.4,1500,LEFT,270,false,431361,190
-1.06666,1000,UP,270,false,431361,191
4.8,1000,DOWN,270,false,431361,192
-1.6,1000,RIGHT,270,false,431361,193
0,1000,UP,270,false,431361,194
1.6,1000,UP,270,false,431361,195
-0.7,1500,RIGHT,270,false,431361,196
0,1000,UP,90,false,431361,197
0.7,1500,DOWN,90,false,431361,198
0.7,1500,RIGHT,90,false,431361,199
1.4,1500,RIGHT,90,false,431361,200
1.06666,1000,UP,90,false,431361,201
-3.54,1500,UP,90,false,431361,202
-3.2,1000,UP,90,false,431361,203
-0.7,1500,LEFT,90,false,431361,204
-4.8,1000,RIGHT,90,false,431361,205
1.6,1000,DOWN,90,false,431361,206
3.54,1500,RIGHT,90,false,431361,207
-4.8,1000,DOWN,90,false,431361,208
0,1500,UP,90,false,431361,209
-0.7,1500,LEFT,90,false,431361,210
-0.7,1500,UP,90,false,431361,211
-2.1,1500,LEFT,90,false,431361,212
-3.54,1500,LEFT,90,false,431361,213
0.7,1500,UP,90,false,431361,214
2.1,1500,UP,90,false,431361,215
-0.7,1500,DOWN,90,false,431361,216
0,1500,UP,90,false,431361,217
-1.06666,1000,UP,90,false,431361,218
0,1500,LEFT,90,false,431361,219
3.2,1000,DOWN,90,false,431361,220
0,1500,DOWN,90,false,431361,221
0,1000,DOWN,90,false,431361,222
0,1000,LEFT,90,false,431361,223
-1.6,1000,DOWN,90,false,431361,224
3.2,1000,UP,0,true,431452,1
2.1,1500,LEFT,0,true,431452,2
-3.2,1000,RIGHT,0,true,431452,3
2.1,1500,RIGHT,0,true,431452,4
3.2,1000,DOWN,0,true,431452,5
2.1,1500,DOWN,0,true,431452,6
3.2,1000,RIGHT,0,true,431452,7
-3.2,1000,DOWN,0,true,431452,8
-2.1,1500,UP,0,true,431452,9
-2.1,1500,DOWN,0,true,431452,10
-2.1,1500,LEFT,0,true,431452,11
-3.2,1000,UP,0,true,431452,12
3.2,1000,LEFT,0,true,431452,13
-3.2,1000,LEFT,0,true,431452,14
-2.1,1500,RIGHT,0,true,431452,15
2.1,1500,UP,0,true,431452,16
-0.7,1500,UP,270,false,431452,1
-0.7,1500,UP,270,false,431452,2
1.4,1500,DOWN,270,false,431452,3
-0.7,1500,LEFT,270,false,431452,4
-4.8,1000,LEFT,270,false,431452,5
-1.06666,1000,RIGHT,270,false,431452,6
-3.54,1500,RIGHT,270,false,431452,7
-1.6,1000,LEFT,270,false,431452,8
2.1,1500,RIGHT,270,false,431452,9
1.6,1000,LEFT,270,false,431452,10
0,1500,LEFT,270,false,431452,11
0.7,1500,RIGHT,270,false,431452,12
-0.7,1500,DOWN,270,false,431452,13
-0.7,1500,LEFT,270,false,431452,14
-1.6,1000,UP,270,false,431452,15
0,1000,LEFT,270,false,431452,16
1.4,1500,LEFT,270,false,431452,17
4.8,1000,DOWN,270,false,431452,18
0,1000,DOWN,270,false,431452,19
1.6,1000,UP,270,false,431452,20
4.8,1000,UP,270,false,431452,21
-1.06666,1000,UP,270,false,431452,22
1.06666,1000,DOWN,270,false,431452,23
-1.4,1500,DOWN,270,false,431452,24
0,1500,DOWN,270,false,431452,25
-1.4,1500,UP,270,false,431452,26
-1.06666,1000,LEFT,270,false,431452,27
3.54,1500,RIGHT,270,false,431452,28
-0.7,1500,DOWN,90,false,431452,29
-2.1,1500,DOWN,90,false,431452,30
-0.7,1500,DOWN,90,false,431452,31
-2.1,1500,UP,90,false,431452,32
0,1000,LEFT,90,false,431452,33
-0.7,1500,UP,90,false,431452,34
-1.4,1500,RIGHT,90,false,431452,35
-3.54,1500,RIGHT,90,false,431452,36
-1.6,1000,DOWN,90,false,431452,37
1.06666,1000,LEFT,90,false,431452,38
4.8,1000,DOWN,90,false,431452,39
-1.4,1500,DOWN,90,false,431452,40
1.4,1500,DOWN,90,false,431452,41
-1.4,1500,RIGHT,90,false,431452,42
0.7,1500,LEFT,90,false,431452,43
1.4,1500,RIGHT,90,false,431452,44
-1.6,1000,UP,90,false,431452,45
1.06666,1000,UP,90,false,431452,46
0.7,1500,UP,90,false,431452,47
0,1500,UP,90,false,431452,48
-1.6,1000,LEFT,90,false,431452,49
-1.6,1000,LEFT,90,false,431452,50
-1.6,1000,DOWN,90,false,431452,51
-1.06666,1000,DOWN,90,false,431452,52
0.7,1500,LEFT,90,false,431452,53
1.4,1500,UP,90,false,431452,54
-3.54,1500,UP,90,false,431452,55
4.8,1000,LEFT,90,false,431452,56
-1.6,1000,RIGHT,270,false,431452,57
0,1000,LEFT,270,false,431452,58
2.1,1500,UP,270,false,431452,59
0.7,1500,LEFT,270,false,431452,60
0,1500,RIGHT,270,false,431452,61
-2.1,1500,LEFT,270,false,431452,62
-2.1,1500,RIGHT,270,false,431452,63
-0.7,1500,RIGHT,270,false,431452,64
1.6,1000,RIGHT,270,false,431452,65
0.7,1500,LEFT,270,false,431452,66
1.4,1500,UP,270,false,431452,67
3.2,1000,LEFT,270,false,431452,68
0,1500,RIGHT,270,false,431452,69
0,1500,DOWN,270,false,431452,70
0,1000,RIGHT,270,false,431452,71
-0.7,1500,LEFT,270,false,431452,72
0,1500,LEFT,270,false,431452,73
1.6,1000,DOWN,270,false,431452,74
1.6,1000,DOWN,270,false,431452,75
0,1000,UP,270,false,431452,76
-1.6,1000,DOWN,270,false,431452,77
0.7,1500,DOWN,270,false,431452,78
-2.1,1500,UP,270,false,431452,79
3.2,1000,UP,270,false,431452,80
-3.54,1500,LEFT,270,false,431452,81
0.7,1500,LEFT,270,false,431452,82
1.4,1500,LEFT,270,false,431452,83
4.8,1000,RIGHT,270,false,431452,84
-1.4,1500,LEFT,90,false,431452,85
-1.06666,1000,UP,90,false,431452,86
-4.8,1000,RIGHT,90,false,431452,87
1.6,1000,DOWN,90,false,431452,88
0.7,1500,UP,90,false,431452,89
1.4,1500,DOWN,90,false,431452,90
-1.4,1500,DOWN,90,false,431452,91
-3.2,1000,RIGHT,90,false,431452,92
-1.06666,1000,LEFT,90,false,431452,93
0.7,1500,RIGHT,90,false,431452,94
0.7,1500,LEFT,90,false,431452,95
0.7,1500,RIGHT,90,false,431452,96
0,1500,LEFT,90,false,431452,97
0.7,1500,RIGHT,90,false,431452,98
0,1000,DOWN,90,false,431452,99
3.2,1000,DOWN,90,false,431452,100
-3.54,1500,LEFT,90,false,431452,101
2.1,1500,DOWN,90,false,431452,102
1.6,1000,RIGHT,90,false,431452,103
1.6,1000,RIGHT,90,false,431452,104
0,1000,UP,90,false,431452,105
-2.1,1500,RIGHT,90,false,431452,106
4.8,1000,UP,90,false,431452,107
1.4,1500,UP,90,false,431452,108
-0.7,1500,LEFT,90,false,431452,109
-4.8,1000,DOWN,90,false,431452,110
-3.2,1000,UP,90,false,431452,111
-4.8,1000,LEFT,90,false,431452,112
0,1500,UP,270,false,431452,113
1.6,1000,UP,270,false,431452,114
-0.7,1500,RIGHT,270,false,431452,115
0.7,1500,DOWN,270,false,431452,116
-4.8,1000,RIGHT,270,false,431452,117
1.4,1500,UP,270,false,431452,118
-1.06666,1000,DOWN,270,false,431452,119
-0.7,1500,RIGHT,270,false,431452,120
-0.7,1500,UP,270,false,431452,121
-1.6,1000,DOWN,270,false,431452,122
0,1000,DOWN,270,false,431452,123
0.7,1500,RIGHT,270,false,431452,124
-2.1,1500,DOWN,270,false,431452,125
-1.4,1500,RIGHT,270,false,431452,126
-3.2,1000,UP,270,false,431452,127
-3.54,1500,UP,270,false,431452,128
0,1000,RIGHT,270,false,431452,129
3.2,1000,RIGHT,270,false,431452,130
3.2,1000,DOWN,270,false,431452,131
-1.6,1000,UP,270,false,431452,132
-1.4,1500,DOWN,270,false,431452,133
3.54,1500,UP,270,false,431452,134
0.7,1500,DOWN,270,false,431452,135
0.7,1500,UP,270,false,431452,136
1.4,1500,DOWN,270,false,431452,137
-3.2,1000,RIGHT,270,false,431452,138
-1.4,1500,RIGHT,270,false,431452,139
2.1,1500,DOWN,270,false,431452,140
0,1500,UP,90,false,431452,141
0.7,1500,DOWN,90,false,431452,142
0,1500,RIGHT,90,false,431452,143
-1.6,1000,RIGHT,90,false,431452,144
1.06666,1000,RIGHT,90,false,431452,145
-1.4,1500,LEFT,90,false,431452,146
3.2,1000,LEFT,90,false,431452,147
-3.2,1000,LEFT,90,false,431452,148
1.4,1500,LEFT,90,false,431452,149
-0.7,1500,RIGHT,90,false,431452,150
0,1500,DOWN,90,false,431452,151
-0.7,1500,RIGHT,90,false,431452,152
-1.4,1500,UP,90,false,431452,153
0,1000,UP,90,false,431452,154
-1.4,1500,UP,90,false,431452,155
3.54,1500,RIGHT,90,false,431452,156
2.1,1500,LEFT,90,false,431452,157
3.54,1500,DOWN,90,false,431452,158
-3.54,1500,DOWN,90,false,431452,159
2.1,1500,RIGHT,90,false,431452,160
0.7,1500,DOWN,90,false,431452,161
1.6,1000,UP,90,false,431452,162
1.4,1500,LEFT,90,false,431452,163
1.06666,1000,DOWN,90,false,431452,164
3.54,1500,LEFT,90,false,431452,165
-0.7,1500,UP,90,false,431452,166
-0.7,1500,RIGHT,90,false,431452,167
1.6,1000,LEFT,90,false,431452,168
-0.7,1500,DOWN,270,false,431452,169
0.7,1500,RIGHT,270,false,431452,170
1.06666,1000,LEFT,270,false,431452,171
-0.7,1500,DOWN,270,false,431452,172
-1.6,1000,LEFT,270,false,431452,173
1.4,1500,RIGHT,270,false,431452,174
-3.2,1000,DOWN,270,false,431452,175
4.8,1000,LEFT,270,false,431452,176
-4.8,1000,UP,270,false,431452,177
2.1,1500,LEFT,270,false,431452,178
1.6,1000,RIGHT,270,false,431452,179
1.6,1000,LEFT,270,false,431452,180
-1.6,1000,RIGHT,270,false,431452,181
0.7,1500,UP,270,false,431452,182
1.4,1500,RIGHT,270,false,431452,183
1.06666,1000,UP,270,false,431452,184
-3.54,1500,DOWN,270,false,431452,185
3.54,1500,LEFT,270,false,431452,186
-1.4,1500,LEFT,270,false,431452,187
-4.8,1000,DOWN,270,false,431452,188
0,1000,UP,270,false,431452,189
0,1500,UP,270,false,431452,190
-3.2,1000,LEFT,270,false,431452,191
1.06666,1000,RIGHT,270,false,431452,192
3.54,1500,DOWN,270,false,431452,193
0.7,1500,UP,270,false,431452,194
-1.4,1500,UP,270,false,431452,195
-1.4,1500,LEFT,270,false,431452,196
1.6,1000,LEFT,90,false,431452,197
1.4,1500,RIGHT,90,false,431452,198
4.8,1000,RIGHT,90,false,431452,199
-3.2,1000,DOWN,90,false,431452,200
-1.6,1000,RIGHT,90,false,431452,201
-0.7,1500,LEFT,90,false,431452,202
-2.1,1500,LEFT,90,false,431452,203
3.2,1000,UP,90,false,431452,204
1.6,1000,UP,90,false,431452,205
3.54,1500,UP,90,false,431452,206
0,1000,RIGHT,90,false,431452,207
3.2,1000,RIGHT,90,false,431452,208
-1.6,1000,UP,90,false,431452,209
0.7,1500,DOWN,90,false,431452,210
-4.8,1000,UP,90,false,431452,211
0,1000,RIGHT,90,false,431452,212
-1.06666,1000,RIGHT,90,false,431452,213
0,1500,DOWN,90,false,431452,214
0,1000,LEFT,90,false,431452,215
-0.7,1500,UP,90,false,431452,216
0.7,1500,UP,90,false,431452,217
-0.7,1500,DOWN,90,false,431452,218
0,1500,RIGHT,90,false,431452,219
0,1000,DOWN,90,false,431452,220
2.1,1500,UP,90,false,431452,221
1.6,1000,DOWN,90,false,431452,222
-0.7,1500,LEFT,90,false,431452,223
0,1500,LEFT,90,false,431452,224
-3.2,1000,DOWN,0,true,431364,1
-3.2,1000,RIGHT,0,true,431364,2
-2.1,1500,RIGHT,0,true,431364,3
-2.1,1500,LEFT,0,true,431364,4
-2.1,1500,UP,0,true,431364,5
3.2,1000,RIGHT,0,true,431364,6
-2.1,1500,DOWN,0,true,431364,7
3.2,1000,LEFT,0,true,431364,8
2.1,1500,LEFT,0,true,431364,9
3.2,1000,DOWN,0,true,431364,10
2.1,1500,DOWN,0,true,431364,11
2.1,1500,UP,0,true,431364,12
-3.2,1000,LEFT,0,true,431364,13
-3.2,1000,UP,0,true,431364,14
3.2,1000,UP,0,true,431364,15
2.1,1500,RIGHT,0,true,431364,16
0.7,1500,UP,90,false,431364,1
0,1000,DOWN,90,false,431364,2
-3.2,1000,RIGHT,90,false,431364,3
0.7,1500,RIGHT,90,false,431364,4
-0.7,1500,UP,90,false,431364,5
1.4,1500,UP,90,false,431364,6
-1.6,1000,DOWN,90,false,431364,7
1.4,1500,DOWN,90,false,431364,8
-3.54,1500,UP,90,false,431364,9
-0.7,1500,LEFT,90,false,431364,10
4.8,1000,RIGHT,90,false,431364,11
1.06666,1000,RIGHT,90,false,431364,12
1.6,1000,UP,90,false,431364,13
-3.54,1500,RIGHT,90,false,431364,14
1.6,1000,LEFT,90,false,431364,15
-4.8,1000,DOWN,90,false,431364,16
-2.1,1500,LEFT,90,false,431364,17
-1.4,1500,DOWN,90,false,431364,18
0.7,1500,RIGHT,90,false,431364,19
4.8,1000,UP,90,false,431364,20
-1.4,1500,UP,90,false,431364,21
-2.1,1500,DOWN,90,false,431364,22
0,1000,RIGHT,90,false,431364,23
0.7,1500,UP,90,false,431364,24
-1.6,1000,UP,90,false,431364,25
1.6,1000,UP,90,false,431364,26
0,1500,DOWN,90,false,431364,27
-1.6,1000,RIGHT,90,false,431364,28
0,1500,RIGHT,270,false,431364,29
-0.7,1500,LEFT,270,false,431364,30
1.4,1500,RIGHT,270,false,431364,31
0.7,1500,LEFT,270,false,431364,32
1.6,1000,RIGHT,270,false,431364,33
-1.4,1500,RIGHT,270,false,431364,34
-1.06666,1000,LEFT,270,false,431364,35
0.7,1500,UP,270,false,431364,36
3.2,1000,DOWN,270,false,431364,37
3.54,1500,RIGHT,270,false,431364,38
-1.6,1000,DOWN,270,false,431364,39
1.4,1500,LEFT,270,false,431364,40
3.2,1000,LEFT,270,false,431364,41
1.4,1500,DOWN,270,false,431364,42
-2.1,1500,LEFT,270,false,431364,43
-1.6,1000,UP,270,false,431364,44
-0.7,1500,LEFT,270,false,431364,45
1.4,1500,RIGHT,270,false,431364,46
0.7,1500,UP,270,false,431364,47
0.7,1500,DOWN,270,false,431364,48
-4.8,1000,DOWN,270,false,431364,49
-1.06666,1000,DOWN,270,false,431364,50
-1.4,1500,LEFT,270,false,431364,51
-0.7,1500,RIGHT,270,false,431364,52
-1.4,1500,UP,270,false,431364,53
0,1000,RIGHT,270,false,431364,54
0,1500,LEFT,270,false,431364,55
0.7,1500,LEFT,270,false,431364,56
-0.7,1500,RIGHT,90,false,431364,57
-1.6,1000,UP,90,false,431364,58
-1.6,1000,RIGHT,90,false,431364,59
-0.7,1500,LEFT,90,false,431364,60
0,1500,LEFT,90,false,431364,61
0,1000,LEFT,90,false,431364,62
1.4,1500,RIGHT,90,false,431364,63
-0.7,1500,LEFT,90,false,431364,64
0.7,1500,RIGHT,90,false,431364,65
-1.4,1500,LEFT,90,false,431364,66
-1.4,1500,RIGHT,90,false,431364,67
0.7,1500,UP,90,false,431364,68
0,1500,DOWN,90,false,431364,69
1.06666,1000,UP,90,false,431364,70
1.6,1000,RIGHT,90,false,431364,71
3.54,1500,DOWN,90,false,431364,72
0.7,1500,DOWN,90,false,431364,73
-3.54,1500,DOWN,90,false,431364,74
0,1500,RIGHT,90,false,431364,75
2.1,1500,LEFT,90,false,431364,76
-3.2,1000,LEFT,90,false,431364,77
2.1,1500,DOWN,90,false,431364,78
-4.8,1000,RIGHT,90,false,431364,79
3.2,1000,RIGHT,90,false,431364,80
-4.8,1000,LEFT,90,false,431364,81
0,1000,UP,90,false,431364,82
-0.7,1500,DOWN,90,false,431364,83
-1.6,1000,DOWN,90,false,431364,84
-0.7,1500,DOWN,270,false,431364,85
-0.7,1500,DOWN,270,false,431364,86
0,1000,DOWN,270,false,431364,87
-1.4,1500,DOWN,270,false,431364,88
-3.54,1500,RIGHT,270,false,431364,89
-2.1,1500,UP,270,false,431364,90
-0.7,1500,RIGHT,270,false,431364,91
1.4,1500,DOWN,270,false,431364,92
1.6,1000,DOWN,270,false,431364,93
1.06666,1000,DOWN,270,false,431364,94
-0.7,1500,UP,270,false,431364,95
2.1,1500,RIGHT,270,false,431364,96
-1.6,1000,LEFT,270,false,431364,97
-1.6,1000,RIGHT,270,false,431364,98
1.6,1000,UP,270,false,431364,99
0,1000,LEFT,270,false,431364,100
3.54,1500,DOWN,270,false,431364,101
-1.06666,1000,UP,270,false,431364,102
-1.6,1000,DOWN,270,false,431364,103
0.7,1500,RIGHT,270,false,431364,104
-1.6,1000,LEFT,270,false,431364,105
-3.2,1000,RIGHT,270,false,431364,106
-1.4,1500,LEFT,270,false,431364,107
-1.4,1500,UP,270,false,431364,108
-3.54,1500,DOWN,270,false,431364,109
1.6,1000,LEFT,270,false,431364,110
0,1500,UP,270,false,431364,111
-4.8,1000,RIGHT,270,false,431364,112
3.2,1000,LEFT,90,false,431364,113
3.54,1500,UP,90,false,431364,114
-0.7,1500,RIGHT,90,false,431364,115
4.8,1000,LEFT,90,false,431364,116
-1.4,1500,RIGHT,90,false,431364,117
2.1,1500,UP,90,false,431364,118
-3.2,1000,DOWN,90,false,431364,119
-1.6,1000,LEFT,90,false,431364,120
2.1,1500,RIGHT,90,false,431364,121
-2.1,1500,RIGHT,90,false,431364,122
-1.06666,1000,LEFT,90,false,431364,123
-1.06666,1000,UP,90,false,431364,124
-1.4,1500,UP,90,false,431364,125
3.2,1000,UP,90,false,431364,126
1.6,1000,LEFT,90,false,431364,127
-1.4,1500,DOWN,90,false,431364,128
-0.7,1500,UP,90,false,431364,129
-3.54,1500,LEFT,90,false,431364,130
0.7,1500,DOWN,90,false,431364,131
-0.7,1500,DOWN,90,false,431364,132
1.6,1000,DOWN,90,false,431364,133
-1.06666,1000,DOWN,90,false,431364,134
0,1500,LEFT,90,false,431364,135
0,1000,UP,90,false,431364,136
1.4,1500,LEFT,90,false,431364,137
0.7,1500,DOWN,90,false,431364,138
0,1000,DOWN,90,false,431364,139
1.4,1500,UP,90,false,431364,140
4.8,1000,UP,270,false,431364,141
-2.1,1500,RIGHT,270,false,431364,142
-0.7,1500,UP,270,false,431364,143
-4.8,1000,LEFT,270,false,431364,144
-0.7,1500,LEFT,270,false,431364,145
3.2,1000,RIGHT,270,false,431364,146
4.8,1000,DOWN,270,false,431364,147
1.06666,1000,LEFT,270,false,431364,148
-1.6,1000,RIGHT,270,false,431364,149
1.06666,1000,UP,270,false,431364,150
2.1,1500,UP,270,false,431364,151
3.2,1000,UP,270,false,431364,152
-1.6,1000,UP,270,false,431364,153
0.7,1500,DOWN,270,false,431364,154
0.7,1500,DOWN,270,false,431364,155
0,1500,DOWN,270,false,431364,156
2.1,1500,DOWN,270,false,431364,157
1.06666,1000,RIGHT,270,false,431364,158
-3.2,1000,UP,270,false,431364,159
4.8,1000,RIGHT,270,false,431364,160
0,1500,RIGHT,270,false,431364,161
0,1500,UP,270,false,431364,162
-3.54,1500,UP,270,false,431364,163
1.4,1500,LEFT,270,false,431364,164
-1.4,1500,RIGHT,270,false,431364,165
0,1000,RIGHT,270,false,431364,166
-0.7,1500,UP,270,false,431364,167
-2.1,1500,DOWN,270,false,431364,168
-3.2,1000,UP,90,false,431364,169
1.6,1000,DOWN,90,false,431364,170
-0.7,1500,UP,90,false,431364,171
-1.6,1000,LEFT,90,false,431364,172
0,1500,UP,90,false,431364,173
0,1500,RIGHT,90,false,431364,174
0.7,1500,LEFT,90,false,431364,175
1.06666,1000,LEFT,90,false,431364,176
3.2,1000,DOWN,90,false,431364,177
-1.4,1500,LEFT,90,false,431364,178
1.4,1500,LEFT,90,false,431364,179
-0.7,1500,DOWN,90,false,431364,180
0.7,1500,LEFT,90,false,431364,181
1.06666,1000,DOWN,90,false,431364,182
-4.8,1000,UP,90,false,431364,183
-1.06666,1000,RIGHT,90,false,431364,184
0,1500,UP,90,false,431364,185
-2.1,1500,UP,90,false,431364,186
3.54,1500,RIGHT,90,false,431364,187
4.8,1000,DOWN,90,false,431364,188
1.6,1000,RIGHT,90,false,431364,189
0.7,1500,LEFT,90,false,431364,190
-0.7,1500,RIGHT,90,false,431364,191
1.4,1500,RIGHT,90,false,431364,192
0,1000,LEFT,90,false,431364,193
0,1000,RIGHT,90,false,431364,194
1.4,1500,DOWN,90,false,431364,195
3.54,1500,LEFT,90,false,431364,196
3.54,1500,UP,270,false,431364,197
-3.2,1000,LEFT,270,false,431364,198
1.6,1000,LEFT,270,false,431364,199
2.1,1500,LEFT,270,false,431364,200
0,1000,LEFT,270,false,431364,201
0,1500,LEFT,270,false,431364,202
-3.54,1500,LEFT,270,false,431364,203
3.54,1500,LEFT,270,false,431364,204
0,1000,UP,270,false,431364,205
-4.8,1000,UP,270,false,431364,206
0.7,1500,LEFT,270,false,431364,207
-0.7,1500,RIGHT,270,false,431364,208
0.7,1500,RIGHT,270,false,431364,209
1.6,1000,UP,270,false,431364,210
0,1000,DOWN,270,false,431364,211
-1.4,1500,DOWN,270,false,431364,212
0,1500,DOWN,270,false,431364,213
0,1000,UP,270,false,431364,214
-0.7,1500,DOWN,270,false,431364,215
0.7,1500,RIGHT,270,false,431364,216
0.7,1500,UP,270,false,431364,217
4.8,1000,LEFT,270,false,431364,218
-1.06666,1000,RIGHT,270,false,431364,219
1.6,1000,DOWN,270,false,431364,220
1.4,1500,UP,270,false,431364,221
-3.2,1000,DOWN,270,false,431364,222
1.4,1500,UP,270,false,431364,223
1.6,1000,RIGHT,270,false,431364,224
3.2,1000,DOWN,0,true,431342,1
3.2,1000,LEFT,0,true,431342,2
2.1,1500,UP,0,true,431342,3
-2.1,1500,DOWN,0,true,431342,4
-3.2,1000,LEFT,0,true,431342,5
2.1,1500,DOWN,0,true,431342,6
3.2,1000,UP,0,true,431342,7
-2.1,1500,UP,0,true,431342,8
-3.2,1000,DOWN,0,true,431342,9
-3.2,1000,UP,0,true,431342,10
2.1,1500,RIGHT,0,true,431342,11
3.2,1000,RIGHT,0,true,431342,12
-2.1,1500,RIGHT,0,true,431342,13
-2.1,1500,LEFT,0,true,431342,14
2.1,1500,LEFT,0,true,431342,15
-3.2,1000,RIGHT,0,true,431342,16
-1.4,1500,UP,90,false,431342,1
1.6,1000,DOWN,90,false,431342,2
-3.54,1500,DOWN,90,false,431342,3
-3.54,1500,LEFT,90,false,431342,4
1.4,1500,RIGHT,90,false,431342,5
-0.7,1500,RIGHT,90,false,431342,6
-1.6,1000,UP,90,false,431342,7
2.1,1500,DOWN,90,false,431342,8
1.4,1500,DOWN,90,false,431342,9
3.54,1500,DOWN,90,false,431342,10
-0.7,1500,UP,90,false,431342,11
-1.6,1000,DOWN,90,false,431342,12
1.4,1500,RIGHT,90,false,431342,13
-1.4,1500,DOWN,90,false,431342,14
-1.4,1500,RIGHT,90,false,431342,15
1.4,1500,LEFT,90,false,431342,16
3.54,1500,UP,90,false,431342,17
-1.6,1000,LEFT,90,false,431342,18
0.7,1500,UP,90,false,431342,19
0.7,1500,RIGHT,90,false,431342,20
0,1000,LEFT,90,false,431342,21
1.4,1500,UP,90,false,431342,22
-4.8,1000,RIGHT,90,false,431342,23
0,1500,UP,90,false,431342,24
2.1,1500,UP,90,false,431342,25
0.7,1500,DOWN,90,false,431342,26
-1.6,1000,UP,90,false,431342,27
0.7,1500,RIGHT,90,false,431342,28
0.7,1500,RIGHT,270,false,431342,29
1.6,1000,RIGHT,270,false,431342,30
1.4,1500,DOWN,270,false,431342,31
0.7,1500,LEFT,270,false,431342,32
0,1000,DOWN,270,false,431342,33
-4.8,1000,UP,270,false,431342,34
1.4,1500,UP,270,false,431342,35
-0.7,1500,UP,270,false,431342,36
0,1000,UP,270,false,431342,37
0,1000,DOWN,270,false,431342,38
1.6,1000,UP,270,false,431342,39
-3.2,1000,UP,270,false,431342,40
-1.4,1500,UP,270,false,431342,41
0.7,1500,RIGHT,270,false,431342,42
3.54,1500,RIGHT,270,false,431342,43
1.06666,1000,DOWN,270,false,431342,44
-1.06666,1000,UP,270,false,431342,45
-1.4,1500,DOWN,270,false,431342,46
-0.7,1500,RIGHT,270,false,431342,47
1.6,1000,RIGHT,270,false,431342,48
1.06666,1000,UP,270,false,431342,49
0.7,1500,DOWN,270,false,431342,50
1.6,1000,DOWN,270,false,431342,51
2.1,1500,LEFT,270,false,431342,52
-0.7,1500,RIGHT,270,false,431342,53
1.4,1500,UP,270,false,431342,54
-1.6,1000,DOWN,270,false,431342,55
-0.7,1500,LEFT,270,false,431342,56
3.2,1000,UP,90,false,431342,57
-3.2,1000,LEFT,90,false,431342,58
-0.7,1500,LEFT,90,false,431342,59
-3.2,1000,DOWN,90,false,431342,60
1.4,1500,DOWN,90,false,431342,61
3.2,1000,LEFT,90,false,431342,62
0.7,1500,DOWN,90,false,431342,63
4.8,1000,DOWN,90,false,431342,64
0,1500,DOWN,90,false,431342,65
-1.06666,1000,LEFT,90,false,431342,66
-0.7,1500,RIGHT,90,false,431342,67
0,1500,RIGHT,90,false,431342,68
0.7,1500,LEFT,90,false,431342,69
0,1000,DOWN,90,false,431342,70
-4.8,1000,DOWN,90,false,431342,71
0,1000,RIGHT,90,false,431342,72
0,1500,LEFT,90,false,431342,73
-2.1,1500,LEFT,90,false,431342,74
-0.7,1500,DOWN,90,false,431342,75
-4.8,1000,LEFT,90,false,431342,76
-0.7,1500,DOWN,90,false,431342,77
1.6,1000,RIGHT,90,false,431342,78
0,1000,LEFT,90,false,431342,79
-2.1,1500,DOWN,90,false,431342,80
0,1500,UP,90,false,431342,81
-2.1,1500,UP,90,false,431342,82
3.54,1500,RIGHT,90,false,431342,83
0.7,1500,UP,90,false,431342,84
0,1500,DOWN,270,false,431342,85
0,1500,RIGHT,270,false,431342,86
-1.6,1000,RIGHT,270,false,431342,87
4.8,1000,LEFT,270,false,431342,88
0,1500,RIGHT,270,false,431342,89
-1.06666,1000,RIGHT,270,false,431342,90
2.1,1500,DOWN,270,false,431342,91
-0.7,1500,UP,270,false,431342,92
1.6,1000,LEFT,270,false,431342,93
1.4,1500,DOWN,270,false,431342,94
0.7,1500,LEFT,270,false,431342,95
-1.4,1500,LEFT,270,false,431342,96
0.7,1500,UP,270,false,431342,97
-1.06666,1000,LEFT,270,false,431342,98
1.4,1500,RIGHT,270,false,431342,99
3.54,1500,UP,270,false,431342,100
-0.7,1500,UP,270,false,431342,101
-0.7,1500,LEFT,270,false,431342,102
-3.54,1500,LEFT,270,false,431342,103
3.2,1000,UP,270,false,431342,104
0,1000,RIGHT,270,false,431342,105
0,1500,UP,270,false,431342,106
-0.7,1500,RIGHT,270,false,431342,107
0,1000,RIGHT,270,false,431342,108
-1.4,1500,UP,270,false,431342,109
3.2,1000,DOWN,270,false,431342,110
0.7,1500,DOWN,270,false,431342,111
-1.6,1000,DOWN,270,false,431342,112
-1.6,1000,DOWN,90,false,431342,113
1.06666,1000,RIGHT,90,false,431342,114
-1.06666,1000,RIGHT,90,false,431342,115
-1.6,1000,RIGHT,90,false,431342,116
3.54,1500,LEFT,90,false,431342,117
4.8,1000,RIGHT,90,false,431342,118
0.7,1500,DOWN,90,false,431342,119
-1.06666,1000,DOWN,90,false,431342,120
-3.2,1000,UP,90,false,431342,121
3.2,1000,DOWN,90,false,431342,122
0,1500,DOWN,90,false,431342,123
-1.06666,1000,UP,90,false,431342,124
-0.7,1500,LEFT,90,false,431342,125
4.8,1000,LEFT,90,false,431342,126
-0.7,1500,LEFT,90,false,431342,127
1.06666,1000,UP,90,false,431342,128
1.6,1000,RIGHT,90,false,431342,129
-2.1,1500,RIGHT,90,false,431342,130
-3.54,1500,UP,90,false,431342,131
0,1000,UP,90,false,431342,132
-0.7,1500,RIGHT,90,false,431342,133
-1.4,1500,LEFT,90,false,431342,134
3.2,1000,RIGHT,90,false,431342,135
0.7,1500,RIGHT,90,false,431342,136
0,1000,RIGHT,90,false,431342,137
-4.8,1000,UP,90,false,431342,138
1.6,1000,UP,90,false,431342,139
1.06666,1000,DOWN,90,false,431342,140
3.54,1500,LEFT,270,false,431342,141
-1.4,1500,DOWN,270,false,431342,142
-1.6,1000,UP,270,false,431342,143
0,1500,LEFT,270,false,431342,144
3.2,1000,RIGHT,270,false,431342,145
-3.2,1000,LEFT,270,false,431342,146
-3.54,1500,DOWN,270,false,431342,147
-0.7,1500,DOWN,270,false,431342,148
1.6,1000,DOWN,270,false,431342,149
-4.8,1000,DOWN,270,false,431342,150
-1.4,1500,RIGHT,270,false,431342,151
4.8,1000,DOWN,270,false,431342,152
3.2,1000,LEFT,270,false,431342,153
0.7,1500,LEFT,270,false,431342,154
-4.8,1000,RIGHT,270,false,431342,155
1.06666,1000,LEFT,270,false,431342,156
1.6,1000,LEFT,270,false,431342,157
0.7,1500,UP,270,false,431342,158
-1.6,1000,LEFT,270,false,431342,159
1.6,1000,UP,270,false,431342,160
-2.1,1500,LEFT,270,false,431342,161
-2.1,1500,UP,270,false,431342,162
2.1,1500,RIGHT,270,false,431342,163
0,1500,DOWN,270,false,431342,164
-1.06666,1000,DOWN,270,false,431342,165
0,1000,UP,270,false,431342,166
3.54,1500,DOWN,270,false,431342,167
-1.6,1000,UP,270,false,431342,168
0.7,1500,LEFT,90,false,431342,169
1.6,1000,UP,90,false,431342,170
0,1000,DOWN,90,false,431342,171
-3.2,1000,RIGHT,90,false,431342,172
-3.54,1500,RIGHT,90,false,431342,173
-1.6,1000,LEFT,90,false,431342,174
1.6,1000,DOWN,90,false,431342,175
0,1500,LEFT,90,false,431342,176
1.4,1500,UP,90,false,431342,177
0.7,1500,LEFT,90,false,431342,178
2.1,1500,RIGHT,90,false,431342,179
-1.4,1500,RIGHT,90,false,431342,180
-0.7,1500,DOWN,90,false,431342,181
0.7,1500,UP,90,false,431342,182
1.6,1000,LEFT,90,false,431342,183
0,1000,UP,90,false,431342,184
-1.4,1500,DOWN,90,false,431342,185
-1.4,1500,LEFT,90,false,431342,186
4.8,1000,UP,90,false,431342,187
1.06666,1000,LEFT,90,false,431342,188
-0.7,1500,UP,90,false,431342,189
-0.7,1500,UP,90,false,431342,190
0,1500,RIGHT,90,false,431342,191
1.4,1500,LEFT,90,false,431342,192
-1.6,1000,RIGHT,90,false,431342,193
2.1,1500,LEFT,90,false,431342,194
1.6,1000,LEFT,90,false,431342,195
-1.4,1500,UP,90,false,431342,196
-3.2,1000,DOWN,270,false,431342,197
2.1,1500,UP,270,false,431342,198
-1.4,1500,LEFT,270,false,431342,199
-0.7,1500,LEFT,270,false,431342,200
1.06666,1000,RIGHT,270,false,431342,201
-0.7,1500,DOWN,270,false,431342,202
0.7,1500,UP,270,false,431342,203
-4.8,1000,LEFT,270,false,431342,204
-2.1,1500,RIGHT,270,false,431342,205
0.7,1500,DOWN,270,false,431342,206
0,1500,LEFT,270,false,431342,207
-3.54,1500,UP,270,false,431342,208
1.4,1500,LEFT,270,false,431342,209
0,1000,LEFT,270,false,431342,210
0.7,1500,RIGHT,270,false,431342,211
1.4,1500,RIGHT,270,false,431342,212
-0.7,1500,DOWN,270,false,431342,213
-3.2,1000,RIGHT,270,false,431342,214
1.4,1500,LEFT,270,false,431342,215
4.8,1000,UP,270,false,431342,216
-1.6,1000,RIGHT,270,false,431342,217
-3.54,1500,RIGHT,270,false,431342,218
-2.1,1500,DOWN,270,false,431342,219
0,1500,UP,270,false,431342,220
-1.4,1500,RIGHT,270,false,431342,221
0,1000,LEFT,270,false,431342,222
-1.6,1000,LEFT,270,false,431342,223
4.8,1000,RIGHT,270,false,431342,224
3.2,1000,RIGHT,0,true,431367,1
3.2,1000,DOWN,0,true,431367,2
2.1,1500,DOWN,0,true,431367,3
3.2,1000,UP,0,true,431367,4
-2.1,1500,DOWN,0,true,431367,5
2.1,1500,LEFT,0,true,431367,6
2.1,1500,RIGHT,0,true,431367,7
-2.1,1500,UP,0,true,431367,8
2.1,1500,UP,0,true,431367,9
-3.2,1000,LEFT,0,true,431367,10
3.2,1000,LEFT,0,true,431367,11
-3.2,1000,UP,0,true,431367,12
-3.2,1000,DOWN,0,true,431367,13
-2.1,1500,RIGHT,0,true,431367,14
-2.1,1500,LEFT,0,true,431367,15
-3.2,1000,RIGHT,0,true,431367,16
1.06666,1000,RIGHT,90,false,431367,1
-1.6,1000,RIGHT,90,false,431367,2
-2.1,1500,LEFT,90,false,431367,3
3.2,1000,LEFT,90,false,431367,4
-0.7,1500,UP,90,false,431367,5
1.6,1000,UP,90,false,431367,6
-1.6,1000,LEFT,90,false,431367,7
1.6,1000,DOWN,90,false,431367,8
-1.4,1500,RIGHT,90,false,431367,9
-1.06666,1000,DOWN,90,false,431367,10
1.6,1000,UP,90,false,431367,11
0,1000,LEFT,90,false,431367,12
-1.6,1000,LEFT,90,false,431367,13
0.7,1500,UP,90,false,431367,14
0,1500,LEFT,90,false,431367,15
-0.7,1500,DOWN,90,false,431367,16
1.6,1000,RIGHT,90,false,431367,17
0.7,1500,LEFT,90,false,431367,18
3.2,1000,DOWN,90,false,431367,19
-1.06666,1000,RIGHT,90,false,431367,20
0,1000,DOWN,90,false,431367,21
0,1500,LEFT,90,false,431367,22
0,1500,RIGHT,90,false,431367,23
1.6,1000,RIGHT,90,false,431367,24
3.54,1500,UP,90,false,431367,25
-2.1,1500,RIGHT,90,false,431367,26
-0.7,1500,RIGHT,90,false,431367,27
1.6,1000,LEFT,90,false,431367,28
0,1000,RIGHT,270,false,431367,29
0,1500,LEFT,270,false,431367,30
-1.6,1000,UP,270,false,431367,31
0.7,1500,LEFT,270,false,431367,32
-0.7,1500,LEFT,270,false,431367,33
-1.6,1000,DOWN,270,false,431367,34
0,1000,UP,270,false,431367,35
-0.7,1500,UP,270,false,431367,36
4.8,1000,RIGHT,270,false,431367,37
-1.6,1000,LEFT,270,false,431367,38
0.7,1500,RIGHT,270,false,431367,39
0.7,1500,RIGHT,270,false,431367,40
0.7,1500,UP,270,false,431367,41
-3.2,1000,DOWN,270,false,431367,42
1.4,1500,UP,270,false,431367,43
-1.4,1500,DOWN,270,false,431367,44
-1.6,1000,DOWN,270,false,431367,45
-1.06666,1000,DOWN,270,false,431367,46
3.2,1000,LEFT,270,false,431367,47
0,1000,LEFT,270,false,431367,48
0.7,1500,DOWN,270,false,431367,49
1.06666,1000,UP,270,false,431367,50
1.4,1500,UP,270,false,431367,51
1.06666,1000,DOWN,270,false,431367,52
1.4,1500,DOWN,270,false,431367,53
-3.2,1000,UP,270,false,431367,54
-1.4,1500,DOWN,270,false,431367,55
0,1500,LEFT,270,false,431367,56
0,1500,UP,90,false,431367,57
-0.7,1500,LEFT,90,false,431367,58
0.7,1500,UP,90,false,431367,59
-4.8,1000,UP,90,false,431367,60
0,1500,DOWN,90,false,431367,61
0,1500,DOWN,90,false,431367,62
-3.54,1500,DOWN,90,false,431367,63
4.8,1000,DOWN,90,false,431367,64
-1.6,1000,UP,90,false,431367,65
1.06666,1000,DOWN,90,false,431367,66
-3.54,1500,LEFT,90,false,431367,67
0.7,1500,LEFT,90,false,431367,68
0,1000,RIGHT,90,false,431367,69
-1.4,1500,DOWN,90,false,431367,70
0,1000,LEFT,90,false,431367,71
-2.1,1500,UP,90,false,431367,72
0.7,1500,RIGHT,90,false,431367,73
-4.8,1000,LEFT,90,false,431367,74
-0.7,1500,UP,90,false,431367,75
0.7,1500,DOWN,90,false,431367,76
0,1000,UP,90,false,431367,77
3.54,1500,LEFT,90,false,431367,78
1.4,1500,LEFT,90,false,431367,79
-1.4,1500,UP,90,false,431367,80
4.8,1000,RIGHT,90,false,431367,81
0.7,1500,LEFT,90,false,431367,82
4.8,1000,UP,90,false,431367,83
0.7,1500,RIGHT,90,false,431367,84
1.6,1000,LEFT,270,false,431367,85
1.6,1000,LEFT,270,false,431367,86
1.4,1500,LEFT,270,false,431367,87
0,1500,DOWN,270,false,431367,88
-0.7,1500,RIGHT,270,false,431367,89
-2.1,1500,DOWN,270,false,431367,90
-4.8,1000,LEFT,270,false,431367,91
0,1000,LEFT,270,false,431367,92
-3.2,1000,LEFT,270,false,431367,93
1.4,1500,RIGHT,270,false,431367,94
-3.2,1000,RIGHT,270,false,431367,95
-3.54,1500,LEFT,270,false,431367,96
-1.4,1500,RIGHT,270,false,431367,97
1.6,1000,UP,270,false,431367,98
-1.4,1500,LEFT,270,false,431367,99
4.8,1000,DOWN,270,false,431367,100
2.1,1500,UP,270,false,431367,101
1.4,1500,DOWN,270,false,431367,102
1.6,1000,RIGHT,270,false,431367,103
1.4,1500,RIGHT,270,false,431367,104
-2.1,1500,RIGHT,270,false,431367,105
1.06666,1000,LEFT,270,false,431367,106
-1.4,1500,UP,270,false,431367,107
-0.7,1500,UP,270,false,431367,108
3.2,1000,DOWN,270,false,431367,109
-3.54,1500,DOWN,270,false,431367,110
0.7,1500,DOWN,270,false,431367,111
-2.1,1500,LEFT,270,false,431367,112
-2.1,1500,DOWN,90,false,431367,113
3.2,1000,RIGHT,90,false,431367,114
-0.7,1500,LEFT,90,false,431367,115
0,1000,DOWN,90,false,431367,116
0.7,1500,DOWN,90,false,431367,117
-3.54,1500,UP,90,false,431367,118
0.7,1500,RIGHT,90,false,431367,119
2.1,1500,DOWN,90,false,431367,120
1.6,1000,DOWN,90,false,431367,121
1.6,1000,LEFT,90,false,431367,122
3.54,1500,DOWN,90,false,431367,123
1.4,1500,DOWN,90,false,431367,124
1.4,1500,RIGHT,90,false,431367,125
-1.6,1000,UP,90,false,431367,126
1.4,1500,DOWN,90,false,431367,127
-3.2,1000,UP,90,false,431367,128
-1.4,1500,RIGHT,90,false,431367,129
-1.6,1000,RIGHT,90,false,431367,130
1.4,1500,UP,90,false,431367,131
1.4,1500,UP,90,false,431367,132
-0.7,1500,DOWN,90,false,431367,133
-4.8,1000,DOWN,90,false,431367,134
-1.4,1500,LEFT,90,false,431367,135
-3.2,1000,RIGHT,90,false,431367,136
-3.54,1500,RIGHT,90,false,431367,137
-0.7,1500,DOWN,90,false,431367,138
-1.4,1500,LEFT,90,false,431367,139
-4.8,1000,RIGHT,90,false,431367,140
-4.8,1000,RIGHT,270,false,431367,141
0.7,1500,UP,270,false,431367,142
0,1500,UP,270,false,431367,143
0,1000,DOWN,270,false,431367,144
3.54,1500,DOWN,270,false,431367,145
0.7,1500,LEFT,270,false,431367,146
0,1500,RIGHT,270,false,431367,147
-4.8,1000,UP,270,false,431367,148
0,1500,DOWN,270,false,431367,149
-3.54,1500,RIGHT,270,false,431367,150
-1.06666,1000,RIGHT,270,false,431367,151
1.6,1000,UP,270,false,431367,152
-1.06666,1000,LEFT,270,false,431367,153
3.2,1000,RIGHT,270,false,431367,154
4.8,1000,UP,270,false,431367,155
0,1000,DOWN,270,false,431367,156
-0.7,1500,LEFT,270,false,431367,157
1.4,1500,LEFT,270,false,431367,158
-0.7,1500,UP,270,false,431367,159
-3.54,1500,UP,270,false,431367,160
0,1500,UP,270,false,431367,161
0,1500,RIGHT,270,false,431367,162
2.1,1500,LEFT,270,false,431367,163
-1.4,1500,RIGHT,270,false,431367,164
4.8,1000,LEFT,270,false,431367,165
-1.4,1500,LEFT,270,false,431367,166
0,1000,UP,270,false,431367,167
-1.6,1000,RIGHT,270,false,431367,168
-0.7,1500,LEFT,90,false,431367,169
-0.7,1500,UP,90,false,431367,170
0,1000,UP,90,false,431367,171
-1.06666,1000,LEFT,90,false,431367,172
-1.4,1500,UP,90,false,431367,173
-1.6,1000,DOWN,90,false,431367,174
2.1,1500,UP,90,false,431367,175
0,1000,RIGHT,90,false,431367,176
1.4,1500,RIGHT,90,false,431367,177
0.7,1500,DOWN,90,false,431367,178
4.8,1000,LEFT,90,false,431367,179
2.1,1500,RIGHT,90,false,431367,180
1.06666,1000,UP,90,false,431367,181
-1.4,1500,DOWN,90,false,431367,182
3.54,1500,RIGHT,90,false,431367,183
-0.7,1500,RIGHT,90,false,431367,184
-3.2,1000,DOWN,90,false,431367,185
-3.2,1000,LEFT,90,false,431367,186
1.4,1500,LEFT,90,false,431367,187
-1.06666,1000,UP,90,false,431367,188
1.06666,1000,LEFT,90,false,431367,189
-1.6,1000,DOWN,90,false,431367,190
0,1500,UP,90,false,431367,191
0.7,1500,UP,90,false,431367,192
3.2,1000,UP,90,false,431367,193
0,1500,RIGHT,90,false,431367,194
2.1,1500,LEFT,90,false,431367,195
-0.7,1500,RIGHT,90,false,431367,196
3.54,1500,LEFT,270,false,431367,197
-0.7,1500,DOWN,270,false,431367,198
3.54,1500,UP,270,false,431367,199
-1.6,1000,RIGHT,270,false,431367,200
-2.1,1500,UP,270,false,431367,201
-0.7,1500,RIGHT,270,false,431367,202
1.6,1000,DOWN,270,false,431367,203
-1.4,1500,UP,270,false,431367,204
1.06666,1000,RIGHT,270,false,431367,205
0,1000,RIGHT,270,false,431367,206
-1.6,1000,UP,270,false,431367,207
3.2,1000,UP,270,false,431367,208
2.1,1500,RIGHT,270,false,431367,209
0.7,1500,RIGHT,270,false,431367,210
-0.7,1500,RIGHT,270,false,431367,211
-1.06666,1000,UP,270,false,431367,212
2.1,1500,DOWN,270,false,431367,213
-0.7,1500,DOWN,270,false,431367,214
-0.7,1500,DOWN,270,false,431367,215
0.7,1500,DOWN,270,false,431367,216
-0.7,1500,LEFT,270,false,431367,217
-1.6,1000,LEFT,270,false,431367,218
0.7,1500,UP,270,false,431367,219
3.54,1500,RIGHT,270,false,431367,220
1.6,1000,RIGHT,270,false,431367,221
1.6,1000,DOWN,270,false,431367,222
0.7,1500,LEFT,270,false,431367,223
-4.8,1000,DOWN,270,false,431367,224
-2.1,1500,RIGHT,0,true,431378,1
-3.2,1000,DOWN,0,true,431378,2
-3.2,1000,UP,0,true,431378,3
-2.1,1500,UP,0,true,431378,4
2.1,1500,RIGHT,0,true,431378,5
-3.2,1000,RIGHT,0,true,431378,6
-2.1,1500,DOWN,0,true,431378,7
-3.2,1000,LEFT,0,true,431378,8
-2.1,1500,LEFT,0,true,431378,9
2.1,1500,LEFT,0,true,431378,10
2.1,1500,DOWN,0,true,431378,11
3.2,1000,DOWN,0,true,431378,12
3.2,1000,RIGHT,0,true,431378,13
3.2,1000,UP,0,true,431378,14
3.2,1000,LEFT,0,true,431378,15
2.1,1500,UP,0,true,431378,16
0.7,1500,LEFT,90,false,431378,1
0.7,1500,LEFT,90,false,431378,2
-1.6,1000,LEFT,90,false,431378,3
-1.6,1000,UP,90,false,431378,4
-0.7,1500,UP,90,false,431378,5
0,1500,RIGHT,90,false,431378,6
3.54,1500,LEFT,90,false,431378,7
1.4,1500,LEFT,90,false,431378,8
-3.54,1500,LEFT,90,false,431378,9
-4.8,1000,UP,90,false,431378,10
2.1,1500,UP,90,false,431378,11
-0.7,1500,DOWN,90,false,431378,12
1.06666,1000,RIGHT,90,false,431378,13
-3.2,1000,LEFT,90,false,431378,14
-1.4,1500,LEFT,90,false,431378,15
0.7,1500,RIGHT,90,false,431378,16
-1.6,1000,RIGHT,90,false,431378,17
-3.2,1000,RIGHT,90,false,431378,18
1.4,1500,DOWN,90,false,431378,19
0.7,1500,DOWN,90,false,431378,20
-0.7,1500,UP,90,false,431378,21
0,1500,LEFT,90,false,431378,22
-0.7,1500,LEFT,90,false,431378,23
-0.7,1500,LEFT,90,false,431378,24
0,1500,RIGHT,90,false,431378,25
0.7,1500,LEFT,90,false,431378,26
-3.2,1000,DOWN,90,false,431378,27
-1.06666,1000,RIGHT,90,false,431378,28
3.54,1500,UP,270,false,431378,29
-2.1,1500,DOWN,270,false,431378,30
-1.6,1000,LEFT,270,false,431378,31
1.4,1500,LEFT,270,false,431378,32
3.2,1000,LEFT,270,false,431378,33
0.7,1500,DOWN,270,false,431378,34
-1.4,1500,DOWN,270,false,431378,35
1.06666,1000,DOWN,270,false,431378,36
-1.4,1500,UP,270,false,431378,37
-1.4,1500,UP,270,false,431378,38
-1.4,1500,LEFT,270,false,431378,39
4.8,1000,DOWN,270,false,431378,40
-1.06666,1000,LEFT,270,false,431378,41
-1.6,1000,DOWN,270,false,431378,42
-0.7,1500,RIGHT,270,false,431378,43
-1.6,1000,RIGHT,270,false,431378,44
0.7,1500,UP,270,false,431378,45
1.6,1000,LEFT,270,false,431378,46
2.1,1500,DOWN,270,false,431378,47
-1.6,1000,UP,270,false,431378,48
0,1000,UP,270,false,431378,49
1.4,1500,RIGHT,270,false,431378,50
0,1500,LEFT,270,false,431378,51
-0.7,1500,UP,270,false,431378,52
1.6,1000,UP,270,false,431378,53
0,1000,RIGHT,270,false,431378,54
-0.7,1500,LEFT,270,false,431378,55
-3.54,1500,DOWN,270,false,431378,56
-1.6,1000,RIGHT,90,false,431378,57
0,1500,DOWN,90,false,431378,58
0,1000,UP,90,false,431378,59
0,1500,UP,90,false,431378,60
3.54,1500,RIGHT,90,false,431378,61
-2.1,1500,UP,90,false,431378,62
-3.2,1000,UP,90,false,431378,63
-0.7,1500,DOWN,90,false,431378,64
2.1,1500,DOWN,90,false,431378,65
-1.4,1500,RIGHT,90,false,431378,66
1.4,1500,UP,90,false,431378,67
-1.4,1500,UP,90,false,431378,68
0,1000,UP,90,false,431378,69
-1.6,1000,UP,90,false,431378,70
3.54,1500,DOWN,90,false,431378,71
-0.7,1500,RIGHT,90,false,431378,72
0,1500,DOWN,90,false,431378,73
0.7,1500,UP,90,false,431378,74
-4.8,1000,DOWN,90,false,431378,75
1.6,1000,RIGHT,90,false,431378,76
3.54,1500,UP,90,false,431378,77
4.8,1000,DOWN,90,false,431378,78
1.6,1000,DOWN,90,false,431378,79
-1.4,1500,RIGHT,90,false,431378,80
-0.7,1500,LEFT,90,false,431378,81
2.1,1500,RIGHT,90,false,431378,82
-1.6,1000,LEFT,90,false,431378,83
-4.8,1000,LEFT,90,false,431378,84
4.8,1000,RIGHT,270,false,431378,85
1.6,1000,RIGHT,270,false,431378,86
0,1500,RIGHT,270,false,431378,87
3.54,1500,LEFT,270,false,431378,88
-2.1,1500,RIGHT,270,false,431378,89
3.2,1000,UP,270,false,431378,90
-1.6,1000,DOWN,270,false,431378,91
0.7,1500,RIGHT,270,false,431378,92
1.6,1000,RIGHT,270,false,431378,93
3.54,1500,DOWN,270,false,431378,94
0,1500,UP,270,false,431378,95
2.1,1500,RIGHT,270,false,431378,96
-1.6,1000,UP,270,false,431378,97
-0.7,1500,LEFT,270,false,431378,98
-1.6,1000,LEFT,270,false,431378,99
-0.7,1500,UP,270,false,431378,100
0.7,1500,LEFT,270,false,431378,101
-3.2,1000,RIGHT,270,false,431378,102
-0.7,1500,UP,270,false,431378,103
1.4,1500,DOWN,270,false,431378,104
0,1000,UP,270,false,431378,105
-0.7,1500,DOWN,270,false,431378,106
0,1000,RIGHT,270,false,431378,107
3.2,1000,RIGHT,270,false,431378,108
0.7,1500,UP,270,false,431378,109
0,1500,UP,270,false,431378,110
-3.2,1000,UP,270,false,431378,111
1.6,1000,LEFT,270,false,431378,112
-3.54,1500,DOWN,90,false,431378,113
-1.4,1500,UP,90,false,431378,114
-0.7,1500,DOWN,90,false,431378,115
1.4,1500,UP,90,false,431378,116
-2.1,1500,DOWN,90,false,431378,117
1.6,1000,UP,90,false,431378,118
0,1500,LEFT,90,false,431378,119
1.4,1500,LEFT,90,false,431378,120
-2.1,1500,RIGHT,90,false,431378,121
1.6,1000,LEFT,90,false,431378,122
4.8,1000,UP,90,false,431378,123
3.2,1000,LEFT,90,false,431378,124
4.8,1000,RIGHT,90,false,431378,125
0,1000,DOWN,90,false,431378,126
0,1000,LEFT,90,false,431378,127
1.6,1000,LEFT,90,false,431378,128
-1.6,1000,DOWN,90,false,431378,129
0.7,1500,DOWN,90,false,431378,130
-3.54,1500,UP,90,false,431378,131
1.6,1000,DOWN,90,false,431378,132
-2.1,1500,LEFT,90,false,431378,133
-1.6,1000,DOWN,90,false,431378,134
1.4,1500,RIGHT,90,false,431378,135
0,1000,DOWN,90,false,431378,136
2.1,1500,LEFT,90,false,431378,137
0,1000,RIGHT,90,false,431378,138
-0.7,1500,RIGHT,90,false,431378,139
4.8,1000,LEFT,90,false,431378,140
-1.06666,1000,DOWN,270,false,431378,141
0.7,1500,RIGHT,270,false,431378,142
-1.06666,1000,RIGHT,270,false,431378,143
0.7,1500,LEFT,270,false,431378,144
-4.8,1000,LEFT,270,false,431378,145
-3.2,1000,DOWN,270,false,431378,146
0.7,1500,UP,270,false,431378,147
-1.4,1500,RIGHT,270,false,431378,148
0.7,1500,RIGHT,270,false,431378,149
0,1000,DOWN,270,false,431378,150
2.1,1500,LEFT,270,false,431378,151
-4.8,1000,DOWN,270,false,431378,152
1.6,1000,DOWN,270,false,431378,153
2.1,1500,UP,270,false,431378,154
-1.4,1500,LEFT,270,false,431378,155
-3.54,1500,RIGHT,270,false,431378,156
1.4,1500,UP,270,false,431378,157
-1.4,1500,DOWN,270,false,431378,158
1.4,1500,RIGHT,270,false,431378,159
1.6,1000,DOWN,270,false,431378,160
-1.6,1000,RIGHT,270,false,431378,161
-2.1,1500,LEFT,270,false,431378,162
-0.7,1500,DOWN,270,false,431378,163
0,1500,RIGHT,270,false,431378,164
0.7,1500,LEFT,270,false,431378,165
1.4,1500,UP,270,false,431378,166
4.8,1000,UP,270,false,431378,167
-2.1,1500,UP,270,false,431378,168
-1.4,1500,LEFT,90,false,431378,169
1.6,1000,RIGHT,90,false,431378,170
3.2,1000,RIGHT,90,false,431378,171
-3.54,1500,RIGHT,90,false,431378,172
-1.4,1500,DOWN,90,false,431378,173
0,1000,RIGHT,90,false,431378,174
-0.7,1500,RIGHT,90,false,431378,175
1.6,1000,UP,90,false,431378,176
0.7,1500,DOWN,90,false,431378,177
0.7,1500,UP,90,false,431378,178
3.2,1000,UP,90,false,431378,179
1.06666,1000,DOWN,90,false,431378,180
1.4,1500,RIGHT,90,false,431378,181
-1.06666,1000,DOWN,90,false,431378,182
1.4,1500,DOWN,90,false,431378,183
0.7,1500,RIGHT,90,false,431378,184
0.7,1500,RIGHT,90,false,431378,185
-1.06666,1000,UP,90,false,431378,186
-1.06666,1000,LEFT,90,false,431378,187
0.7,1500,UP,90,false,431378,188
-4.8,1000,RIGHT,90,false,431378,189
-0.7,1500,UP,90,false,431378,190
1.06666,1000,LEFT,90,false,431378,191
3.2,1000,DOWN,90,false,431378,192
-1.4,1500,DOWN,90,false,431378,193
0,1000,LEFT,90,false,431378,194
1.06666,1000,UP,90,false,431378,195
0,1500,UP,90,false,431378,196
-3.54,1500,LEFT,270,false,431378,197
0,1000,LEFT,270,false,431378,198
0.7,1500,DOWN,270,false,431378,199
-4.8,1000,UP,270,false,431378,200
1.4,1500,DOWN,270,false,431378,201
0,1000,DOWN,270,false,431378,202
-0.7,1500,DOWN,270,false,431378,203
-1.4,1500,RIGHT,270,false,431378,204
4.8,1000,LEFT,270,false,431378,205
-0.7,1500,RIGHT,270,false,431378,206
0,1500,LEFT,270,false,431378,207
0,1500,DOWN,270,false,431378,208
1.06666,1000,RIGHT,270,false,431378,209
1.06666,1000,LEFT,270,false,431378,210
1.6,1000,UP,270,false,431378,211
-0.7,1500,RIGHT,270,false,431378,212
1.06666,1000,UP,270,false,431378,213
3.2,1000,DOWN,270,false,431378,214
3.54,1500,RIGHT,270,false,431378,215
0,1500,DOWN,270,false,431378,216
-1.06666,1000,UP,270,false,431378,217
1.4,1500,LEFT,270,false,431378,218
0.7,1500,DOWN,270,false,431378,219
-3.54,1500,UP,270,false,431378,220
0,1000,LEFT,270,false,431378,221
-3.2,1000,LEFT,270,false,431378,222
-0.7,1500,LEFT,270,false,431378,223
-4.8,1000,RIGHT,270,false,431378,224
3.2,1000,LEFT,0,true,431343,1
3.2,1000,RIGHT,0,true,431343,2
-3.2,1000,LEFT,0,true,431343,3
2.1,1500,RIGHT,0,true,431343,4
-2.1,1500,LEFT,0,true,431343,5
-2.1,1500,DOWN,0,true,431343,6
2.1,1500,DOWN,0,true,431343,7
-3.2,1000,DOWN,0,true,431343,8
-3.2,1000,RIGHT,0,true,431343,9
3.2,1000,UP,0,true,431343,10
-3.2,1000,UP,0,true,431343,11
2.1,1500,LEFT,0,true,431343,12
2.1,1500,UP,0,true,431343,13
-2.1,1500,RIGHT,0,true,431343,14
3.2,1000,DOWN,0,true,431343,15
-2.1,1500,UP,0,true,431343,16
0.7,1500,RIGHT,90,false,431343,1
0.7,1500,DOWN,90,false,431343,2
0,1500,DOWN,90,false,431343,3
-2.1,1500,UP,90,false,431343,4
0.7,1500,LEFT,90,false,431343,5
2.1,1500,DOWN,90,false,431343,6
-1.4,1500,DOWN,90,false,431343,7
0,1500,UP,90,false,431343,8
4.8,1000,UP,90,false,431343,9
0,1000,RIGHT,90,false,431343,10
-3.2,1000,DOWN,90,false,431343,11
-1.6,1000,LEFT,90,false,431343,12
-3.2,1000,UP,90,false,431343,13
1.4,1500,RIGHT,90,false,431343,14
-2.1,1500,DOWN,90,false,431343,15
0,1500,LEFT,90,false,431343,16
-3.54,1500,UP,90,false,431343,17
-3.54,1500,RIGHT,90,false,431343,18
3.54,1500,LEFT,90,false,431343,19
3.54,1500,UP,90,false,431343,20
0.7,1500,LEFT,90,false,431343,21
0.7,1500,RIGHT,90,false,431343,22
-1.06666,1000,UP,90,false,431343,23
1.4,1500,DOWN,90,false,431343,24
0,1000,UP,90,false,431343,25
1.06666,1000,DOWN,90,false,431343,26
-4.8,1000,UP,90,false,431343,27
0.7,1500,DOWN,90,false,431343,28
0.7,1500,RIGHT,270,false,431343,29
-1.4,1500,UP,270,false,431343,30
0.7,1500,DOWN,270,false,431343,31
0,1000,UP,270,false,431343,32
-1.06666,1000,RIGHT,270,false,431343,33
-0.7,1500,UP,270,false,431343,34
1.4,1500,LEFT,270,false,431343,35
2.1,1500,RIGHT,270,false,431343,36
1.06666,1000,RIGHT,270,false,431343,37
0,1000,LEFT,270,false,431343,38
0,1000,DOWN,270,false,431343,39
0,1500,LEFT,270,false,431343,40
1.4,1500,UP,270,false,431343,41
0,1500,RIGHT,270,false,431343,42
1.6,1000,LEFT,270,false,431343,43
-1.4,1500,RIGHT,270,false,431343,44
1.4,1500,LEFT,270,false,431343,45
-1.6,1000,UP,270,false,431343,46
-0.7,1500,LEFT,270,false,431343,47
-3.2,1000,RIGHT,270,false,431343,48
4.8,1000,UP,270,false,431343,49
-0.7,1500,DOWN,270,false,431343,50
0,1500,RIGHT,270,false,431343,51
-1.4,1500,DOWN,270,false,431343,52
-3.2,1000,DOWN,270,false,431343,53
0.7,1500,RIGHT,270,false,431343,54
-1.6,1000,RIGHT,270,false,431343,55
-4.8,1000,UP,270,false,431343,56
0.7,1500,UP,90,false,431343,57
-1.6,1000,UP,90,false,431343,58
-4.8,1000,RIGHT,90,false,431343,59
0.7,1500,RIGHT,90,false,431343,60
-0.7,1500,RIGHT,90,false,431343,61
0.7,1500,LEFT,90,false,431343,62
-1.4,1500,DOWN,90,false,431343,63
-0.7,1500,UP,90,false,431343,64
-1.06666,1000,RIGHT,90,false,431343,65
0,1000,DOWN,90,false,431343,66
3.2,1000,UP,90,false,431343,67
0,1500,RIGHT,90,false,431343,68
-1.6,1000,RIGHT,90,false,431343,69
-1.6,1000,LEFT,90,false,431343,70
-0.7,1500,UP,90,false,431343,71
-0.7,1500,DOWN,90,false,431343,72
0,1000,LEFT,90,false,431343,73
-3.54,1500,LEFT,90,false,431343,74
-1.06666,1000,LEFT,90,false,431343,75
3.2,1000,DOWN,90,false,431343,76
-1.4,1500,LEFT,90,false,431343,77
0,1500,UP,90,false,431343,78
-1.6,1000,RIGHT,90,false,431343,79
1.4,1500,UP,90,false,431343,80
1.4,1500,LEFT,90,false,431343,81
-1.4,1500,LEFT,90,false,431343,82
1.6,1000,LEFT,90,false,431343,83
1.4,1500,LEFT,90,false,431343,84
4.8,1000,LEFT,270,false,431343,85
4.8,1000,DOWN,270,false,431343,86
0,1500,UP,270,false,431343,87
-0.7,1500,UP,270,false,431343,88
-4.8,1000,RIGHT,270,false,431343,89
0.7,1500,DOWN,270,false,431343,90
1.4,1500,DOWN,270,false,431343,91
-0.7,1500,LEFT,270,false,431343,92
-4.8,1000,LEFT,270,false,431343,93
-0.7,1500,DOWN,270,false,431343,94
1.06666,1000,DOWN,270,false,431343,95
-3.54,1500,UP,270,false,431343,96
0,1000,LEFT,270,false,431343,97
-1.06666,1000,DOWN,270,false,431343,98
2.1,1500,UP,270,false,431343,99
-0.7,1500,RIGHT,270,false,431343,100
3.54,1500,DOWN,270,false,431343,101
1.6,1000,RIGHT,270,false,431343,102
-3.54,1500,DOWN,270,false,431343,103
0.7,1500,UP,270,false,431343,104
-2.1,1500,DOWN,270,false,431343,105
-1.6,1000,RIGHT,270,false,431343,106
3.2,1000,LEFT,270,false,431343,107
1.6,1000,DOWN,270,false,431343,108
1.4,1500,RIGHT,270,false,431343,109
3.54,1500,LEFT,270,false,431343,110
-2.1,1500,UP,270,false,431343,111
-2.1,1500,RIGHT,270,false,431343,112
-1.4,1500,UP,90,false,431343,113
0,1500,DOWN,90,false,431343,114
1.06666,1000,RIGHT,90,false,431343,115
-1.6,1000,DOWN,90,false,431343,116
-1.06666,1000,DOWN,90,false,431343,117
1.4,1500,UP,90,false,431343,118
3.2,1000,RIGHT,90,false,431343,119
1.6,1000,RIGHT,90,false,431343,120
-0.7,1500,LEFT,90,false,431343,121
-3.54,1500,DOWN,90,false,431343,122
1.06666,1000,LEFT,90,false,431343,123
-0.7,1500,DOWN,90,false,431343,124
-1.4,1500,UP,90,false,431343,125
0,1000,LEFT,90,false,431343,126
-1.6,1000,DOWN,90,false,431343,127
1.06666,1000,UP,90,false,431343,128
4.8,1000,LEFT,90,false,431343,129
-0.7,1500,LEFT,90,false,431343,130
0,1000,DOWN,90,false,431343,131
1.6,1000,UP,90,false,431343,132
-0.7,1500,RIGHT,90,false,431343,133
-0.7,1500,LEFT,90,false,431343,134
-4.8,1000,LEFT,90,false,431343,135
1.4,1500,RIGHT,90,false,431343,136
-0.7,1500,UP,90,false,431343,137
0,1000,RIGHT,90,false,431343,138
-2.1,1500,LEFT,90,false,431343,139
0,1000,UP,90,false,431343,140
0,1500,LEFT,270,false,431343,141
0,1000,UP,270,false,431343,142
-1.4,1500,LEFT,270,false,431343,143
0,1000,RIGHT,270,false,431343,144
-1.6,1000,LEFT,270,false,431343,145
1.6,1000,DOWN,270,false,431343,146
3.54,1500,UP,270,false,431343,147
-2.1,1500,LEFT,270,false,431343,148
2.1,1500,DOWN,270,false,431343,149
1.6,1000,LEFT,270,false,431343,150
0.7,1500,DOWN,270,false,431343,151
-4.8,1000,DOWN,270,false,431343,152
-0.7,1500,DOWN,270,false,431343,153
0.7,1500,UP,270,false,431343,154
-1.4,1500,RIGHT,270,false,431343,155
-1.06666,1000,LEFT,270,false,431343,156
4.8,1000,RIGHT,270,false,431343,157
0.7,1500,LEFT,270,false,431343,158
0,1000,DOWN,270,false,431343,159
-1.4,1500,LEFT,270,false,431343,160
-3.54,1500,LEFT,270,false,431343,161
-1.06666,1000,UP,270,false,431343,162
1.4,1500,RIGHT,270,false,431343,163
-0.7,1500,RIGHT,270,false,431343,164
1.6,1000,UP,270,false,431343,165
0,1500,DOWN,270,false,431343,166
3.54,1500,RIGHT,270,false,431343,167
-0.7,1500,RIGHT,270,false,431343,168
4.8,1000,DOWN,90,false,431343,169
-0.7,1500,DOWN,90,false,431343,170
1.6,1000,DOWN,90,false,431343,171
-3.2,1000,LEFT,90,false,431343,172
1.6,1000,DOWN,90,false,431343,173
-4.8,1000,DOWN,90,false,431343,174
0.7,1500,DOWN,90,false,431343,175
-1.4,1500,RIGHT,90,false,431343,176
-2.1,1500,RIGHT,90,false,431343,177
3.2,1000,LEFT,90,false,431343,178
2.1,1500,RIGHT,90,false,431343,179
2.1,1500,LEFT,90,false,431343,180
4.8,1000,RIGHT,90,false,431343,181
1.6,1000,RIGHT,90,false,431343,182
-3.2,1000,RIGHT,90,false,431343,183
0.7,1500,UP,90,false,431343,184
-1.6,1000,UP,90,false,431343,185
-0.7,1500,RIGHT,90,false,431343,186
0.7,1500,UP,90,false,431343,187
1.4,1500,DOWN,90,false,431343,188
2.1,1500,UP,90,false,431343,189
1.6,1000,UP,90,false,431343,190
-1.4,1500,RIGHT,90,false,431343,191
0,1500,RIGHT,90,false,431343,192
0,1500,LEFT,90,false,431343,193
3.54,1500,RIGHT,90,false,431343,194
1.6,1000,LEFT,90,false,431343,195
3.54,1500,DOWN,90,false,431343,196
-1.6,1000,DOWN,270,false,431343,197
1.4,1500,DOWN,270,false,431343,198
0,1000,RIGHT,270,false,431343,199
-1.6,1000,UP,270,false,431343,200
-1.6,1000,DOWN,270,false,431343,201
-0.7,1500,UP,270,false,431343,202
0.7,1500,LEFT,270,false,431343,203
3.2,1000,DOWN,270,false,431343,204
-1.4,1500,DOWN,270,false,431343,205
0,1500,UP,270,false,431343,206
-1.4,1500,UP,270,false,431343,207
-0.7,1500,LEFT,270,false,431343,208
1.06666,1000,UP,270,false,431343,209
3.2,1000,UP,270,false,431343,210
1.4,1500,UP,270,false,431343,211
-3.54,1500,RIGHT,270,false,431343,212
-1.6,1000,LEFT,270,false,431343,213
1.6,1000,UP,270,false,431343,214
1.6,1000,RIGHT,270,false,431343,215
0.7,1500,LEFT,270,false,431343,216
0,1500,DOWN,270,false,431343,217
2.1,1500,LEFT,270,false,431343,218
-3.2,1000,UP,270,false,431343,219
-3.2,1000,LEFT,270,false,431343,220
0.7,1500,UP,270,false,431343,221
3.2,1000,RIGHT,270,false,431343,222
0.7,1500,RIGHT,270,false,431343,223
1.06666,1000,LEFT,270,false,431343,224
-3.2,1000,RIGHT,0,true,431445,1
2.1,1500,UP,0,true,431445,2
-2.1,1500,RIGHT,0,true,431445,3
3.2,1000,UP,0,true,431445,4
3.2,1000,DOWN,0,true,431445,5
2.1,1500,LEFT,0,true,431445,6
2.1,1500,DOWN,0,true,431445,7
-3.2,1000,UP,0,true,431445,8
-3.2,1000,LEFT,0,true,431445,9
-2.1,1500,DOWN,0,true,431445,10
3.2,1000,LEFT,0,true,431445,11
3.2,1000,RIGHT,0,true,431445,12
-3.2,1000,DOWN,0,true,431445,13
2.1,1500,RIGHT,0,true,431445,14
-2.1,1500,LEFT,0,true,431445,15
-2.1,1500,UP,0,true,431445,16
-1.06666,1000,DOWN,90,false,431445,1
1.4,1500,UP,90,false,431445,2
1.06666,1000,LEFT,90,false,431445,3
3.2,1000,UP,90,false,431445,4
0.7,1500,DOWN,90,false,431445,5
0,1000,DOWN,90,false,431445,6
0,1500,LEFT,90,false,431445,7
-1.6,1000,RIGHT,90,false,431445,8
1.4,1500,DOWN,90,false,431445,9
-1.06666,1000,LEFT,90,false,431445,10
-1.4,1500,DOWN,90,false,431445,11
0.7,1500,UP,90,false,431445,12
-3.2,1000,LEFT,90,false,431445,13
-1.4,1500,RIGHT,90,false,431445,14
2.1,1500,LEFT,90,false,431445,15
-1.4,1500,RIGHT,90,false,431445,16
1.4,1500,LEFT,90,false,431445,17
-0.7,1500,DOWN,90,false,431445,18
0.7,1500,DOWN,90,false,431445,19
0.7,1500,DOWN,90,false,431445,20
-4.8,1000,RIGHT,90,false,431445,21
-3.54,1500,RIGHT,90,false,431445,22
-1.6,1000,UP,90,false,431445,23
-1.6,1000,DOWN,90,false,431445,24
-1.06666,1000,RIGHT,90,false,431445,25
3.54,1500,DOWN,90,false,431445,26
0,1000,RIGHT,90,false,431445,27
0,1500,UP,90,false,431445,28
3.2,1000,LEFT,270,false,431445,29
1.06666,1000,RIGHT,270,false,431445,30
-0.7,1500,DOWN,270,false,431445,31
-0.7,1500,LEFT,270,false,431445,32
0,1500,UP,270,false,431445,33
2.1,1500,DOWN,270,false,431445,34
0,1000,LEFT,270,false,431445,35
-1.06666,1000,DOWN,270,false,431445,36
0,1000,DOWN,270,false,431445,37
1.6,1000,DOWN,270,false,431445,38
0.7,1500,LEFT,270,false,431445,39
-2.1,1500,LEFT,270,false,431445,40
-1.6,1000,DOWN,270,false,431445,41
3.2,1000,DOWN,270,false,431445,42
3.54,1500,RIGHT,270,false,431445,43
-0.7,1500,LEFT,270,false,431445,44
1.6,1000,LEFT,270,false,431445,45
-0.7,1500,RIGHT,270,false,431445,46
-1.6,1000,UP,270,false,431445,47
0.7,1500,RIGHT,270,false,431445,48
-1.6,1000,LEFT,270,false,431445,49
0.7,1500,RIGHT,270,false,431445,50
4.8,1000,LEFT,270,false,431445,51
0.7,1500,DOWN,270,false,431445,52
0,1000,DOWN,270,false,431445,53
-3.54,1500,LEFT,270,false,431445,54
1.6,1000,LEFT,270,false,431445,55
0,1000,RIGHT,270,false,431445,56
0.7,1500,UP,90,false,431445,57
3.54,1500,RIGHT,90,false,431445,58
-3.54,1500,DOWN,90,false,431445,59
-0.7,1500,UP,90,false,431445,60
-0.7,1500,RIGHT,90,false,431445,61
0,1500,LEFT,90,false,431445,62
1.6,1000,RIGHT,90,false,431445,63
3.54,1500,LEFT,90,false,431445,64
0,1000,LEFT,90,false,431445,65
-2.1,1500,RIGHT,90,false,431445,66
1.06666,1000,UP,90,false,431445,67
1.6,1000,DOWN,90,false,431445,68
-1.4,1500,UP,90,false,431445,69
-1.4,1500,UP,90,false,431445,70
-0.7,1500,LEFT,90,false,431445,71
0.7,1500,RIGHT,90,false,431445,72
-0.7,1500,RIGHT,90,false,431445,73
0.7,1500,LEFT,90,false,431445,74
4.8,1000,RIGHT,90,false,431445,75
-0.7,1500,LEFT,90,false,431445,76
-1.6,1000,LEFT,90,false,431445,77
0,1500,RIGHT,90,false,431445,78
0,1000,UP,90,false,431445,79
-3.2,1000,RIGHT,90,false,431445,80
-0.7,1500,UP,90,false,431445,81
-3.54,1500,LEFT,90,false,431445,82
1.6,1000,LEFT,90,false,431445,83
-3.54,1500,UP,90,false,431445,84
-0.7,1500,DOWN,270,false,431445,85
-2.1,1500,DOWN,270,false,431445,86
0,1000,LEFT,270,false,431445,87
0,1000,UP,270,false,431445,88
2.1,1500,LEFT,270,false,431445,89
3.54,1500,UP,270,false,431445,90
1.4,1500,LEFT,270,false,431445,91
3.2,1000,UP,270,false,431445,92
1.06666,1000,LEFT,270,false,431445,93
0,1000,RIGHT,270,false,431445,94
1.4,1500,DOWN,270,false,431445,95
-1.4,1500,UP,270,false,431445,96
0,1500,LEFT,270,false,431445,97
-3.2,1000,DOWN,270,false,431445,98
-0.7,1500,UP,270,false,431445,99
-3.2,1000,UP,270,false,431445,100
-2.1,1500,UP,270,false,431445,101
-1.4,1500,DOWN,270,false,431445,102
0.7,1500,UP,270,false,431445,103
0,1500,LEFT,270,false,431445,104
0,1500,RIGHT,270,false,431445,105
-0.7,1500,RIGHT,270,false,431445,106
2.1,1500,UP,270,false,431445,107
-1.6,1000,LEFT,270,false,431445,108
-3.2,1000,LEFT,270,false,431445,109
0,1000,UP,270,false,431445,110
-1.06666,1000,LEFT,270,false,431445,111
0.7,1500,LEFT,270,false,431445,112
-2.1,1500,LEFT,90,false,431445,113
1.6,1000,DOWN,90,false,431445,114
3.2,1000,DOWN,90,false,431445,115
0.7,1500,LEFT,90,false,431445,116
1.06666,1000,RIGHT,90,false,431445,117
0,1500,DOWN,90,false,431445,118
1.6,1000,UP,90,false,431445,119
2.1,1500,DOWN,90,false,431445,120
0,1000,UP,90,false,431445,121
-4.8,1000,DOWN,90,false,431445,122
1.4,1500,UP,90,false,431445,123
-0.7,1500,DOWN,90,false,431445,124
0.7,1500,UP,90,false,431445,125
-2.1,1500,DOWN,90,false,431445,126
4.8,1000,UP,90,false,431445,127
-3.2,1000,DOWN,90,false,431445,128
-2.1,1500,UP,90,false,431445,129
-0.7,1500,DOWN,90,false,431445,130
0.7,1500,LEFT,90,false,431445,131
-0.7,1500,RIGHT,90,false,431445,132
2.1,1500,RIGHT,90,false,431445,133
0,1500,DOWN,90,false,431445,134
0,1500,RIGHT,90,false,431445,135
1.6,1000,UP,90,false,431445,136
-1.6,1000,LEFT,90,false,431445,137
3.2,1000,RIGHT,90,false,431445,138
3.54,1500,UP,90,false,431445,139
-1.4,1500,LEFT,90,false,431445,140
0.7,1500,LEFT,270,false,431445,141
-0.7,1500,LEFT,270,false,431445,142
-0.7,1500,UP,270,false,431445,143
1.06666,1000,DOWN,270,false,431445,144
1.6,1000,UP,270,false,431445,145
0.7,1500,DOWN,270,false,431445,146
-1.6,1000,RIGHT,270,false,431445,147
-1.4,1500,RIGHT,270,false,431445,148
1.6,1000,RIGHT,270,false,431445,149
-0.7,1500,DOWN,270,false,431445,150
-1.4,1500,UP,270,false,431445,151
-4.8,1000,DOWN,270,false,431445,152
-4.8,1000,LEFT,270,false,431445,153
-1.06666,1000,UP,270,false,431445,154
4.8,1000,UP,270,false,431445,155
1.4,1500,UP,270,false,431445,156
-3.54,1500,RIGHT,270,false,431445,157
0.7,1500,UP,270,false,431445,158
-1.4,1500,RIGHT,270,false,431445,159
1.6,1000,RIGHT,270,false,431445,160
-1.4,1500,LEFT,270,false,431445,161
-1.06666,1000,RIGHT,270,false,431445,162
-3.54,1500,DOWN,270,false,431445,163
-1.6,1000,DOWN,270,false,431445,164
-0.7,1500,RIGHT,270,false,431445,165
0,1500,DOWN,270,false,431445,166
-1.4,1500,LEFT,270,false,431445,167
-3.54,1500,UP,270,false,431445,168
0,1000,LEFT,90,false,431445,169
0.7,1500,RIGHT,90,false,431445,170
2.1,1500,UP,90,false,431445,171
-1.06666,1000,UP,90,false,431445,172
1.4,1500,DOWN,90,false,431445,173
0,1500,UP,90,false,431445,174
0.7,1500,RIGHT,90,false,431445,175
1.4,1500,RIGHT,90,false,431445,176
4.8,1000,LEFT,90,false,431445,177
1.4,1500,RIGHT,90,false,431445,178
0,1000,RIGHT,90,false,431445,179
4.8,1000,DOWN,90,false,431445,180
1.6,1000,RIGHT,90,false,431445,181
1.06666,1000,DOWN,90,false,431445,182
1.6,1000,LEFT,90,false,431445,183
-1.6,1000,RIGHT,90,false,431445,184
-1.6,1000,DOWN,90,false,431445,185
1.4,1500,LEFT,90,false,431445,186
3.2,1000,LEFT,90,false,431445,187
-4.8,1000,LEFT,90,false,431445,188
-1.4,1500,DOWN,90,false,431445,189
-0.7,1500,LEFT,90,false,431445,190
-1.6,1000,UP,90,false,431445,191
-0.7,1500,UP,90,false,431445,192
-1.4,1500,LEFT,90,false,431445,193
-3.2,1000,UP,90,false,431445,194
0,1000,DOWN,90,false,431445,195
-4.8,1000,UP,90,false,431445,196
1.4,1500,UP,270,false,431445,197
1.6,1000,DOWN,270,false,431445,198
0,1500,UP,270,false,431445,199
3.54,1500,DOWN,270,false,431445,200
1.4,1500,LEFT,270,false,431445,201
-4.8,1000,RIGHT,270,false,431445,202
2.1,1500,RIGHT,270,false,431445,203
-2.1,1500,RIGHT,270,false,431445,204
-1.6,1000,UP,270,false,431445,205
0,1500,RIGHT,270,false,431445,206
-1.4,1500,DOWN,270,false,431445,207
-4.8,1000,UP,270,false,431445,208
4.8,1000,DOWN,270,false,431445,209
1.4,1500,RIGHT,270,false,431445,210
3.54,1500,LEFT,270,false,431445,211
1.4,1500,DOWN,270,false,431445,212
-3.2,1000,RIGHT,270,false,431445,213
1.6,1000,UP,270,false,431445,214
-0.7,1500,UP,270,false,431445,215
0.7,1500,DOWN,270,false,431445,216
0.7,1500,RIGHT,270,false,431445,217
4.8,1000,RIGHT,270,false,431445,218
0,1500,DOWN,270,false,431445,219
1.06666,1000,UP,270,false,431445,220
1.4,1500,RIGHT,270,false,431445,221
3.2,1000,RIGHT,270,false,431445,222
-1.6,1000,RIGHT,270,false,431445,223
0.7,1500,UP,270,false,431445,224
-2.1,1500,DOWN,0,true,431448,1
2.1,1500,LEFT,0,true,431448,2
2.1,1500,DOWN,0,true,431448,3
-2.1,1500,RIGHT,0,true,431448,4
2.1,1500,RIGHT,0,true,431448,5
2.1,1500,UP,0,true,431448,6
-2.1,1500,LEFT,0,true,431448,7
3.2,1000,LEFT,0,true,431448,8
3.2,1000,DOWN,0,true,431448,9
-3.2,1000,DOWN,0,true,431448,10
3.2,1000,UP,0,true,431448,11
-3.2,1000,LEFT,0,true,431448,12
-3.2,1000,UP,0,true,431448,13
-2.1,1500,UP,0,true,431448,14
-3.2,1000,RIGHT,0,true,431448,15
3.2,1000,RIGHT,0,true,431448,16
0,1000,DOWN,270,false,431448,1
1.6,1000,UP,270,false,431448,2
-1.6,1000,RIGHT,270,false,431448,3
-1.6,1000,DOWN,270,false,431448,4
0,1500,LEFT,270,false,431448,5
0,1500,LEFT,270,false,431448,6
0.7,1500,RIGHT,270,false,431448,7
1.6,1000,RIGHT,270,false,431448,8
0,1000,RIGHT,270,false,431448,9
-1.06666,1000,RIGHT,270,false,431448,10
3.2,1000,DOWN,270,false,431448,11
1.4,1500,DOWN,270,false,431448,12
-2.1,1500,RIGHT,270,false,431448,13
1.6,1000,LEFT,270,false,431448,14
0.7,1500,RIGHT,270,false,431448,15
0.7,1500,DOWN,270,false,431448,16
-0.7,1500,DOWN,270,false,431448,17
1.6,1000,UP,270,false,431448,18
-1.4,1500,UP,270,false,431448,19
-4.8,1000,DOWN,270,false,431448,20
-1.4,1500,DOWN,270,false,431448,21
1.6,1000,DOWN,270,false,431448,22
4.8,1000,RIGHT,270,false,431448,23
-3.54,1500,RIGHT,270,false,431448,24
3.2,1000,UP,270,false,431448,25
1.6,1000,RIGHT,270,false,431448,26
0,1000,UP,270,false,431448,27
1.4,1500,DOWN,270,false,431448,28
-0.7,1500,RIGHT,90,false,431448,29
-3.2,1000,UP,90,false,431448,30
-0.7,1500,DOWN,90,false,431448,31
0.7,1500,DOWN,90,false,431448,32
1.06666,1000,LEFT,90,false,431448,33
2.1,1500,LEFT,90,false,431448,34
1.4,1500,DOWN,90,false,431448,35
0.7,1500,LEFT,90,false,431448,36
-3.54,1500,DOWN,90,false,431448,37
-4.8,1000,DOWN,90,false,431448,38
1.06666,1000,DOWN,90,false,431448,39
-1.6,1000,RIGHT,90,false,431448,40
0.7,1500,LEFT,90,false,431448,41
0,1000,RIGHT,90,false,431448,42
-1.06666,1000,UP,90,false,431448,43
-0.7,1500,DOWN,90,false,431448,44
0.7,1500,UP,90,false,431448,45
-0.7,1500,LEFT,90,false,431448,46
0,1000,LEFT,90,false,431448,47
1.4,1500,UP,90,false,431448,48
3.54,1500,UP,90,false,431448,49
1.4,1500,UP,90,false,431448,50
-0.7,1500,DOWN,90,false,431448,51
0.7,1500,DOWN,90,false,431448,52
0.7,1500,RIGHT,90,false,431448,53
1.6,1000,DOWN,90,false,431448,54
3.2,1000,DOWN,90,false,431448,55
0.7,1500,UP,90,false,431448,56
-3.2,1000,DOWN,270,false,431448,57
-1.4,1500,RIGHT,270,false,431448,58
0.7,1500,LEFT,270,false,431448,59
-3.2,1000,LEFT,270,false,431448,60
3.2,1000,RIGHT,270,false,431448,61
-2.1,1500,DOWN,270,false,431448,62
2.1,1500,UP,270,false,431448,63
1.06666,1000,DOWN,270,false,431448,64
-1.4,1500,RIGHT,270,false,431448,65
-1.6,1000,LEFT,270,false,431448,66
-4.8,1000,LEFT,270,false,431448,67
0.7,1500,DOWN,270,false,431448,68
-0.7,1500,DOWN,270,false,431448,69
-1.4,1500,UP,270,false,431448,70
-3.2,1000,RIGHT,270,false,431448,71
-0.7,1500,RIGHT,270,false,431448,72
0,1500,RIGHT,270,false,431448,73
3.54,1500,LEFT,270,false,431448,74
0,1500,DOWN,270,false,431448,75
0.7,1500,LEFT,270,false,431448,76
-1.6,1000,LEFT,270,false,431448,77
-1.06666,1000,DOWN,270,false,431448,78
2.1,1500,RIGHT,270,false,431448,79
-1.4,1500,LEFT,270,false,431448,80
-1.06666,1000,UP,270,false,431448,81
2.1,1500,LEFT,270,false,431448,82
1.6,1000,LEFT,270,false,431448,83
0,1000,LEFT,270,false,431448,84
2.1,1500,DOWN,90,false,431448,85
-1.06666,1000,RIGHT,90,false,431448,86
-1.6,1000,DOWN,90,false,431448,87
2.1,1500,RIGHT,90,false,431448,88
-3.54,1500,RIGHT,90,false,431448,89
-2.1,1500,LEFT,90,false,431448,90
-1.4,1500,DOWN,90,false,431448,91
-0.7,1500,RIGHT,90,false,431448,92
3.54,1500,RIGHT,90,false,431448,93
0,1000,UP,90,false,431448,94
-3.54,1500,LEFT,90,false,431448,95
3.54,1500,LEFT,90,false,431448,96
-0.7,1500,UP,90,false,431448,97
-0.7,1500,LEFT,90,false,431448,98
-1.4,1500,RIGHT,90,false,431448,99
-2.1,1500,UP,90,false,431448,100
-1.06666,1000,DOWN,90,false,431448,101
0,1000,LEFT,90,false,431448,102
1.06666,1000,RIGHT,90,false,431448,103
3.54,1500,DOWN,90,false,431448,104
1.4,1500,RIGHT,90,false,431448,105
-1.6,1000,LEFT,90,false,431448,106
3.2,1000,RIGHT,90,false,431448,107
1.4,1500,DOWN,90,false,431448,108
-0.7,1500,UP,90,false,431448,109
0,1500,UP,90,false,431448,110
-1.06666,1000,LEFT,90,false,431448,111
-1.4,1500,UP,90,false,431448,112
1.06666,1000,UP,270,false,431448,113
-0.7,1500,LEFT,270,false,431448,114
4.8,1000,LEFT,270,false,431448,115
-1.6,1000,UP,270,false,431448,116
-0.7,1500,UP,270,false,431448,117
0,1000,RIGHT,270,false,431448,118
0.7,1500,RIGHT,270,false,431448,119
3.54,1500,UP,270,false,431448,120
-0.7,1500,UP,270,false,431448,121
1.4,1500,UP,270,false,431448,122
1.4,1500,RIGHT,270,false,431448,123
0,1000,LEFT,270,false,431448,124
1.06666,1000,RIGHT,270,false,431448,125
-0.7,1500,RIGHT,270,false,431448,126
-0.7,1500,UP,270,false,431448,127
-1.6,1000,DOWN,270,false,431448,128
1.4,1500,LEFT,270,false,431448,129
-1.4,1500,DOWN,270,false,431448,130
4.8,1000,UP,270,false,431448,131
1.6,1000,DOWN,270,false,431448,132
1.06666,1000,LEFT,270,false,431448,133
-3.54,1500,UP,270,false,431448,134
0,1000,DOWN,270,false,431448,135
-0.7,1500,LEFT,270,false,431448,136
-0.7,1500,LEFT,270,false,431448,137
-1.4,1500,LEFT,270,false,431448,138
0,1500,DOWN,270,false,431448,139
-4.8,1000,RIGHT,270,false,431448,140
3.2,1000,LEFT,90,false,431448,141
1.6,1000,LEFT,90,false,431448,142
0,1000,DOWN,90,false,431448,143
-3.2,1000,RIGHT,90,false,431448,144
-4.8,1000,UP,90,false,431448,145
-0.7,1500,RIGHT,90,false,431448,146
-1.4,1500,LEFT,90,false,431448,147
0.7,1500,DOWN,90,false,431448,148
1.4,1500,LEFT,90,false,431448,149
0,1500,RIGHT,90,false,431448,150
0,1500,RIGHT,90,false,431448,151
-3.54,1500,UP,90,false,431448,152
0,1500,LEFT,90,false,431448,153
1.6,1000,UP,90,false,431448,154
2.1,1500,UP,90,false,431448,155
-1.6,1000,DOWN,90,false,431448,156
1.06666,1000,UP,90,false,431448,157
-1.4,1500,RIGHT,90,false,431448,158
0,1500,DOWN,90,false,431448,159
-1.4,1500,DOWN,90,false,431448,160
-0.7,1500,UP,90,false,431448,161
-0.7,1500,LEFT,90,false,431448,162
1.6,1000,RIGHT,90,false,431448,163
-1.6,1000,LEFT,90,false,431448,164
-4.8,1000,LEFT,90,false,431448,165
1.6,1000,DOWN,90,false,431448,166
4.8,1000,DOWN,90,false,431448,167
1.6,1000,LEFT,90,false,431448,168
1.4,1500,UP,270,false,431448,169
-0.7,1500,RIGHT,270,false,431448,170
-0.7,1500,DOWN,270,false,431448,171
0,1000,UP,270,false,431448,172
-4.8,1000,UP,270,false,431448,173
0.7,1500,LEFT,270,false,431448,174
0,1500,UP,270,false,431448,175
3.2,1000,LEFT,270,false,431448,176
1.4,1500,LEFT,270,false,431448,177
0.7,1500,UP,270,false,431448,178
0,1500,UP,270,false,431448,179
4.8,1000,DOWN,270,false,431448,180
-3.54,1500,LEFT,270,false,431448,181
3.54,1500,DOWN,270,false,431448,182
-1.6,1000,UP,270,false,431448,183
3.54,1500,RIGHT,270,false,431448,184
-2.1,1500,UP,270,false,431448,185
-3.54,1500,DOWN,270,false,431448,186
0.7,1500,DOWN,270,false,431448,187
0,1500,RIGHT,270,false,431448,188
-2.1,1500,LEFT,270,false,431448,189
2.1,1500,DOWN,270,false,431448,190
0.7,1500,UP,270,false,431448,191
0.7,1500,UP,270,false,431448,192
-3.2,1000,UP,270,false,431448,193
-1.06666,1000,LEFT,270,false,431448,194
1.4,1500,RIGHT,270,false,431448,195
-1.6,1000,RIGHT,270,false,431448,196
0,1500,UP,90,false,431448,197
0.7,1500,UP,90,false,431448,198
0,1500,DOWN,90,false,431448,199
0.7,1500,RIGHT,90,false,431448,200
-3.2,1000,DOWN,90,false,431448,201
0.7,1500,RIGHT,90,false,431448,202
-1.4,1500,LEFT,90,false,431448,203
4.8,1000,RIGHT,90,false,431448,204
-1.6,1000,UP,90,false,431448,205
3.2,1000,UP,90,false,431448,206
-2.1,1500,RIGHT,90,false,431448,207
0.7,1500,LEFT,90,false,431448,208
1.4,1500,RIGHT,90,false,431448,209
4.8,1000,LEFT,90,false,431448,210
0,1000,UP,90,false,431448,211
1.6,1000,RIGHT,90,false,431448,212
0,1000,DOWN,90,false,431448,213
-1.6,1000,UP,90,false,431448,214
4.8,1000,UP,90,false,431448,215
1.4,1500,LEFT,90,false,431448,216
-4.8,1000,RIGHT,90,false,431448,217
0,1500,LEFT,90,false,431448,218
-3.2,1000,LEFT,90,false,431448,219
0,1000,RIGHT,90,false,431448,220
1.6,1000,UP,90,false,431448,221
-1.4,1500,UP,90,false,431448,222
-1.6,1000,RIGHT,90,false,431448,223
-2.1,1500,DOWN,90,false,431448,224
-3.2,1000,LEFT,0,true,431443,1
-2.1,1500,RIGHT,0,true,431443,2
2.1,1500,LEFT,0,true,431443,3
-2.1,1500,UP,0,true,431443,4
-2.1,1500,DOWN,0,true,431443,5
2.1,1500,RIGHT,0,true,431443,6
-3.2,1000,UP,0,true,431443,7
2.1,1500,UP,0,true,431443,8
-3.2,1000,RIGHT,0,true,431443,9
3.2,1000,RIGHT,0,true,431443,10
-2.1,1500,LEFT,0,true,431443,11
3.2,1000,UP,0,true,431443,12
2.1,1500,DOWN,0,true,431443,13
3.2,1000,LEFT,0,true,431443,14
-3.2,1000,DOWN,0,true,431443,15
3.2,1000,DOWN,0,true,431443,16
-0.7,1500,LEFT,270,false,431443,1
4.8,1000,UP,270,false,431443,2
2.1,1500,RIGHT,270,false,431443,3
2.1,1500,DOWN,270,false,431443,4
0,1500,DOWN,270,false,431443,5
0.7,1500,LEFT,270,false,431443,6
-0.7,1500,UP,270,false,431443,7
0,1000,LEFT,270,false,431443,8
0,1500,DOWN,270,false,431443,9
0,1000,DOWN,270,false,431443,10
0,1000,RIGHT,270,false,431443,11
1.6,1000,DOWN,270,false,431443,12
3.2,1000,RIGHT,270,false,431443,13
0.7,1500,LEFT,270,false,431443,14
-0.7,1500,UP,270,false,431443,15
3.54,1500,DOWN,270,false,431443,16
0.7,1500,UP,270,false,431443,17
3.2,1000,UP,270,false,431443,18
-0.7,1500,DOWN,270,false,431443,19
1.6,1000,DOWN,270,false,431443,20
0,1500,RIGHT,270,false,431443,21
-1.6,1000,UP,270,false,431443,22
0,1500,LEFT,270,false,431443,23
-0.7,1500,RIGHT,270,false,431443,24
0,1500,RIGHT,270,false,431443,25
-3.54,1500,DOWN,270,false,431443,26
-1.4,1500,DOWN,270,false,431443,27
0.7,1500,DOWN,270,false,431443,28
-0.7,1500,DOWN,90,false,431443,29
1.4,1500,LEFT,90,false,431443,30
0,1000,UP,90,false,431443,31
1.4,1500,UP,90,false,431443,32
3.2,1000,DOWN,90,false,431443,33
3.54,1500,RIGHT,90,false,431443,34
0.7,1500,LEFT,90,false,431443,35
1.4,1500,LEFT,90,false,431443,36
-1.6,1000,DOWN,90,false,431443,37
3.2,1000,UP,90,false,431443,38
0.7,1500,UP,90,false,431443,39
0.7,1500,UP,90,false,431443,40
1.6,1000,DOWN,90,false,431443,41
4.8,1000,LEFT,90,false,431443,42
1.6,1000,UP,90,false,431443,43
0,1000,RIGHT,90,false,431443,44
0,1500,RIGHT,90,false,431443,45
-0.7,1500,DOWN,90,false,431443,46
-2.1,1500,UP,90,false,431443,47
-1.6,1000,LEFT,90,false,431443,48
0,1500,DOWN,90,false,431443,49
-1.4,1500,DOWN,90,false,431443,50
-2.1,1500,RIGHT,90,false,431443,51
-1.4,1500,UP,90,false,431443,52
-0.7,1500,LEFT,90,false,431443,53
-1.6,1000,UP,90,false,431443,54
0,1500,UP,90,false,431443,55
-3.2,1000,DOWN,90,false,431443,56
-3.2,1000,RIGHT,270,false,431443,57
-2.1,1500,RIGHT,270,false,431443,58
3.54,1500,RIGHT,270,false,431443,59
0.7,1500,DOWN,270,false,431443,60
-1.06666,1000,UP,270,false,431443,61
-4.8,1000,DOWN,270,false,431443,62
-1.6,1000,LEFT,270,false,431443,63
1.06666,1000,DOWN,270,false,431443,64
0.7,1500,UP,270,false,431443,65
-1.6,1000,LEFT,270,false,431443,66
-1.4,1500,LEFT,270,false,431443,67
0,1000,RIGHT,270,false,431443,68
-3.54,1500,RIGHT,270,false,431443,69
2.1,1500,LEFT,270,false,431443,70
1.6,1000,UP,270,false,431443,71
4.8,1000,DOWN,270,false,431443,72
1.4,1500,UP,270,false,431443,73
1.4,1500,RIGHT,270,false,431443,74
1.4,1500,DOWN,270,false,431443,75
-2.1,1500,LEFT,270,false,431443,76
0.7,1500,DOWN,270,false,431443,77
-1.4,1500,RIGHT,270,false,431443,78
0,1500,UP,270,false,431443,79
2.1,1500,UP,270,false,431443,80
1.6,1000,LEFT,270,false,431443,81
-0.7,1500,DOWN,270,false,431443,82
1.6,1000,LEFT,270,false,431443,83
-0.7,1500,RIGHT,270,false,431443,84
1.6,1000,UP,90,false,431443,85
1.06666,1000,LEFT,90,false,431443,86
0.7,1500,LEFT,90,false,431443,87
0,1000,DOWN,90,false,431443,88
-4.8,1000,DOWN,90,false,431443,89
-0.7,1500,UP,90,false,431443,90
1.4,1500,DOWN,90,false,431443,91
0,1000,RIGHT,90,false,431443,92
-1.6,1000,UP,90,false,431443,93
-3.2,1000,RIGHT,90,false,431443,94
-0.7,1500,RIGHT,90,false,431443,95
0,1000,LEFT,90,false,431443,96
3.54,1500,DOWN,90,false,431443,97
4.8,1000,DOWN,90,false,431443,98
0,1500,UP,90,false,431443,99
1.6,1000,LEFT,90,false,431443,100
-0.7,1500,RIGHT,90,false,431443,101
-4.8,1000,LEFT,90,false,431443,102
3.2,1000,RIGHT,90,false,431443,103
-1.06666,1000,DOWN,90,false,431443,104
0.7,1500,LEFT,90,false,431443,105
3.54,1500,LEFT,90,false,431443,106
1.4,1500,RIGHT,90,false,431443,107
-1.4,1500,UP,90,false,431443,108
0.7,1500,RIGHT,90,false,431443,109
2.1,1500,UP,90,false,431443,110
0.7,1500,UP,90,false,431443,111
-3.54,1500,LEFT,90,false,431443,112
-1.6,1000,RIGHT,270,false,431443,113
1.4,1500,UP,270,false,431443,114
1.4,1500,RIGHT,270,false,431443,115
1.06666,1000,LEFT,270,false,431443,116
-1.06666,1000,DOWN,270,false,431443,117
0,1000,LEFT,270,false,431443,118
3.2,1000,DOWN,270,false,431443,119
1.4,1500,LEFT,270,false,431443,120
-1.6,1000,RIGHT,270,false,431443,121
-3.54,1500,UP,270,false,431443,122
-0.7,1500,LEFT,270,false,431443,123
-1.4,1500,UP,270,false,431443,124
0.7,1500,RIGHT,270,false,431443,125
0.7,1500,LEFT,270,false,431443,126
0.7,1500,RIGHT,270,false,431443,127
-1.4,1500,DOWN,270,false,431443,128
1.6,1000,UP,270,false,431443,129
-0.7,1500,DOWN,270,false,431443,130
-3.54,1500,LEFT,270,false,431443,131
3.54,1500,UP,270,false,431443,132
-2.1,1500,UP,270,false,431443,133
-4.8,1000,UP,270,false,431443,134
0.7,1500,RIGHT,270,false,431443,135
1.6,1000,RIGHT,270,false,431443,136
-0.7,1500,LEFT,270,false,431443,137
-1.06666,1000,LEFT,270,false,431443,138
1.6,1000,RIGHT,270,false,431443,139
0,1500,LEFT,270,false,431443,140
-1.6,1000,DOWN,90,false,431443,141
4.8,1000,UP,90,false,431443,142
1.4,1500,RIGHT,90,false,431443,143
0,1000,LEFT,90,false,431443,144
1.06666,1000,RIGHT,90,false,431443,145
1.4,1500,DOWN,90,false,431443,146
-1.06666,1000,RIGHT,90,false,431443,147
-1.06666,1000,UP,90,false,431443,148
0,1500,LEFT,90,false,431443,149
1.6,1000,RIGHT,90,false,431443,150
0,1500,DOWN,90,false,431443,151
-1.6,1000,LEFT,90,false,431443,152
1.4,1500,UP,90,false,431443,153
-1.4,1500,RIGHT,90,false,431443,154
-3.54,1500,RIGHT,90,false,431443,155
2.1,1500,RIGHT,90,false,431443,156
-3.2,1000,LEFT,90,false,431443,157
0,1500,RIGHT,90,false,431443,158
3.54,1500,UP,90,false,431443,159
-4.8,1000,UP,90,false,431443,160
0,1500,LEFT,90,false,431443,161
0.7,1500,RIGHT,90,false,431443,162
-0.7,1500,UP,90,false,431443,163
-1.4,1500,LEFT,90,false,431443,164
0.7,1500,DOWN,90,false,431443,165
-1.06666,1000,LEFT,90,false,431443,166
2.1,1500,DOWN,90,false,431443,167
-0.7,1500,RIGHT,90,false,431443,168
-1.6,1000,DOWN,270,false,431443,169
0,1000,UP,270,false,431443,170
1.06666,1000,RIGHT,270,false,431443,171
0,1000,DOWN,270,false,431443,172
3.54,1500,LEFT,270,false,431443,173
-1.4,1500,LEFT,270,false,431443,174
1.06666,1000,UP,270,false,431443,175
-3.2,1000,DOWN,270,false,431443,176
1.4,1500,LEFT,270,false,431443,177
-1.6,1000,UP,270,false,431443,178
-2.1,1500,DOWN,270,false,431443,179
0,1500,UP,270,false,431443,180
4.8,1000,LEFT,270,false,431443,181
-4.8,1000,LEFT,270,false,431443,182
-3.2,1000,UP,270,false,431443,183
0.7,1500,UP,270,false,431443,184
-0.7,1500,RIGHT,270,false,431443,185
-1.4,1500,RIGHT,270,false,431443,186
0,1000,UP,270,false,431443,187
-1.6,1000,DOWN,270,false,431443,188
4.8,1000,RIGHT,270,false,431443,189
-1.4,1500,UP,270,false,431443,190
3.2,1000,LEFT,270,false,431443,191
-0.7,1500,UP,270,false,431443,192
-1.06666,1000,RIGHT,270,false,431443,193
1.4,1500,DOWN,270,false,431443,194
-3.2,1000,LEFT,270,false,431443,195
-4.8,1000,RIGHT,270,false,431443,196
0.7,1500,DOWN,90,false,431443,197
0.7,1500,RIGHT,90,false,431443,198
1.06666,1000,DOWN,90,false,431443,199
-1.4,1500,DOWN,90,false,431443,200
-3.54,1500,UP,90,false,431443,201
-1.4,1500,LEFT,90,false,431443,202
-2.1,1500,DOWN,90,false,431443,203
-1.4,1500,RIGHT,90,false,431443,204
1.6,1000,DOWN,90,false,431443,205
1.06666,1000,UP,90,false,431443,206
4.8,1000,RIGHT,90,false,431443,207
-0.7,1500,DOWN,90,false,431443,208
-0.7,1500,LEFT,90,false,431443,209
0,1000,DOWN,90,false,431443,210
-3.2,1000,UP,90,false,431443,211
-3.54,1500,DOWN,90,false,431443,212
1.6,1000,RIGHT,90,false,431443,213
0,1000,UP,90,false,431443,214
1.6,1000,LEFT,90,false,431443,215
-0.7,1500,LEFT,90,false,431443,216
3.2,1000,LEFT,90,false,431443,217
2.1,1500,LEFT,90,false,431443,218
-0.7,1500,UP,90,false,431443,219
-4.8,1000,RIGHT,90,false,431443,220
-2.1,1500,LEFT,90,false,431443,221
-1.6,1000,RIGHT,90,false,431443,222
-1.6,1000,RIGHT,90,false,431443,223
0.7,1500,DOWN,90,false,431443,224
2.1,1500,DOWN,0,true,431376,1
3.2,1000,RIGHT,0,true,431376,2
-2.1,1500,DOWN,0,true,431376,3
3.2,1000,LEFT,0,true,431376,4
2.1,1500,LEFT,0,true,431376,5
-2.1,1500,UP,0,true,431376,6
-3.2,1000,DOWN,0,true,431376,7
3.2,1000,UP,0,true,431376,8
3.2,1000,DOWN,0,true,431376,9
-3.2,1000,LEFT,0,true,431376,10
-2.1,1500,RIGHT,0,true,431376,11
-3.2,1000,UP,0,true,431376,12
2.1,1500,RIGHT,0,true,431376,13
2.1,1500,UP,0,true,431376,14
-2.1,1500,LEFT,0,true,431376,15
-3.2,1000,RIGHT,0,true,431376,16
0,1500,DOWN,270,false,431376,1
-1.06666,1000,RIGHT,270,false,431376,2
1.4,1500,RIGHT,270,false,431376,3
-1.6,1000,UP,270,false,431376,4
-0.7,1500,DOWN,270,false,431376,5
0,1000,RIGHT,270,false,431376,6
2.1,1500,LEFT,270,false,431376,7
-1.6,1000,LEFT,270,false,431376,8
-1.4,1500,UP,270,false,431376,9
-1.06666,1000,DOWN,270,false,431376,10
-2.1,1500,UP,270,false,431376,11
-4.8,1000,RIGHT,270,false,431376,12
3.2,1000,RIGHT,270,false,431376,13
0.7,1500,DOWN,270,false,431376,14
-0.7,1500,LEFT,270,false,431376,15
-3.54,1500,DOWN,270,false,431376,16
1.6,1000,LEFT,270,false,431376,17
0,1500,RIGHT,270,false,431376,18
0.7,1500,LEFT,270,false,431376,19
1.6,1000,DOWN,270,false,431376,20
-3.2,1000,RIGHT,270,false,431376,21
-1.06666,1000,UP,270,false,431376,22
1.4,1500,UP,270,false,431376,23
-0.7,1500,LEFT,270,false,431376,24
0.7,1500,RIGHT,270,false,431376,25
4.8,1000,DOWN,270,false,431376,26
3.2,1000,UP,270,false,431376,27
1.6,1000,UP,270,false,431376,28
-2.1,1500,DOWN,90,false,431376,29
-3.2,1000,UP,90,false,431376,30
-1.6,1000,DOWN,90,false,431376,31
-0.7,1500,RIGHT,90,false,431376,32
-0.7,1500,UP,90,false,431376,33
-4.8,1000,DOWN,90,false,431376,34
1.4,1500,RIGHT,90,false,431376,35
-0.7,1500,DOWN,90,false,431376,36
-1.4,1500,UP,90,false,431376,37
0,1000,UP,90,false,431376,38
-2.1,1500,UP,90,false,431376,39
1.06666,1000,DOWN,90,false,431376,40
0.7,1500,DOWN,90,false,431376,41
-1.4,1500,DOWN,90,false,431376,42
0,1500,RIGHT,90,false,431376,43
2.1,1500,RIGHT,90,false,431376,44
3.2,1000,RIGHT,90,false,431376,45
-3.54,1500,LEFT,90,false,431376,46
0,1000,DOWN,90,false,431376,47
3.2,1000,LEFT,90,false,431376,48
-1.06666,1000,DOWN,90,false,431376,49
-3.2,1000,LEFT,90,false,431376,50
0,1000,LEFT,90,false,431376,51
1.6,1000,RIGHT,90,false,431376,52
1.06666,1000,RIGHT,90,false,431376,53
0.7,1500,UP,90,false,431376,54
-0.7,1500,UP,90,false,431376,55
4.8,1000,UP,90,false,431376,56
1.6,1000,RIGHT,270,false,431376,57
-3.2,1000,UP,270,false,431376,58
0.7,1500,RIGHT,270,false,431376,59
-0.7,1500,RIGHT,270,false,431376,60
0.7,1500,UP,270,false,431376,61
-3.54,1500,LEFT,270,false,431376,62
0,1500,RIGHT,270,false,431376,63
-1.4,1500,UP,270,false,431376,64
-1.6,1000,DOWN,270,false,431376,65
-1.4,1500,DOWN,270,false,431376,66
-1.6,1000,RIGHT,270,false,431376,67
0,1000,DOWN,270,false,431376,68
0.7,1500,UP,270,false,431376,69
1.4,1500,DOWN,270,false,431376,70
3.54,1500,UP,270,false,431376,71
1.4,1500,RIGHT,270,false,431376,72
0,1500,DOWN,270,false,431376,73
-1.4,1500,RIGHT,270,false,431376,74
-0.7,1500,UP,270,false,431376,75
4.8,1000,RIGHT,270,false,431376,76
4.8,1000,LEFT,270,false,431376,77
0,1000,LEFT,270,false,431376,78
1.06666,1000,LEFT,270,false,431376,79
-3.2,1000,DOWN,270,false,431376,80
0.7,1500,DOWN,270,false,431376,81
-1.4,1500,LEFT,270,false,431376,82
0,1500,LEFT,270,false,431376,83
-4.8,1000,UP,270,false,431376,84
-3.54,1500,RIGHT,90,false,431376,85
-1.4,1500,LEFT,90,false,431376,86
-1.4,1500,LEFT,90,false,431376,87
2.1,1500,DOWN,90,false,431376,88
0.7,1500,RIGHT,90,false,431376,89
3.54,1500,DOWN,90,false,431376,90
0.7,1500,LEFT,90,false,431376,91
-0.7,1500,RIGHT,90,false,431376,92
1.6,1000,RIGHT,90,false,431376,93
-1.4,1500,RIGHT,90,false,431376,94
0,1000,RIGHT,90,false,431376,95
0,1000,UP,90,false,431376,96
0,1500,UP,90,false,431376,97
0.7,1500,DOWN,90,false,431376,98
3.54,1500,RIGHT,90,false,431376,99
1.4,1500,DOWN,90,false,431376,100
1.6,1000,DOWN,90,false,431376,101
-4.8,1000,UP,90,false,431376,102
-1.06666,1000,RIGHT,90,false,431376,103
0,1000,DOWN,90,false,431376,104
3.2,1000,DOWN,90,false,431376,105
-0.7,1500,DOWN,90,false,431376,106
0,1500,LEFT,90,false,431376,107
-1.4,1500,UP,90,false,431376,108
-0.7,1500,LEFT,90,false,431376,109
1.4,1500,UP,90,false,431376,110
1.6,1000,LEFT,90,false,431376,111
4.8,1000,LEFT,90,false,431376,112
-1.4,1500,DOWN,270,false,431376,113
-0.7,1500,RIGHT,270,false,431376,114
1.6,1000,RIGHT,270,false,431376,115
0.7,1500,LEFT,270,false,431376,116
0,1000,DOWN,270,false,431376,117
1.06666,1000,UP,270,false,431376,118
-2.1,1500,LEFT,270,false,431376,119
0,1500,UP,270,false,431376,120
2.1,1500,DOWN,270,false,431376,121
0,1000,LEFT,270,false,431376,122
-1.4,1500,RIGHT,270,false,431376,123
0.7,1500,DOWN,270,false,431376,124
2.1,1500,RIGHT,270,false,431376,125
0.7,1500,UP,270,false,431376,126
0,1000,UP,270,false,431376,127
-1.6,1000,UP,270,false,431376,128
3.2,1000,LEFT,270,false,431376,129
-1.6,1000,RIGHT,270,false,431376,130
1.4,1500,LEFT,270,false,431376,131
1.4,1500,LEFT,270,false,431376,132
0,1000,UP,270,false,431376,133
-2.1,1500,RIGHT,270,false,431376,134
3.2,1000,DOWN,270,false,431376,135
1.4,1500,UP,270,false,431376,136
4.8,1000,UP,270,false,431376,137
-4.8,1000,LEFT,270,false,431376,138
-1.4,1500,LEFT,270,false,431376,139
3.54,1500,DOWN,270,false,431376,140
0,1000,RIGHT,90,false,431376,141
4.8,1000,RIGHT,90,false,431376,142
0,1500,DOWN,90,false,431376,143
1.06666,1000,UP,90,false,431376,144
0.7,1500,LEFT,90,false,431376,145
1.4,1500,UP,90,false,431376,146
-0.7,1500,LEFT,90,false,431376,147
3.54,1500,LEFT,90,false,431376,148
1.6,1000,DOWN,90,false,431376,149
-4.8,1000,RIGHT,90,false,431376,150
-0.7,1500,RIGHT,90,false,431376,151
-3.54,1500,DOWN,90,false,431376,152
-2.1,1500,LEFT,90,false,431376,153
3.2,1000,UP,90,false,431376,154
0.7,1500,LEFT,90,false,431376,155
-1.6,1000,RIGHT,90,false,431376,156
1.6,1000,UP,90,false,431376,157
-3.54,1500,UP,90,false,431376,158
0.7,1500,UP,90,false,431376,159
0.7,1500,UP,90,false,431376,160
-1.4,1500,RIGHT,90,false,431376,161
3.54,1500,UP,90,false,431376,162
1.4,1500,RIGHT,90,false,431376,163
-0.7,1500,DOWN,90,false,431376,164
0,1500,LEFT,90,false,431376,165
0,1500,UP,90,false,431376,166
-3.2,1000,DOWN,90,false,431376,167
-0.7,1500,UP,90,false,431376,168
-1.6,1000,LEFT,270,false,431376,169
-3.54,1500,UP,270,false,431376,170
-1.6,1000,DOWN,270,false,431376,171
2.1,1500,UP,270,false,431376,172
-4.8,1000,DOWN,270,false,431376,173
-3.2,1000,LEFT,270,false,431376,174
-0.7,1500,UP,270,false,431376,175
3.54,1500,LEFT,270,false,431376,176
-0.7,1500,DOWN,270,false,431376,177
-3.54,1500,RIGHT,270,false,431376,178
0.7,1500,RIGHT,270,false,431376,179
-2.1,1500,DOWN,270,false,431376,180
0.7,1500,LEFT,270,false,431376,181
0,1500,LEFT,270,false,431376,182
1.06666,1000,RIGHT,270,false,431376,183
-0.7,1500,UP,270,false,431376,184
-1.06666,1000,LEFT,270,false,431376,185
1.06666,1000,DOWN,270,false,431376,186
-0.7,1500,RIGHT,270,false,431376,187
1.6,1000,DOWN,270,false,431376,188
1.6,1000,LEFT,270,false,431376,189
0,1000,RIGHT,270,false,431376,190
3.54,1500,RIGHT,270,false,431376,191
-0.7,1500,LEFT,270,false,431376,192
0,1500,UP,270,false,431376,193
-0.7,1500,DOWN,270,false,431376,194
1.6,1000,UP,270,false,431376,195
1.4,1500,DOWN,270,false,431376,196
0.7,1500,DOWN,90,false,431376,197
-0.7,1500,LEFT,90,false,431376,198
-3.2,1000,RIGHT,90,false,431376,199
2.1,1500,UP,90,false,431376,200
-2.1,1500,RIGHT,90,false,431376,201
1.4,1500,LEFT,90,false,431376,202
0,1500,RIGHT,90,false,431376,203
0.7,1500,RIGHT,90,false,431376,204
0.7,1500,RIGHT,90,false,431376,205
-1.4,1500,DOWN,90,false,431376,206
1.4,1500,LEFT,90,false,431376,207
-1.06666,1000,UP,90,false,431376,208
1.6,1000,LEFT,90,false,431376,209
-1.06666,1000,LEFT,90,false,431376,210
4.8,1000,DOWN,90,false,431376,211
2.1,1500,LEFT,90,false,431376,212
-1.6,1000,LEFT,90,false,431376,213
-1.6,1000,UP,90,false,431376,214
1.4,1500,DOWN,90,false,431376,215
-1.6,1000,RIGHT,90,false,431376,216
1.6,1000,UP,90,false,431376,217
-1.6,1000,UP,90,false,431376,218
-4.8,1000,LEFT,90,false,431376,219
0,1000,LEFT,90,false,431376,220
1.06666,1000,LEFT,90,false,431376,221
0,1500,DOWN,90,false,431376,222
-1.6,1000,LEFT,90,false,431376,223
-1.6,1000,DOWN,90,false,431376,224
-3.2,1000,LEFT,0,true,431360,1
2.1,1500,DOWN,0,true,431360,2
3.2,1000,DOWN,0,true,431360,3
-3.2,1000,DOWN,0,true,431360,4
-3.2,1000,RIGHT,0,true,431360,5
-2.1,1500,LEFT,0,true,431360,6
-2.1,1500,RIGHT,0,true,431360,7
-2.1,1500,UP,0,true,431360,8
3.2,1000,RIGHT,0,true,431360,9
-3.2,1000,UP,0,true,431360,10
3.2,1000,LEFT,0,true,431360,11
2.1,1500,LEFT,0,true,431360,12
2.1,1500,RIGHT,0,true,431360,13
-2.1,1500,DOWN,0,true,431360,14
3.2,1000,UP,0,true,431360,15
2.1,1500,UP,0,true,431360,16
-2.1,1500,UP,270,false,431360,1
0.7,1500,LEFT,270,false,431360,2
1.06666,1000,DOWN,270,false,431360,3
0.7,1500,UP,270,false,431360,4
0.7,1500,RIGHT,270,false,431360,5
-2.1,1500,DOWN,270,false,431360,6
-4.8,1000,DOWN,270,false,431360,7
4.8,1000,DOWN,270,false,431360,8
4.8,1000,RIGHT,270,false,431360,9
-3.2,1000,RIGHT,270,false,431360,10
1.4,1500,LEFT,270,false,431360,11
1.6,1000,DOWN,270,false,431360,12
1.6,1000,RIGHT,270,false,431360,13
-0.7,1500,RIGHT,270,false,431360,14
-1.6,1000,LEFT,270,false,431360,15
1.6,1000,RIGHT,270,false,431360,16
3.2,1000,LEFT,270,false,431360,17
0,1500,UP,270,false,431360,18
-3.2,1000,DOWN,270,false,431360,19
3.54,1500,UP,270,false,431360,20
0,1000,DOWN,270,false,431360,21
1.4,1500,RIGHT,270,false,431360,22
-1.4,1500,UP,270,false,431360,23
-2.1,1500,LEFT,270,false,431360,24
1.6,1000,DOWN,270,false,431360,25
-1.6,1000,RIGHT,270,false,431360,26
-1.4,1500,DOWN,270,false,431360,27
-3.54,1500,LEFT,270,false,431360,28
0.7,1500,LEFT,90,false,431360,29
0,1000,UP,90,false,431360,30
-0.7,1500,UP,90,false,431360,31
1.6,1000,LEFT,90,false,431360,32
0.7,1500,RIGHT,90,false,431360,33
0.7,1500,RIGHT,90,false,431360,34
0,1000,LEFT,90,false,431360,35
-0.7,1500,RIGHT,90,false,431360,36
0,1500,LEFT,90,false,431360,37
0.7,1500,RIGHT,90,false,431360,38
-4.8,1000,LEFT,90,false,431360,39
0,1500,RIGHT,90,false,431360,40
0,1000,UP,90,false,431360,41
-3.2,1000,DOWN,90,false,431360,42
-1.6,1000,LEFT,90,false,431360,43
1.06666,1000,DOWN,90,false,431360,44
1.4,1500,LEFT,90,false,431360,45
-3.2,1000,RIGHT,90,false,431360,46
-3.54,1500,UP,90,false,431360,47
1.06666,1000,UP,90,false,431360,48
-1.4,1500,DOWN,90,false,431360,49
1.4,1500,UP,90,false,431360,50
-1.06666,1000,LEFT,90,false,431360,51
-1.6,1000,RIGHT,90,false,431360,52
0.7,1500,UP,90,false,431360,53
3.2,1000,DOWN,90,false,431360,54
0,1500,UP,90,false,431360,55
-0.7,1500,DOWN,90,false,431360,56
-1.06666,1000,UP,270,false,431360,57
1.4,1500,UP,270,false,431360,58
0,1500,RIGHT,270,false,431360,59
0,1000,LEFT,270,false,431360,60
-1.6,1000,LEFT,270,false,431360,61
-3.54,1500,UP,270,false,431360,62
-1.6,1000,UP,270,false,431360,63
0,1000,LEFT,270,false,431360,64
-1.4,1500,LEFT,270,false,431360,65
1.06666,1000,RIGHT,270,false,431360,66
-0.7,1500,DOWN,270,false,431360,67
-3.54,1500,RIGHT,270,false,431360,68
-1.06666,1000,DOWN,270,false,431360,69
-0.7,1500,LEFT,270,false,431360,70
1.6,1000,UP,270,false,431360,71
-0.7,1500,UP,270,false,431360,72
-1.06666,1000,LEFT,270,false,431360,73
-3.2,1000,LEFT,270,false,431360,74
0,1500,DOWN,270,false,431360,75
-0.7,1500,UP,270,false,431360,76
0.7,1500,LEFT,270,false,431360,77
0,1500,LEFT,270,false,431360,78
-1.6,1000,DOWN,270,false,431360,79
0.7,1500,DOWN,270,false,431360,80
-1.4,1500,RIGHT,270,false,431360,81
-0.7,1500,RIGHT,270,false,431360,82
2.1,1500,RIGHT,270,false,431360,83
1.4,1500,DOWN,270,false,431360,84
-1.06666,1000,RIGHT,90,false,431360,85
0.7,1500,UP,90,false,431360,86
1.4,1500,RIGHT,90,false,431360,87
-1.6,1000,UP,90,false,431360,88
-2.1,1500,DOWN,90,false,431360,89
-0.7,1500,RIGHT,90,false,431360,90
0,1000,DOWN,90,false,431360,91
0,1000,DOWN,90,false,431360,92
1.4,1500,DOWN,90,false,431360,93
0,1000,LEFT,90,false,431360,94
4.8,1000,DOWN,90,false,431360,95
3.2,1000,LEFT,90,false,431360,96
0.7,1500,LEFT,90,false,431360,97
0,1000,RIGHT,90,false,431360,98
-1.4,1500,DOWN,90,false,431360,99
-1.6,1000,UP,90,false,431360,100
-4.8,1000,RIGHT,90,false,431360,101
1.6,1000,RIGHT,90,false,431360,102
0,1000,RIGHT,90,false,431360,103
-1.4,1500,UP,90,false,431360,104
0,1500,LEFT,90,false,431360,105
2.1,1500,DOWN,90,false,431360,106
1.06666,1000,RIGHT,90,false,431360,107
-1.06666,1000,UP,90,false,431360,108
-4.8,1000,DOWN,90,false,431360,109
-1.6,1000,DOWN,90,false,431360,110
-1.6,1000,DOWN,90,false,431360,111
-1.4,1500,RIGHT,90,false,431360,112
1.6,1000,UP,270,false,431360,113
0.7,1500,DOWN,270,false,431360,114
-0.7,1500,LEFT,270,false,431360,115
2.1,1500,UP,270,false,431360,116
-2.1,1500,RIGHT,270,false,431360,117
-4.8,1000,LEFT,270,false,431360,118
1.4,1500,DOWN,270,false,431360,119
0,1000,UP,270,false,431360,120
0.7,1500,DOWN,270,false,431360,121
-1.6,1000,RIGHT,270,false,431360,122
-4.8,1000,RIGHT,270,false,431360,123
3.54,1500,DOWN,270,false,431360,124
0,1500,RIGHT,270,false,431360,125
0,1500,UP,270,false,431360,126
-0.7,1500,RIGHT,270,false,431360,127
0,1000,RIGHT,270,false,431360,128
0,1500,LEFT,270,false,431360,129
0.7,1500,UP,270,false,431360,130
-3.2,1000,UP,270,false,431360,131
0.7,1500,RIGHT,270,false,431360,132
-1.4,1500,UP,270,false,431360,133
-0.7,1500,LEFT,270,false,431360,134
3.54,1500,RIGHT,270,false,431360,135
1.06666,1000,LEFT,270,false,431360,136
-4.8,1000,UP,270,false,431360,137
3.2,1000,DOWN,270,false,431360,138
-1.06666,1000,RIGHT,270,false,431360,139
-0.7,1500,DOWN,270,false,431360,140
1.4,1500,LEFT,90,false,431360,141
-0.7,1500,LEFT,90,false,431360,142
0.7,1500,DOWN,90,false,431360,143
3.54,1500,DOWN,90,false,431360,144
2.1,1500,UP,90,false,431360,145
-0.7,1500,RIGHT,90,false,431360,146
1.4,1500,RIGHT,90,false,431360,147
-2.1,1500,UP,90,false,431360,148
1.4,1500,UP,90,false,431360,149
-0.7,1500,LEFT,90,false,431360,150
-1.4,1500,LEFT,90,false,431360,151
-3.2,1000,LEFT,90,false,431360,152
0.7,1500,DOWN,90,false,431360,153
1.6,1000,UP,90,false,431360,154
0,1500,RIGHT,90,false,431360,155
-2.1,1500,RIGHT,90,false,431360,156
-1.4,1500,RIGHT,90,false,431360,157
2.1,1500,RIGHT,90,false,431360,158
2.1,1500,LEFT,90,false,431360,159
0.7,1500,DOWN,90,false,431360,160
-0.7,1500,UP,90,false,431360,161
3.54,1500,LEFT,90,false,431360,162
1.6,1000,DOWN,90,false,431360,163
3.54,1500,UP,90,false,431360,164
1.6,1000,DOWN,90,false,431360,165
0,1500,UP,90,false,431360,166
1.4,1500,DOWN,90,false,431360,167
4.8,1000,LEFT,90,false,431360,168
-1.4,1500,LEFT,270,false,431360,169
-3.54,1500,DOWN,270,false,431360,170
0,1000,DOWN,270,false,431360,171
1.6,1000,LEFT,270,false,431360,172
-0.7,1500,UP,270,false,431360,173
0.7,1500,UP,270,false,431360,174
-1.4,1500,RIGHT,270,false,431360,175
1.06666,1000,UP,270,false,431360,176
3.54,1500,LEFT,270,false,431360,177
0.7,1500,LEFT,270,false,431360,178
1.4,1500,RIGHT,270,false,431360,179
4.8,1000,LEFT,270,false,431360,180
0,1500,DOWN,270,false,431360,181
1.4,1500,LEFT,270,false,431360,182
2.1,1500,LEFT,270,false,431360,183
3.2,1000,UP,270,false,431360,184
2.1,1500,DOWN,270,false,431360,185
-0.7,1500,DOWN,270,false,431360,186
-1.6,1000,DOWN,270,false,431360,187
1.6,1000,LEFT,270,false,431360,188
-1.4,1500,DOWN,270,false,431360,189
3.2,1000,RIGHT,270,false,431360,190
0,1000,UP,270,false,431360,191
-1.6,1000,UP,270,false,431360,192
4.8,1000,UP,270,false,431360,193
0,1000,RIGHT,270,false,431360,194
1.4,1500,UP,270,false,431360,195
0.7,1500,RIGHT,270,false,431360,196
1.6,1000,UP,90,false,431360,197
1.6,1000,RIGHT,90,false,431360,198
0.7,1500,LEFT,90,false,431360,199
-1.4,1500,UP,90,false,431360,200
0,1500,DOWN,90,false,431360,201
4.8,1000,UP,90,false,431360,202
1.06666,1000,LEFT,90,false,431360,203
-0.7,1500,DOWN,90,false,431360,204
-1.06666,1000,DOWN,90,false,431360,205
3.54,1500,RIGHT,90,false,431360,206
3.2,1000,RIGHT,90,false,431360,207
-1.4,1500,LEFT,90,false,431360,208
-0.7,1500,DOWN,90,false,431360,209
3.2,1000,UP,90,false,431360,210
-2.1,1500,LEFT,90,false,431360,211
-4.8,1000,UP,90,false,431360,212
-0.7,1500,UP,90,false,431360,213
0.7,1500,UP,90,false,431360,214
-0.7,1500,LEFT,90,false,431360,215
0,1500,DOWN,90,false,431360,216
-3.54,1500,DOWN,90,false,431360,217
-1.6,1000,RIGHT,90,false,431360,218
-3.2,1000,UP,90,false,431360,219
1.6,1000,LEFT,90,false,431360,220
-1.6,1000,LEFT,90,false,431360,221
-3.54,1500,RIGHT,90,false,431360,222
4.8,1000,RIGHT,90,false,431360,223
-3.54,1500,LEFT,90,false,431360,224
-2.1,1500,DOWN,0,true,431454,1
2.1,1500,LEFT,0,true,431454,2
-3.2,1000,RIGHT,0,true,431454,3
-3.2,1000,UP,0,true,431454,4
3.2,1000,LEFT,0,true,431454,5
-3.2,1000,LEFT,0,true,431454,6
2.1,1500,RIGHT,0,true,431454,7
2.1,1500,DOWN,0,true,431454,8
-3.2,1000,DOWN,0,true,431454,9
3.2,1000,UP,0,true,431454,10
3.2,1000,DOWN,0,true,431454,11
-2.1,1500,LEFT,0,true,431454,12
-2.1,1500,RIGHT,0,true,431454,13
2.1,1500,UP,0,true,431454,14
3.2,1000,RIGHT,0,true,431454,15
-2.1,1500,UP,0,true,431454,16
0,1500,DOWN,90,false,431454,1
-1.4,1500,LEFT,90,false,431454,2
-1.4,1500,RIGHT,90,false,431454,3
-4.8,1000,RIGHT,90,false,431454,4
0,1000,DOWN,90,false,431454,5
-1.6,1000,LEFT,90,false,431454,6
0,1000,RIGHT,90,false,431454,7
0.7,1500,RIGHT,90,false,431454,8
0.7,1500,RIGHT,90,false,431454,9
4.8,1000,RIGHT,90,false,431454,10
1.4,1500,DOWN,90,false,431454,11
-0.7,1500,RIGHT,90,false,431454,12
-1.06666,1000,LEFT,90,false,431454,13
0,1500,LEFT,90,false,431454,14
-0.7,1500,UP,90,false,431454,15
-3.54,1500,RIGHT,90,false,431454,16
1.6,1000,LEFT,90,false,431454,17
-3.2,1000,LEFT,90,false,431454,18
-1.6,1000,UP,90,false,431454,19
-1.6,1000,DOWN,90,false,431454,20
4.8,1000,UP,90,false,431454,21
1.6,1000,RIGHT,90,false,431454,22
-2.1,1500,UP,90,false,431454,23
0.7,1500,UP,90,false,431454,24
1.06666,1000,RIGHT,90,false,431454,25
0.7,1500,DOWN,90,false,431454,26
0.7,1500,DOWN,90,false,431454,27
3.54,1500,LEFT,90,false,431454,28
3.54,1500,LEFT,270,false,431454,29
0,1000,UP,270,false,431454,30
-0.7,1500,DOWN,270,false,431454,31
0,1500,RIGHT,270,false,431454,32
1.6,1000,LEFT,270,false,431454,33
0,1000,LEFT,270,false,431454,34
3.54,1500,UP,270,false,431454,35
0,1500,LEFT,270,false,431454,36
0,1500,UP,270,false,431454,37
1.6,1000,RIGHT,270,false,431454,38
-1.06666,1000,UP,270,false,431454,39
0,1000,UP,270,false,431454,40
1.6,1000,DOWN,270,false,431454,41
0,1500,RIGHT,270,false,431454,42
0,1000,RIGHT,270,false,431454,43
-3.54,1500,RIGHT,270,false,431454,44
-1.6,1000,RIGHT,270,false,431454,45
-3.54,1500,UP,270,false,431454,46
3.2,1000,UP,270,false,431454,47
0.7,1500,RIGHT,270,false,431454,48
2.1,1500,UP,270,false,431454,49
1.6,1000,UP,270,false,431454,50
1.4,1500,DOWN,270,false,431454,51
-1.6,1000,UP,270,false,431454,52
0,1500,DOWN,270,false,431454,53
-0.7,1500,LEFT,270,false,431454,54
3.2,1000,RIGHT,270,false,431454,55
-1.4,1500,LEFT,270,false,431454,56
2.1,1500,LEFT,90,false,431454,57
-1.6,1000,RIGHT,90,false,431454,58
-1.4,1500,LEFT,90,false,431454,59
3.54,1500,RIGHT,90,false,431454,60
0.7,1500,UP,90,false,431454,61
1.4,1500,LEFT,90,false,431454,62
1.6,1000,DOWN,90,false,431454,63
-0.7,1500,UP,90,false,431454,64
1.4,1500,RIGHT,90,false,431454,65
1.4,1500,RIGHT,90,false,431454,66
3.2,1000,LEFT,90,false,431454,67
-0.7,1500,DOWN,90,false,431454,68
0,1500,RIGHT,90,false,431454,69
1.6,1000,DOWN,90,false,431454,70
0.7,1500,RIGHT,90,false,431454,71
-1.06666,1000,DOWN,90,false,431454,72
4.8,1000,LEFT,90,false,431454,73
4.8,1000,DOWN,90,false,431454,74
0,1500,RIGHT,90,false,431454,75
-0.7,1500,LEFT,90,false,431454,76
-1.4,1500,UP,90,false,431454,77
0.7,1500,UP,90,false,431454,78
0,1500,DOWN,90,false,431454,79
0.7,1500,LEFT,90,false,431454,80
-3.2,1000,UP,90,false,431454,81
0,1000,UP,90,false,431454,82
2.1,1500,RIGHT,90,false,431454,83
0,1000,RIGHT,90,false,431454,84
-0.7,1500,RIGHT,270,false,431454,85
-2.1,1500,RIGHT,270,false,431454,86
-1.6,1000,LEFT,270,false,431454,87
-1.4,1500,DOWN,270,false,431454,88
-1.06666,1000,RIGHT,270,false,431454,89
-0.7,1500,UP,270,false,431454,90
-1.4,1500,RIGHT,270,false,431454,91
-0.7,1500,RIGHT,270,false,431454,92
-3.2,1000,DOWN,270,false,431454,93
-1.6,1000,DOWN,270,false,431454,94
-0.7,1500,LEFT,270,false,431454,95
0.7,1500,UP,270,false,431454,96
-1.4,1500,RIGHT,270,false,431454,97
0.7,1500,UP,270,false,431454,98
0,1500,LEFT,270,false,431454,99
-0.7,1500,UP,270,false,431454,100
1.4,1500,RIGHT,270,false,431454,101
2.1,1500,LEFT,270,false,431454,102
-3.2,1000,LEFT,270,false,431454,103
-3.54,1500,LEFT,270,false,431454,104
-1.06666,1000,LEFT,270,false,431454,105
4.8,1000,UP,270,false,431454,106
-1.6,1000,LEFT,270,false,431454,107
-2.1,1500,DOWN,270,false,431454,108
-4.8,1000,LEFT,270,false,431454,109
-3.54,1500,DOWN,270,false,431454,110
-1.6,1000,RIGHT,270,false,431454,111
1.4,1500,RIGHT,270,false,431454,112
-2.1,1500,LEFT,90,false,431454,113
-3.54,1500,UP,90,false,431454,114
-1.6,1000,LEFT,90,false,431454,115
3.2,1000,DOWN,90,false,431454,116
2.1,1500,DOWN,90,false,431454,117
-0.7,1500,DOWN,90,false,431454,118
-1.4,1500,UP,90,false,431454,119
1.4,1500,UP,90,false,431454,120
0.7,1500,LEFT,90,false,431454,121
-1.06666,1000,RIGHT,90,false,431454,122
0,1500,LEFT,90,false,431454,123
-1.4,1500,DOWN,90,false,431454,124
0.7,1500,LEFT,90,false,431454,125
-1.4,1500,RIGHT,90,false,431454,126
0,1500,UP,90,false,431454,127
3.2,1000,RIGHT,90,false,431454,128
2.1,1500,UP,90,false,431454,129
3.54,1500,UP,90,false,431454,130
0,1500,UP,90,false,431454,131
1.6,1000,UP,90,false,431454,132
-4.8,1000,LEFT,90,false,431454,133
1.06666,1000,DOWN,90,false,431454,134
-1.6,1000,UP,90,false,431454,135
1.4,1500,DOWN,90,false,431454,136
-2.1,1500,DOWN,90,false,431454,137
-3.2,1000,RIGHT,90,false,431454,138
-4.8,1000,UP,90,false,431454,139
3.54,1500,DOWN,90,false,431454,140
0.7,1500,DOWN,270,false,431454,141
1.06666,1000,LEFT,270,false,431454,142
0,1500,UP,270,false,431454,143
4.8,1000,RIGHT,270,false,431454,144
-0.7,1500,UP,270,false,431454,145
-1.6,1000,DOWN,270,false,431454,146
3.2,1000,DOWN,270,false,431454,147
1.6,1000,UP,270,false,431454,148
-4.8,1000,DOWN,270,false,431454,149
4.8,1000,DOWN,270,false,431454,150
-2.1,1500,UP,270,false,431454,151
0.7,1500,LEFT,270,false,431454,152
0.7,1500,RIGHT,270,false,431454,153
0.7,1500,LEFT,270,false,431454,154
4.8,1000,LEFT,270,false,431454,155
0,1000,DOWN,270,false,431454,156
0.7,1500,UP,270,false,431454,157
1.4,1500,LEFT,270,false,431454,158
0.7,1500,DOWN,270,false,431454,159
0,1000,RIGHT,270,false,431454,160
1.6,1000,RIGHT,270,false,431454,161
0.7,1500,LEFT,270,false,431454,162
-4.8,1000,UP,270,false,431454,163
-0.7,1500,LEFT,270,false,431454,164
-1.4,1500,UP,270,false,431454,165
-3.2,1000,UP,270,false,431454,166
1.06666,1000,UP,270,false,431454,167
-4.8,1000,RIGHT,270,false,431454,168
-0.7,1500,RIGHT,90,false,431454,169
-4.8,1000,DOWN,90,false,431454,170
0.7,1500,DOWN,90,false,431454,171
1.6,1000,LEFT,90,false,431454,172
-3.54,1500,DOWN,90,false,431454,173
0,1000,UP,90,false,431454,174
0,1000,LEFT,90,false,431454,175
-1.6,1000,DOWN,90,false,431454,176
-1.6,1000,RIGHT,90,false,431454,177
1.06666,1000,UP,90,false,431454,178
1.6,1000,UP,90,false,431454,179
-0.7,1500,DOWN,90,false,431454,180
-3.2,1000,DOWN,90,false,431454,181
-2.1,1500,RIGHT,90,false,431454,182
1.4,1500,UP,90,false,431454,183
-0.7,1500,UP,90,false,431454,184
-3.54,1500,LEFT,90,false,431454,185
-1.4,1500,DOWN,90,false,431454,186
-0.7,1500,LEFT,90,false,431454,187
1.4,1500,LEFT,90,false,431454,188
-0.7,1500,LEFT,90,false,431454,189
1.6,1000,RIGHT,90,false,431454,190
-1.06666,1000,UP,90,false,431454,191
3.2,1000,UP,90,false,431454,192
0,1000,DOWN,90,false,431454,193
0,1000,LEFT,90,false,431454,194
1.06666,1000,LEFT,90,false,431454,195
-0.7,1500,RIGHT,90,false,431454,196
-1.4,1500,DOWN,270,false,431454,197
1.4,1500,DOWN,270,false,431454,198
-1.06666,1000,DOWN,270,false,431454,199
2.1,1500,RIGHT,270,false,431454,200
3.54,1500,RIGHT,270,false,431454,201
-1.6,1000,UP,270,false,431454,202
-0.7,1500,DOWN,270,false,431454,203
1.4,1500,UP,270,false,431454,204
-0.7,1500,DOWN,270,false,431454,205
1.6,1000,DOWN,270,false,431454,206
-2.1,1500,LEFT,270,false,431454,207
0,1500,DOWN,270,false,431454,208
3.2,1000,LEFT,270,false,431454,209
1.4,1500,LEFT,270,false,431454,210
0,1000,LEFT,270,false,431454,211
0,1000,DOWN,270,false,431454,212
-1.4,1500,LEFT,270,false,431454,213
2.1,1500,DOWN,270,false,431454,214
-3.2,1000,RIGHT,270,false,431454,215
3.54,1500,DOWN,270,false,431454,216
1.4,1500,UP,270,false,431454,217
1.06666,1000,DOWN,270,false,431454,218
-0.7,1500,RIGHT,270,false,431454,219
0.7,1500,DOWN,270,false,431454,220
1.6,1000,LEFT,270,false,431454,221
1.06666,1000,RIGHT,270,false,431454,222
0.7,1500,RIGHT,270,false,431454,223
-1.4,1500,UP,270,false,431454,224
3.2,1000,DOWN,0,true,431350,1
-2.1,1500,LEFT,0,true,431350,2
3.2,1000,RIGHT,0,true,431350,3
2.1,1500,DOWN,0,true,431350,4
3.2,1000,UP,0,true,431350,5
-2.1,1500,DOWN,0,true,431350,6
-2.1,1500,RIGHT,0,true,431350,7
2.1,1500,LEFT,0,true,431350,8
2.1,1500,RIGHT,0,true,431350,9
-2.1,1500,UP,0,true,431350,10
-3.2,1000,UP,0,true,431350,11
-3.2,1000,RIGHT,0,true,431350,12
-3.2,1000,DOWN,0,true,431350,13
2.1,1500,UP,0,true,431350,14
-3.2,1000,LEFT,0,true,431350,15
3.2,1000,LEFT,0,true,431350,16
1.4,1500,UP,90,false,431350,1
0.7,1500,LEFT,90,false,431350,2
1.06666,1000,UP,90,false,431350,3
1.6,1000,RIGHT,90,false,431350,4
0,1000,UP,90,false,431350,5
1.4,1500,LEFT,90,false,431350,6
1.4,1500,DOWN,90,false,431350,7
-1.6,1000,DOWN,90,false,431350,8
0,1000,LEFT,90,false,431350,9
0.7,1500,DOWN,90,false,431350,10
0,1000,UP,90,false,431350,11
-1.6,1000,RIGHT,90,false,431350,12
3.2,1000,DOWN,90,false,431350,13
-2.1,1500,RIGHT,90,false,431350,14
-0.7,1500,LEFT,90,false,431350,15
1.6,1000,DOWN,90,false,431350,16
-0.7,1500,RIGHT,90,false,431350,17
-1.4,1500,RIGHT,90,false,431350,18
0,1500,LEFT,90,false,431350,19
-1.6,1000,RIGHT,90,false,431350,20
-3.54,1500,DOWN,90,false,431350,21
-4.8,1000,DOWN,90,false,431350,22
3.54,1500,DOWN,90,false,431350,23
0,1500,UP,90,false,431350,24
0.7,1500,DOWN,90,false,431350,25
-0.7,1500,LEFT,90,false,431350,26
1.4,1500,RIGHT,90,false,431350,27
1.4,1500,RIGHT,90,false,431350,28
0,1000,RIGHT,270,false,431350,29
1.4,1500,DOWN,270,false,431350,30
1.6,1000,UP,270,false,431350,31
-4.8,1000,UP,270,false,431350,32
0.7,1500,RIGHT,270,false,431350,33
1.6,1000,RIGHT,270,false,431350,34
1.4,1500,DOWN,270,false,431350,35
3.54,1500,LEFT,270,false,431350,36
0,1000,LEFT,270,false,431350,37
1.6,1000,LEFT,270,false,431350,38
-0.7,1500,RIGHT,270,false,431350,39
1.6,1000,LEFT,270,false,431350,40
-0.7,1500,UP,270,false,431350,41
1.4,1500,UP,270,false,431350,42
2.1,1500,LEFT,270,false,431350,43
0.7,1500,UP,270,false,431350,44
0.7,1500,LEFT,270,false,431350,45
-2.1,1500,DOWN,270,false,431350,46
1.06666,1000,UP,270,false,431350,47
4.8,1000,RIGHT,270,false,431350,48
-4.8,1000,DOWN,270,false,431350,49
0,1000,LEFT,270,false,431350,50
0,1000,UP,270,false,431350,51
0,1500,UP,270,false,431350,52
0.7,1500,RIGHT,270,false,431350,53
0,1500,LEFT,270,false,431350,54
-1.6,1000,RIGHT,270,false,431350,55
-1.4,1500,LEFT,270,false,431350,56
-1.06666,1000,DOWN,90,false,431350,57
0.7,1500,DOWN,90,false,431350,58
-1.6,1000,UP,90,false,431350,59
1.4,1500,DOWN,90,false,431350,60
0,1500,DOWN,90,false,431350,61
-1.6,1000,DOWN,90,false,431350,62
4.8,1000,UP,90,false,431350,63
3.2,1000,LEFT,90,false,431350,64
0,1500,RIGHT,90,false,431350,65
4.8,1000,DOWN,90,false,431350,66
0.7,1500,UP,90,false,431350,67
0.7,1500,RIGHT,90,false,431350,68
-3.2,1000,UP,90,false,431350,69
1.6,1000,LEFT,90,false,431350,70
1.06666,1000,LEFT,90,false,431350,71
0.7,1500,RIGHT,90,false,431350,72
1.6,1000,RIGHT,90,false,431350,73
0.7,1500,UP,90,false,431350,74
-3.2,1000,DOWN,90,false,431350,75
-3.54,1500,RIGHT,90,false,431350,76
0,1500,LEFT,90,false,431350,77
0,1000,LEFT,90,false,431350,78
-0.7,1500,UP,90,false,431350,79
-1.4,1500,DOWN,90,false,431350,80
3.2,1000,RIGHT,90,false,431350,81
0,1000,RIGHT,90,false,431350,82
-1.6,1000,LEFT,90,false,431350,83
-0.7,1500,DOWN,90,false,431350,84
1.06666,1000,LEFT,270,false,431350,85
-3.2,1000,DOWN,270,false,431350,86
0.7,1500,DOWN,270,false,431350,87
1.4,1500,RIGHT,270,false,431350,88
1.6,1000,UP,270,false,431350,89
-0.7,1500,RIGHT,270,false,431350,90
3.2,1000,DOWN,270,false,431350,91
1.6,1000,DOWN,270,false,431350,92
3.54,1500,DOWN,270,false,431350,93
0,1500,RIGHT,270,false,431350,94
0.7,1500,DOWN,270,false,431350,95
4.8,1000,LEFT,270,false,431350,96
0.7,1500,UP,270,false,431350,97
-1.06666,1000,DOWN,270,false,431350,98
0.7,1500,UP,270,false,431350,99
0,1500,DOWN,270,false,431350,100
-1.06666,1000,RIGHT,270,false,431350,101
-4.8,1000,LEFT,270,false,431350,102
-1.6,1000,UP,270,false,431350,103
3.54,1500,RIGHT,270,false,431350,104
-3.2,1000,UP,270,false,431350,105
-2.1,1500,UP,270,false,431350,106
1.6,1000,RIGHT,270,false,431350,107
0,1500,DOWN,270,false,431350,108
-3.54,1500,DOWN,270,false,431350,109
2.1,1500,RIGHT,270,false,431350,110
-3.2,1000,RIGHT,270,false,431350,111
0.7,1500,LEFT,270,false,431350,112
1.4,1500,LEFT,90,false,431350,113
-1.6,1000,UP,90,false,431350,114
3.2,1000,UP,90,false,431350,115
-2.1,1500,LEFT,90,false,431350,116
-1.6,1000,LEFT,90,false,431350,117
0.7,1500,RIGHT,90,false,431350,118
2.1,1500,UP,90,false,431350,119
-1.4,1500,LEFT,90,false,431350,120
-3.2,1000,LEFT,90,false,431350,121
-1.06666,1000,RIGHT,90,false,431350,122
-1.06666,1000,UP,90,false,431350,123
-3.54,1500,LEFT,90,false,431350,124
1.6,1000,DOWN,90,false,431350,125
-0.7,1500,UP,90,false,431350,126
2.1,1500,RIGHT,90,false,431350,127
-2.1,1500,UP,90,false,431350,128
1.4,1500,UP,90,false,431350,129
-1.4,1500,UP,90,false,431350,130
-4.8,1000,RIGHT,90,false,431350,131
0,1500,RIGHT,90,false,431350,132
3.54,1500,UP,90,false,431350,133
-1.4,1500,UP,90,false,431350,134
2.1,1500,DOWN,90,false,431350,135
1.06666,1000,RIGHT,90,false,431350,136
-0.7,1500,UP,90,false,431350,137
3.54,1500,LEFT,90,false,431350,138
-0.7,1500,RIGHT,90,false,431350,139
0.7,1500,LEFT,90,false,431350,140
0,1500,LEFT,270,false,431350,141
1.4,1500,LEFT,270,false,431350,142
1.06666,1000,DOWN,270,false,431350,143
-0.7,1500,DOWN,270,false,431350,144
3.2,1000,UP,270,false,431350,145
0,1500,UP,270,false,431350,146
2.1,1500,DOWN,270,false,431350,147
-1.6,1000,LEFT,270,false,431350,148
-0.7,1500,DOWN,270,false,431350,149
0,1000,DOWN,270,false,431350,150
-1.6,1000,LEFT,270,false,431350,151
1.4,1500,UP,270,false,431350,152
-1.6,1000,RIGHT,270,false,431350,153
-0.7,1500,RIGHT,270,false,431350,154
3.2,1000,RIGHT,270,false,431350,155
4.8,1000,UP,270,false,431350,156
0,1000,DOWN,270,false,431350,157
-1.6,1000,DOWN,270,false,431350,158
1.6,1000,DOWN,270,false,431350,159
2.1,1500,UP,270,false,431350,160
-1.4,1500,DOWN,270,false,431350,161
-1.6,1000,DOWN,270,false,431350,162
-1.4,1500,DOWN,270,false,431350,163
0,1000,UP,270,false,431350,164
-2.1,1500,RIGHT,270,false,431350,165
-0.7,1500,DOWN,270,false,431350,166
-2.1,1500,LEFT,270,false,431350,167
-0.7,1500,LEFT,270,false,431350,168
0,1000,RIGHT,90,false,431350,169
-0.7,1500,DOWN,90,false,431350,170
-4.8,1000,UP,90,false,431350,171
0,1000,DOWN,90,false,431350,172
0,1500,DOWN,90,false,431350,173
2.1,1500,LEFT,90,false,431350,174
1.6,1000,UP,90,false,431350,175
-0.7,1500,LEFT,90,false,431350,176
3.54,1500,RIGHT,90,false,431350,177
1.6,1000,UP,90,false,431350,178
0.7,1500,UP,90,false,431350,179
-1.4,1500,RIGHT,90,false,431350,180
4.8,1000,RIGHT,90,false,431350,181
-1.4,1500,LEFT,90,false,431350,182
0,1000,DOWN,90,false,431350,183
0.7,1500,LEFT,90,false,431350,184
-2.1,1500,DOWN,90,false,431350,185
-0.7,1500,RIGHT,90,false,431350,186
1.06666,1000,DOWN,90,false,431350,187
-3.2,1000,RIGHT,90,false,431350,188
4.8,1000,LEFT,90,false,431350,189
-3.54,1500,UP,90,false,431350,190
-1.06666,1000,LEFT,90,false,431350,191
-1.4,1500,DOWN,90,false,431350,192
0,1500,UP,90,false,431350,193
1.6,1000,LEFT,90,false,431350,194
-4.8,1000,LEFT,90,false,431350,195
-0.7,1500,DOWN,90,false,431350,196
-4.8,1000,RIGHT,270,false,431350,197
-3.54,1500,RIGHT,270,false,431350,198
-1.06666,1000,UP,270,false,431350,199
4.8,1000,DOWN,270,false,431350,200
-1.4,1500,UP,270,false,431350,201
-3.54,1500,LEFT,270,false,431350,202
0,1500,RIGHT,270,false,431350,203
1.06666,1000,RIGHT,270,false,431350,204
-3.54,1500,UP,270,false,431350,205
0.7,1500,RIGHT,270,false,431350,206
-1.4,1500,RIGHT,270,false,431350,207
0,1000,RIGHT,270,false,431350,208
-1.4,1500,UP,270,false,431350,209
1.4,1500,RIGHT,270,false,431350,210
-0.7,1500,LEFT,270,false,431350,211
-0.7,1500,UP,270,false,431350,212
-0.7,1500,UP,270,false,431350,213
-1.4,1500,RIGHT,270,false,431350,214
-3.2,1000,LEFT,270,false,431350,215
-0.7,1500,LEFT,270,false,431350,216
1.4,1500,LEFT,270,false,431350,217
0.7,1500,DOWN,270,false,431350,218
-1.06666,1000,LEFT,270,false,431350,219
-1.6,1000,UP,270,false,431350,220
3.2,1000,LEFT,270,false,431350,221
0.7,1500,LEFT,270,false,431350,222
3.54,1500,UP,270,false,431350,223
-1.4,1500,LEFT,270,false,431350,224
2.1,1500,DOWN,0,true,431439,1
2.1,1500,LEFT,0,true,431439,2
2.1,1500,UP,0,true,431439,3
3.2,1000,UP,0,true,431439,4
-2.1,1500,LEFT,0,true,431439,5
2.1,1500,RIGHT,0,true,431439,6
-2.1,1500,UP,0,true,431439,7
3.2,1000,RIGHT,0,true,431439,8
3.2,1000,DOWN,0,true,431439,9
-3.2,1000,RIGHT,0,true,431439,10
-2.1,1500,DOWN,0,true,431439,11
-2.1,1500,RIGHT,0,true,431439,12
-3.2,1000,DOWN,0,true,431439,13
-3.2,1000,UP,0,true,431439,14
-3.2,1000,LEFT,0,true,431439,15
3.2,1000,LEFT,0,true,431439,16
0,1000,LEFT,90,false,431439,1
0,1000,UP,90,false,431439,2
1.06666,1000,LEFT,90,false,431439,3
0.7,1500,RIGHT,90,false,431439,4
0.7,1500,RIGHT,90,false,431439,5
3.2,1000,UP,90,false,431439,6
3.2,1000,LEFT,90,false,431439,7
-2.1,1500,DOWN,90,false,431439,8
-1.4,1500,LEFT,90,false,431439,9
-0.7,1500,DOWN,90,false,431439,10
0.7,1500,LEFT,90,false,431439,11
-3.2,1000,UP,90,false,431439,12
-4.8,1000,DOWN,90,false,431439,13
0.7,1500,LEFT,90,false,431439,14
1.4,1500,UP,90,false,431439,15
3.2,1000,DOWN,90,false,431439,16
0,1500,RIGHT,90,false,431439,17
-0.7,1500,RIGHT,90,false,431439,18
0.7,1500,UP,90,false,431439,19
0,1000,RIGHT,90,false,431439,20
-3.2,1000,DOWN,90,false,431439,21
1.06666,1000,RIGHT,90,false,431439,22
0,1500,UP,90,false,431439,23
0,1000,RIGHT,90,false,431439,24
-1.4,1500,DOWN,90,false,431439,25
1.6,1000,LEFT,90,false,431439,26
-2.1,1500,UP,90,false,431439,27
-0.7,1500,DOWN,90,false,431439,28
-1.6,1000,UP,270,false,431439,29
0,1500,DOWN,270,false,431439,30
1.06666,1000,RIGHT,270,false,431439,31
-1.06666,1000,RIGHT,270,false,431439,32
0.7,1500,RIGHT,270,false,431439,33
-4.8,1000,LEFT,270,false,431439,34
-1.4,1500,RIGHT,270,false,431439,35
-2.1,1500,DOWN,270,false,431439,36
0.7,1500,LEFT,270,false,431439,37
1.4,1500,RIGHT,270,false,431439,38
3.2,1000,RIGHT,270,false,431439,39
-0.7,1500,DOWN,270,false,431439,40
4.8,1000,RIGHT,270,false,431439,41
0.7,1500,UP,270,false,431439,42
3.2,1000,DOWN,270,false,431439,43
-0.7,1500,LEFT,270,false,431439,44
-4.8,1000,DOWN,270,false,431439,45
-1.4,1500,DOWN,270,false,431439,46
0,1000,LEFT,270,false,431439,47
0,1500,RIGHT,270,false,431439,48
1.06666,1000,DOWN,270,false,431439,49
-3.2,1000,UP,270,false,431439,50
-1.06666,1000,LEFT,270,false,431439,51
3.54,1500,UP,270,false,431439,52
-2.1,1500,RIGHT,270,false,431439,53
-0.7,1500,UP,270,false,431439,54
-1.6,1000,RIGHT,270,false,431439,55
1.4,1500,UP,270,false,431439,56
1.4,1500,LEFT,90,false,431439,57
1.6,1000,RIGHT,90,false,431439,58
-1.6,1000,DOWN,90,false,431439,59
-4.8,1000,UP,90,false,431439,60
3.54,1500,RIGHT,90,false,431439,61
-1.6,1000,RIGHT,90,false,431439,62
0.7,1500,RIGHT,90,false,431439,63
0.7,1500,DOWN,90,false,431439,64
1.4,1500,RIGHT,90,false,431439,65
3.54,1500,DOWN,90,false,431439,66
0,1000,DOWN,90,false,431439,67
-3.2,1000,LEFT,90,false,431439,68
1.6,1000,DOWN,90,false,431439,69
-1.06666,1000,LEFT,90,false,431439,70
-2.1,1500,RIGHT,90,false,431439,71
-0.7,1500,UP,90,false,431439,72
0,1500,RIGHT,90,false,431439,73
-1.6,1000,LEFT,90,false,431439,74
-4.8,1000,LEFT,90,false,431439,75
-3.54,1500,RIGHT,90,false,431439,76
0,1000,UP,90,false,431439,77
4.8,1000,LEFT,90,false,431439,78
-0.7,1500,LEFT,90,false,431439,79
0,1500,LEFT,90,false,431439,80
1.6,1000,UP,90,false,431439,81
-3.2,1000,RIGHT,90,false,431439,82
-1.4,1500,RIGHT,90,false,431439,83
-1.06666,1000,RIGHT,90,false,431439,84
1.6,1000,DOWN,270,false,431439,85
0,1500,LEFT,270,false,431439,86
1.4,1500,UP,270,false,431439,87
-3.2,1000,RIGHT,270,false,431439,88
1.06666,1000,UP,270,false,431439,89
-0.7,1500,DOWN,270,false,431439,90
1.4,1500,LEFT,270,false,431439,91
1.6,1000,UP,270,false,431439,92
1.4,1500,RIGHT,270,false,431439,93
1.4,1500,DOWN,270,false,431439,94
0.7,1500,LEFT,270,false,431439,95
2.1,1500,UP,270,false,431439,96
3.2,1000,UP,270,false,431439,97
-3.2,1000,DOWN,270,false,431439,98
-1.6,1000,LEFT,270,false,431439,99
1.6,1000,RIGHT,270,false,431439,100
-1.6,1000,LEFT,270,false,431439,101
-3.54,1500,DOWN,270,false,431439,102
2.1,1500,RIGHT,270,false,431439,103
0,1500,UP,270,false,431439,104
-1.4,1500,LEFT,270,false,431439,105
0,1500,DOWN,270,false,431439,106
4.8,1000,UP,270,false,431439,107
1.6,1000,UP,270,false,431439,108
1.6,1000,LEFT,270,false,431439,109
3.2,1000,LEFT,270,false,431439,110
-2.1,1500,UP,270,false,431439,111
-0.7,1500,RIGHT,270,false,431439,112
3.54,1500,UP,90,false,431439,113
-1.4,1500,UP,90,false,431439,114
-0.7,1500,RIGHT,90,false,431439,115
2.1,1500,LEFT,90,false,431439,116
4.8,1000,RIGHT,90,false,431439,117
-0.7,1500,UP,90,false,431439,118
-0.7,1500,UP,90,false,431439,119
1.4,1500,DOWN,90,false,431439,120
0,1000,LEFT,90,false,431439,121
-1.4,1500,DOWN,90,false,431439,122
-0.7,1500,LEFT,90,false,431439,123
0,1000,DOWN,90,false,431439,124
2.1,1500,UP,90,false,431439,125
-2.1,1500,LEFT,90,false,431439,126
3.54,1500,LEFT,90,false,431439,127
-0.7,1500,LEFT,90,false,431439,128
0,1500,DOWN,90,false,431439,129
-1.06666,1000,DOWN,90,false,431439,130
0.7,1500,UP,90,false,431439,131
-3.54,1500,UP,90,false,431439,132
-1.4,1500,UP,90,false,431439,133
-0.7,1500,RIGHT,90,false,431439,134
1.6,1000,UP,90,false,431439,135
4.8,1000,UP,90,false,431439,136
1.6,1000,RIGHT,90,false,431439,137
-1.6,1000,UP,90,false,431439,138
1.4,1500,DOWN,90,false,431439,139
4.8,1000,DOWN,90,false,431439,140
3.54,1500,DOWN,270,false,431439,141
-1.06666,1000,DOWN,270,false,431439,142
0.7,1500,DOWN,270,false,431439,143
-0.7,1500,DOWN,270,false,431439,144
0,1000,RIGHT,270,false,431439,145
0.7,1500,RIGHT,270,false,431439,146
-1.4,1500,LEFT,270,false,431439,147
1.6,1000,DOWN,270,false,431439,148
-0.7,1500,LEFT,270,false,431439,149
0,1500,LEFT,270,false,431439,150
0,1000,DOWN,270,false,431439,151
-3.2,1000,LEFT,270,false,431439,152
0,1000,RIGHT,270,false,431439,153
-0.7,1500,UP,270,false,431439,154
0,1000,UP,270,false,431439,155
0.7,1500,UP,270,false,431439,156
-1.6,1000,RIGHT,270,false,431439,157
2.1,1500,LEFT,270,false,431439,158
-1.4,1500,UP,270,false,431439,159
-4.8,1000,UP,270,false,431439,160
-0.7,1500,LEFT,270,false,431439,161
-3.54,1500,UP,270,false,431439,162
0,1000,LEFT,270,false,431439,163
0.7,1500,DOWN,270,false,431439,164
-1.6,1000,UP,270,false,431439,165
-0.7,1500,RIGHT,270,false,431439,166
-1.4,1500,DOWN,270,false,431439,167
1.06666,1000,LEFT,270,false,431439,168
0,1500,UP,90,false,431439,169
-1.4,1500,RIGHT,90,false,431439,170
2.1,1500,DOWN,90,false,431439,171
-1.6,1000,LEFT,90,false,431439,172
1.4,1500,RIGHT,90,false,431439,173
2.1,1500,RIGHT,90,false,431439,174
0.7,1500,DOWN,90,false,431439,175
0.7,1500,UP,90,false,431439,176
-1.6,1000,DOWN,90,false,431439,177
1.4,1500,LEFT,90,false,431439,178
-1.6,1000,UP,90,false,431439,179
-4.8,1000,RIGHT,90,false,431439,180
-3.54,1500,LEFT,90,false,431439,181
0,1500,DOWN,90,false,431439,182
-0.7,1500,DOWN,90,false,431439,183
-1.06666,1000,UP,90,false,431439,184
-1.4,1500,LEFT,90,false,431439,185
1.06666,1000,UP,90,false,431439,186
0,1500,LEFT,90,false,431439,187
0.7,1500,DOWN,90,false,431439,188
1.6,1000,DOWN,90,false,431439,189
1.4,1500,UP,90,false,431439,190
3.2,1000,RIGHT,90,false,431439,191
-1.6,1000,RIGHT,90,false,431439,192
1.06666,1000,DOWN,90,false,431439,193
1.6,1000,LEFT,90,false,431439,194
0.7,1500,LEFT,90,false,431439,195
-3.54,1500,DOWN,90,false,431439,196
1.6,1000,RIGHT,270,false,431439,197
0.7,1500,LEFT,270,false,431439,198
-1.6,1000,DOWN,270,false,431439,199
0.7,1500,RIGHT,270,false,431439,200
3.54,1500,RIGHT,270,false,431439,201
-1.4,1500,RIGHT,270,false,431439,202
1.4,1500,LEFT,270,false,431439,203
0.7,1500,DOWN,270,false,431439,204
1.6,1000,LEFT,270,false,431439,205
-1.06666,1000,UP,270,false,431439,206
0,1500,UP,270,false,431439,207
-3.54,1500,LEFT,270,false,431439,208
-1.4,1500,UP,270,false,431439,209
1.4,1500,DOWN,270,false,431439,210
4.8,1000,LEFT,270,false,431439,211
-3.54,1500,RIGHT,270,false,431439,212
-2.1,1500,LEFT,270,false,431439,213
2.1,1500,DOWN,270,false,431439,214
0,1000,DOWN,270,false,431439,215
-0.7,1500,UP,270,false,431439,216
-4.8,1000,RIGHT,270,false,431439,217
-1.6,1000,DOWN,270,false,431439,218
4.8,1000,DOWN,270,false,431439,219
3.54,1500,LEFT,270,false,431439,220
-0.7,1500,RIGHT,270,false,431439,221
0,1500,RIGHT,270,false,431439,222
0.7,1500,UP,270,false,431439,223
0,1000,UP,270,false,431439,224
2.1,1500,DOWN,0,true,431447,1
3.2,1000,LEFT,0,true,431447,2
-3.2,1000,RIGHT,0,true,431447,3
-3.2,1000,DOWN,0,true,431447,4
-2.1,1500,UP,0,true,431447,5
-3.2,1000,LEFT,0,true,431447,6
3.2,1000,UP,0,true,431447,7
-2.1,1500,RIGHT,0,true,431447,8
2.1,1500,LEFT,0,true,431447,9
-2.1,1500,DOWN,0,true,431447,10
-3.2,1000,UP,0,true,431447,11
3.2,1000,RIGHT,0,true,431447,12
2.1,1500,RIGHT,0,true,431447,13
2.1,1500,UP,0,true,431447,14
-2.1,1500,LEFT,0,true,431447,15
3.2,1000,DOWN,0,true,431447,16
0,1500,LEFT,90,false,431447,1
-1.6,1000,DOWN,90,false,431447,2
-0.7,1500,UP,90,false,431447,3
0.7,1500,LEFT,90,false,431447,4
0,1000,DOWN,90,false,431447,5
0,1500,DOWN,90,false,431447,6
2.1,1500,DOWN,90,false,431447,7
0.7,1500,RIGHT,90,false,431447,8
-0.7,1500,LEFT,90,false,431447,9
-0.7,1500,LEFT,90,false,431447,10
-1.6,1000,LEFT,90,false,431447,11
-3.54,1500,UP,90,false,431447,12
4.8,1000,LEFT,90,false,431447,13
-0.7,1500,RIGHT,90,false,431447,14
-1.06666,1000,DOWN,90,false,431447,15
-0.7,1500,DOWN,90,false,431447,16
1.6,1000,DOWN,90,false,431447,17
0,1000,LEFT,90,false,431447,18
-2.1,1500,LEFT,90,false,431447,19
4.8,1000,DOWN,90,false,431447,20
-3.2,1000,RIGHT,90,false,431447,21
-3.54,1500,RIGHT,90,false,431447,22
0.7,1500,UP,90,false,431447,23
3.54,1500,LEFT,90,false,431447,24
1.4,1500,RIGHT,90,false,431447,25
-4.8,1000,RIGHT,90,false,431447,26
-1.06666,1000,LEFT,90,false,431447,27
4.8,1000,UP,90,false,431447,28
-4.8,1000,DOWN,270,false,431447,29
-1.4,1500,DOWN,270,false,431447,30
1.6,1000,UP,270,false,431447,31
-3.2,1000,LEFT,270,false,431447,32
0,1500,DOWN,270,false,431447,33
-1.4,1500,UP,270,false,431447,34
0.7,1500,UP,270,false,431447,35
-1.6,1000,LEFT,270,false,431447,36
-1.6,1000,DOWN,270,false,431447,37
2.1,1500,LEFT,270,false,431447,38
0,1000,UP,270,false,431447,39
3.2,1000,UP,270,false,431447,40
1.6,1000,UP,270,false,431447,41
4.8,1000,RIGHT,270,false,431447,42
0,1500,RIGHT,270,false,431447,43
-1.4,1500,DOWN,270,false,431447,44
0,1500,RIGHT,270,false,431447,45
4.8,1000,LEFT,270,false,431447,46
-0.7,1500,UP,270,false,431447,47
0,1500,UP,270,false,431447,48
-3.54,1500,DOWN,270,false,431447,49
0,1000,UP,270,false,431447,50
3.54,1500,LEFT,270,false,431447,51
-2.1,1500,DOWN,270,false,431447,52
0,1500,LEFT,270,false,431447,53
3.2,1000,LEFT,270,false,431447,54
-2.1,1500,RIGHT,270,false,431447,55
0.7,1500,RIGHT,270,false,431447,56
3.2,1000,RIGHT,90,false,431447,57
1.6,1000,LEFT,90,false,431447,58
-0.7,1500,DOWN,90,false,431447,59
-0.7,1500,RIGHT,90,false,431447,60
-1.4,1500,UP,90,false,431447,61
3.54,1500,UP,90,false,431447,62
-2.1,1500,DOWN,90,false,431447,63
3.2,1000,UP,90,false,431447,64
1.6,1000,RIGHT,90,false,431447,65
-1.4,1500,LEFT,90,false,431447,66
-1.4,1500,UP,90,false,431447,67
-1.4,1500,DOWN,90,false,431447,68
0,1500,UP,90,false,431447,69
0.7,1500,RIGHT,90,false,431447,70
-0.7,1500,RIGHT,90,false,431447,71
0,1500,LEFT,90,false,431447,72
0.7,1500,UP,90,false,431447,73
-1.06666,1000,RIGHT,90,false,431447,74
-1.6,1000,RIGHT,90,false,431447,75
1.4,1500,DOWN,90,false,431447,76
-4.8,1000,UP,90,false,431447,77
1.4,1500,UP,90,false,431447,78
3.54,1500,DOWN,90,false,431447,79
2.1,1500,RIGHT,90,false,431447,80
1.06666,1000,UP,90,false,431447,81
-3.54,1500,LEFT,90,false,431447,82
0,1000,UP,90,false,431447,83
-1.6,1000,UP,90,false,431447,84
-1.6,1000,UP,270,false,431447,85
1.6,1000,RIGHT,270,false,431447,86
1.4,1500,UP,270,false,431447,87
-0.7,1500,RIGHT,270,false,431447,88
0,1000,LEFT,270,false,431447,89
1.06666,1000,LEFT,270,false,431447,90
1.6,1000,RIGHT,270,false,431447,91
1.6,1000,LEFT,270,false,431447,92
-1.06666,1000,LEFT,270,false,431447,93
-3.54,1500,LEFT,270,false,431447,94
1.4,1500,DOWN,270,false,431447,95
1.6,1000,LEFT,270,false,431447,96
2.1,1500,DOWN,270,false,431447,97
-0.7,1500,RIGHT,270,false,431447,98
-0.7,1500,RIGHT,270,false,431447,99
0.7,1500,DOWN,270,false,431447,100
3.54,1500,RIGHT,270,false,431447,101
0.7,1500,DOWN,270,false,431447,102
0.7,1500,LEFT,270,false,431447,103
-4.8,1000,UP,270,false,431447,104
-2.1,1500,LEFT,270,false,431447,105
1.4,1500,RIGHT,270,false,431447,106
-1.4,1500,RIGHT,270,false,431447,107
-1.6,1000,LEFT,270,false,431447,108
1.4,1500,DOWN,270,false,431447,109
1.4,1500,LEFT,270,false,431447,110
-0.7,1500,DOWN,270,false,431447,111
1.6,1000,DOWN,270,false,431447,112
-1.4,1500,LEFT,90,false,431447,113
3.54,1500,RIGHT,90,false,431447,114
-2.1,1500,RIGHT,90,false,431447,115
-0.7,1500,DOWN,90,false,431447,116
0.7,1500,LEFT,90,false,431447,117
0,1000,DOWN,90,false,431447,118
1.4,1500,RIGHT,90,false,431447,119
-1.06666,1000,UP,90,false,431447,120
0,1500,DOWN,90,false,431447,121
1.06666,1000,DOWN,90,false,431447,122
1.4,1500,UP,90,false,431447,123
1.6,1000,DOWN,90,false,431447,124
1.6,1000,LEFT,90,false,431447,125
-3.2,1000,DOWN,90,false,431447,126
-0.7,1500,LEFT,90,false,431447,127
-0.7,1500,UP,90,false,431447,128
3.2,1000,DOWN,90,false,431447,129
-1.4,1500,RIGHT,90,false,431447,130
0.7,1500,DOWN,90,false,431447,131
-1.6,1000,UP,90,false,431447,132
-1.6,1000,DOWN,90,false,431447,133
-3.2,1000,UP,90,false,431447,134
1.6,1000,UP,90,false,431447,135
-3.2,1000,LEFT,90,false,431447,136
1.4,1500,LEFT,90,false,431447,137
0,1000,RIGHT,90,false,431447,138
0.7,1500,LEFT,90,false,431447,139
-1.4,1500,DOWN,90,false,431447,140
-4.8,1000,RIGHT,270,false,431447,141
-0.7,1500,LEFT,270,false,431447,142
-3.54,1500,RIGHT,270,false,431447,143
-3.2,1000,DOWN,270,false,431447,144
-1.6,1000,UP,270,false,431447,145
-0.7,1500,DOWN,270,false,431447,146
-1.06666,1000,UP,270,false,431447,147
1.06666,1000,UP,270,false,431447,148
0,1000,LEFT,270,false,431447,149
-1.06666,1000,RIGHT,270,false,431447,150
-1.4,1500,UP,270,false,431447,151
-1.4,1500,LEFT,270,false,431447,152
0.7,1500,UP,270,false,431447,153
0,1000,RIGHT,270,false,431447,154
0.7,1500,RIGHT,270,false,431447,155
1.06666,1000,DOWN,270,false,431447,156
0,1500,UP,270,false,431447,157
-1.6,1000,RIGHT,270,false,431447,158
0,1000,DOWN,270,false,431447,159
1.4,1500,RIGHT,270,false,431447,160
0.7,1500,LEFT,270,false,431447,161
-0.7,1500,LEFT,270,false,431447,162
3.2,1000,RIGHT,270,false,431447,163
-0.7,1500,UP,270,false,431447,164
-3.2,1000,UP,270,false,431447,165
0.7,1500,UP,270,false,431447,166
1.4,1500,LEFT,270,false,431447,167
-1.6,1000,RIGHT,270,false,431447,168
-1.6,1000,RIGHT,90,false,431447,169
2.1,1500,UP,90,false,431447,170
1.4,1500,DOWN,90,false,431447,171
0.7,1500,DOWN,90,false,431447,172
0,1500,RIGHT,90,false,431447,173
0,1500,UP,90,false,431447,174
0,1000,RIGHT,90,false,431447,175
-2.1,1500,UP,90,false,431447,176
3.2,1000,LEFT,90,false,431447,177
-4.8,1000,DOWN,90,false,431447,178
-4.8,1000,LEFT,90,false,431447,179
-3.54,1500,DOWN,90,false,431447,180
-1.6,1000,LEFT,90,false,431447,181
0,1000,LEFT,90,false,431447,182
1.06666,1000,RIGHT,90,false,431447,183
0.7,1500,DOWN,90,false,431447,184
0.7,1500,UP,90,false,431447,185
1.6,1000,RIGHT,90,false,431447,186
4.8,1000,RIGHT,90,false,431447,187
-0.7,1500,UP,90,false,431447,188
0,1000,UP,90,false,431447,189
2.1,1500,LEFT,90,false,431447,190
1.6,1000,UP,90,false,431447,191
1.06666,1000,LEFT,90,false,431447,192
0,1500,RIGHT,90,false,431447,193
0.7,1500,RIGHT,90,false,431447,194
1.4,1500,LEFT,90,false,431447,195
-1.4,1500,RIGHT,90,false,431447,196
3.2,1000,DOWN,270,false,431447,197
0,1000,RIGHT,270,false,431447,198
4.8,1000,UP,270,false,431447,199
0.7,1500,DOWN,270,false,431447,200
-0.7,1500,LEFT,270,false,431447,201
-1.4,1500,RIGHT,270,false,431447,202
3.54,1500,UP,270,false,431447,203
4.8,1000,DOWN,270,false,431447,204
-3.54,1500,UP,270,false,431447,205
2.1,1500,UP,270,false,431447,206
-4.8,1000,LEFT,270,false,431447,207
1.6,1000,DOWN,270,false,431447,208
-1.06666,1000,DOWN,270,false,431447,209
0,1500,LEFT,270,false,431447,210
2.1,1500,RIGHT,270,false,431447,211
0.7,1500,RIGHT,270,false,431447,212
-0.7,1500,UP,270,false,431447,213
0,1500,DOWN,270,false,431447,214
-3.2,1000,RIGHT,270,false,431447,215
-1.4,1500,LEFT,270,false,431447,216
-2.1,1500,UP,270,false,431447,217
0.7,1500,LEFT,270,false,431447,218
3.54,1500,DOWN,270,false,431447,219
-1.6,1000,DOWN,270,false,431447,220
-0.7,1500,DOWN,270,false,431447,221
1.4,1500,UP,270,false,431447,222
1.06666,1000,RIGHT,270,false,431447,223
0,1000,DOWN,270,false,431447,224
2.1,1500,DOWN,0,true,431372,1
-3.2,1000,LEFT,0,true,431372,2
3.2,1000,LEFT,0,true,431372,3
3.2,1000,DOWN,0,true,431372,4
-2.1,1500,DOWN,0,true,431372,5
-2.1,1500,UP,0,true,431372,6
-3.2,1000,UP,0,true,431372,7
-2.1,1500,LEFT,0,true,431372,8
-2.1,1500,RIGHT,0,true,431372,9
2.1,1500,UP,0,true,431372,10
-3.2,1000,RIGHT,0,true,431372,11
3.2,1000,RIGHT,0,true,431372,12
2.1,1500,LEFT,0,true,431372,13
2.1,1500,RIGHT,0,true,431372,14
3.2,1000,UP,0,true,431372,15
-3.2,1000,DOWN,0,true,431372,16
-2.1,1500,RIGHT,90,false,431372,1
-2.1,1500,DOWN,90,false,431372,2
-3.54,1500,UP,90,false,431372,3
0.7,1500,DOWN,90,false,431372,4
-3.2,1000,UP,90,false,431372,5
2.1,1500,UP,90,false,431372,6
0.7,1500,RIGHT,90,false,431372,7
-1.6,1000,UP,90,false,431372,8
0.7,1500,UP,90,false,431372,9
0,1000,DOWN,90,false,431372,10
0.7,1500,RIGHT,90,false,431372,11
1.4,1500,DOWN,90,false,431372,12
-4.8,1000,UP,90,false,431372,13
0,1000,UP,90,false,431372,14
0.7,1500,DOWN,90,false,431372,15
-1.06666,1000,RIGHT,90,false,431372,16
0.7,1500,LEFT,90,false,431372,17
-1.06666,1000,UP,90,false,431372,18
-1.6,1000,UP,90,false,431372,19
-1.4,1500,DOWN,90,false,431372,20
-1.4,1500,UP,90,false,431372,21
-1.6,1000,LEFT,90,false,431372,22
4.8,1000,RIGHT,90,false,431372,23
4.8,1000,DOWN,90,false,431372,24
3.2,1000,DOWN,90,false,431372,25
1.4,1500,LEFT,90,false,431372,26
1.4,1500,DOWN,90,false,431372,27
0.7,1500,UP,90,false,431372,28
0.7,1500,RIGHT,270,false,431372,29
-3.2,1000,UP,270,false,431372,30
0,1500,LEFT,270,false,431372,31
-1.06666,1000,RIGHT,270,false,431372,32
1.4,1500,DOWN,270,false,431372,33
0,1000,DOWN,270,false,431372,34
4.8,1000,UP,270,false,431372,35
2.1,1500,DOWN,270,false,431372,36
1.6,1000,DOWN,270,false,431372,37
3.54,1500,RIGHT,270,false,431372,38
0,1000,LEFT,270,false,431372,39
4.8,1000,DOWN,270,false,431372,40
-2.1,1500,RIGHT,270,false,431372,41
1.6,1000,RIGHT,270,false,431372,42
4.8,1000,RIGHT,270,false,431372,43
-0.7,1500,RIGHT,270,false,431372,44
3.2,1000,UP,270,false,431372,45
4.8,1000,LEFT,270,false,431372,46
0.7,1500,DOWN,270,false,431372,47
-0.7,1500,DOWN,270,false,431372,48
1.6,1000,RIGHT,270,false,431372,49
1.06666,1000,LEFT,270,false,431372,50
1.6,1000,DOWN,270,false,431372,51
0,1000,DOWN,270,false,431372,52
-1.6,1000,UP,270,false,431372,53
3.2,1000,DOWN,270,false,431372,54
0.7,1500,RIGHT,270,false,431372,55
0.7,1500,LEFT,270,false,431372,56
0.7,1500,LEFT,90,false,431372,57
1.06666,1000,DOWN,90,false,431372,58
-1.4,1500,UP,90,false,431372,59
0.7,1500,LEFT,90,false,431372,60
-4.8,1000,DOWN,90,false,431372,61
0,1500,DOWN,90,false,431372,62
1.6,1000,LEFT,90,false,431372,63
-1.6,1000,RIGHT,90,false,431372,64
0.7,1500,DOWN,90,false,431372,65
-3.54,1500,LEFT,90,false,431372,66
1.4,1500,UP,90,false,431372,67
0,1500,UP,90,false,431372,68
0,1000,LEFT,90,false,431372,69
0,1000,RIGHT,90,false,431372,70
0,1000,LEFT,90,false,431372,71
3.2,1000,UP,90,false,431372,72
-1.06666,1000,LEFT,90,false,431372,73
-3.2,1000,RIGHT,90,false,431372,74
3.2,1000,RIGHT,90,false,431372,75
-1.6,1000,DOWN,90,false,431372,76
-0.7,1500,LEFT,90,false,431372,77
-1.4,1500,LEFT,90,false,431372,78
2.1,1500,DOWN,90,false,431372,79
1.4,1500,RIGHT,90,false,431372,80
4.8,1000,UP,90,false,431372,81
-0.7,1500,LEFT,90,false,431372,82
1.06666,1000,RIGHT,90,false,431372,83
2.1,1500,RIGHT,90,false,431372,84
0.7,1500,RIGHT,270,false,431372,85
1.6,1000,LEFT,270,false,431372,86
-0.7,1500,LEFT,270,false,431372,87
-1.06666,1000,UP,270,false,431372,88
0.7,1500,DOWN,270,false,431372,89
-0.7,1500,DOWN,270,false,431372,90
0,1000,UP,270,false,431372,91
0,1500,LEFT,270,false,431372,92
3.54,1500,UP,270,false,431372,93
-1.4,1500,RIGHT,270,false,431372,94
3.54,1500,LEFT,270,false,431372,95
-1.6,1000,DOWN,270,false,431372,96
-0.7,1500,LEFT,270,false,431372,97
-1.4,1500,DOWN,270,false,431372,98
1.6,1000,UP,270,false,431372,99
0,1500,DOWN,270,false,431372,100
-1.06666,1000,DOWN,270,false,431372,101
-4.8,1000,LEFT,270,false,431372,102
0.7,1500,UP,270,false,431372,103
0.7,1500,LEFT,270,false,431372,104
-4.8,1000,DOWN,270,false,431372,105
-3.54,1500,DOWN,270,false,431372,106
0,1500,DOWN,270,false,431372,107
-4.8,1000,RIGHT,270,false,431372,108
3.2,1000,LEFT,270,false,431372,109
1.4,1500,RIGHT,270,false,431372,110
-1.6,1000,UP,270,false,431372,111
1.4,1500,RIGHT,270,false,431372,112
-3.54,1500,DOWN,90,false,431372,113
-0.7,1500,DOWN,90,false,431372,114
-3.2,1000,DOWN,90,false,431372,115
3.54,1500,RIGHT,90,false,431372,116
-0.7,1500,DOWN,90,false,431372,117
1.6,1000,LEFT,90,false,431372,118
2.1,1500,LEFT,90,false,431372,119
1.06666,1000,LEFT,90,false,431372,120
-0.7,1500,RIGHT,90,false,431372,121
0,1500,LEFT,90,false,431372,122
0,1000,RIGHT,90,false,431372,123
3.54,1500,DOWN,90,false,431372,124
1.4,1500,UP,90,false,431372,125
-2.1,1500,UP,90,false,431372,126
-0.7,1500,RIGHT,90,false,431372,127
-4.8,1000,RIGHT,90,false,431372,128
-0.7,1500,LEFT,90,false,431372,129
1.4,1500,LEFT,90,false,431372,130
0,1500,RIGHT,90,false,431372,131
-1.6,1000,RIGHT,90,false,431372,132
-1.4,1500,RIGHT,90,false,431372,133
-4.8,1000,LEFT,90,false,431372,134
1.6,1000,DOWN,90,false,431372,135
1.6,1000,UP,90,false,431372,136
1.06666,1000,UP,90,false,431372,137
-1.6,1000,DOWN,90,false,431372,138
0.7,1500,RIGHT,90,false,431372,139
-0.7,1500,DOWN,90,false,431372,140
1.6,1000,LEFT,270,false,431372,141
-0.7,1500,RIGHT,270,false,431372,142
-1.4,1500,LEFT,270,false,431372,143
0.7,1500,DOWN,270,false,431372,144
-1.4,1500,UP,270,false,431372,145
-1.6,1000,LEFT,270,false,431372,146
1.4,1500,UP,270,false,431372,147
0.7,1500,UP,270,false,431372,148
-1.6,1000,RIGHT,270,false,431372,149
1.4,1500,LEFT,270,false,431372,150
1.4,1500,UP,270,false,431372,151
0,1000,LEFT,270,false,431372,152
1.4,1500,LEFT,270,false,431372,153
-3.2,1000,DOWN,270,false,431372,154
0.7,1500,LEFT,270,false,431372,155
-3.54,1500,UP,270,false,431372,156
0,1000,RIGHT,270,false,431372,157
-1.6,1000,RIGHT,270,false,431372,158
1.06666,1000,DOWN,270,false,431372,159
-0.7,1500,LEFT,270,false,431372,160
-2.1,1500,DOWN,270,false,431372,161
-1.06666,1000,LEFT,270,false,431372,162
-0.7,1500,UP,270,false,431372,163
-1.4,1500,RIGHT,270,false,431372,164
1.6,1000,UP,270,false,431372,165
0,1000,RIGHT,270,false,431372,166
2.1,1500,UP,270,false,431372,167
2.1,1500,RIGHT,270,false,431372,168
3.54,1500,LEFT,90,false,431372,169
1.4,1500,RIGHT,90,false,431372,170
-1.6,1000,LEFT,90,false,431372,171
0,1500,RIGHT,90,false,431372,172
-2.1,1500,LEFT,90,false,431372,173
1.6,1000,RIGHT,90,false,431372,174
-3.54,1500,RIGHT,90,false,431372,175
3.2,1000,LEFT,90,false,431372,176
-0.7,1500,UP,90,false,431372,177
-1.06666,1000,DOWN,90,false,431372,178
-0.7,1500,UP,90,false,431372,179
-0.7,1500,UP,90,false,431372,180
0,1500,DOWN,90,false,431372,181
-0.7,1500,RIGHT,90,false,431372,182
-3.2,1000,LEFT,90,false,431372,183
0,1000,UP,90,false,431372,184
4.8,1000,LEFT,90,false,431372,185
0.7,1500,UP,90,false,431372,186
1.6,1000,DOWN,90,false,431372,187
-1.4,1500,RIGHT,90,false,431372,188
-1.4,1500,DOWN,90,false,431372,189
1.6,1000,UP,90,false,431372,190
0,1500,LEFT,90,false,431372,191
3.54,1500,UP,90,false,431372,192
1.6,1000,RIGHT,90,false,431372,193
0,1000,DOWN,90,false,431372,194
0,1500,UP,90,false,431372,195
-1.4,1500,LEFT,90,false,431372,196
-4.8,1000,UP,270,false,431372,197
0.7,1500,UP,270,false,431372,198
0,1500,RIGHT,270,false,431372,199
-2.1,1500,LEFT,270,false,431372,200
-1.4,1500,DOWN,270,false,431372,201
1.4,1500,DOWN,270,false,431372,202
0,1500,UP,270,false,431372,203
0,1000,UP,270,false,431372,204
-3.54,1500,RIGHT,270,false,431372,205
-0.7,1500,UP,270,false,431372,206
-3.2,1000,RIGHT,270,false,431372,207
-1.6,1000,DOWN,270,false,431372,208
3.54,1500,DOWN,270,false,431372,209
-2.1,1500,UP,270,false,431372,210
-1.4,1500,UP,270,false,431372,211
1.06666,1000,RIGHT,270,false,431372,212
0,1500,RIGHT,270,false,431372,213
-1.6,1000,LEFT,270,false,431372,214
-3.54,1500,LEFT,270,false,431372,215
-0.7,1500,RIGHT,270,false,431372,216
1.06666,1000,UP,270,false,431372,217
-3.2,1000,LEFT,270,false,431372,218
-1.4,1500,LEFT,270,false,431372,219
2.1,1500,LEFT,270,false,431372,220
0,1500,UP,270,false,431372,221
3.2,1000,RIGHT,270,false,431372,222
-0.7,1500,DOWN,270,false,431372,223
-0.7,1500,UP,270,false,431372,224
-3.2,1000,UP,0,true,431449,1
-3.2,1000,LEFT,0,true,431449,2
-2.1,1500,RIGHT,0,true,431449,3
-2.1,1500,DOWN,0,true,431449,4
-2.1,1500,LEFT,0,true,431449,5
-3.2,1000,DOWN,0,true,431449,6
3.2,1000,UP,0,true,431449,7
2.1,1500,DOWN,0,true,431449,8
3.2,1000,LEFT,0,true,431449,9
3.2,1000,DOWN,0,true,431449,10
2.1,1500,LEFT,0,true,431449,11
2.1,1500,UP,0,true,431449,12
-2.1,1500,UP,0,true,431449,13
-3.2,1000,RIGHT,0,true,431449,14
2.1,1500,RIGHT,0,true,431449,15
3.2,1000,RIGHT,0,true,431449,16
-1.6,1000,RIGHT,270,false,431449,1
-3.2,1000,DOWN,270,false,431449,2
-3.54,1500,DOWN,270,false,431449,3
0.7,1500,RIGHT,270,false,431449,4
0,1000,DOWN,270,false,431449,5
1.06666,1000,DOWN,270,false,431449,6
-1.06666,1000,RIGHT,270,false,431449,7
1.4,1500,UP,270,false,431449,8
3.54,1500,UP,270,false,431449,9
3.54,1500,LEFT,270,false,431449,10
0,1500,RIGHT,270,false,431449,11
-0.7,1500,LEFT,270,false,431449,12
2.1,1500,DOWN,270,false,431449,13
-1.4,1500,DOWN,270,false,431449,14
-1.6,1000,DOWN,270,false,431449,15
-3.54,1500,UP,270,false,431449,16
3.54,1500,RIGHT,270,false,431449,17
0,1000,DOWN,270,false,431449,18
2.1,1500,LEFT,270,false,431449,19
0.7,1500,RIGHT,270,false,431449,20
-1.6,1000,UP,270,false,431449,21
0.7,1500,UP,270,false,431449,22
-1.6,1000,RIGHT,270,false,431449,23
-1.4,1500,UP,270,false,431449,24
0,1500,LEFT,270,false,431449,25
-2.1,1500,LEFT,270,false,431449,26
0,1500,RIGHT,270,false,431449,27
4.8,1000,UP,270,false,431449,28
3.2,1000,LEFT,90,false,431449,29
-1.6,1000,LEFT,90,false,431449,30
3.54,1500,LEFT,90,false,431449,31
-0.7,1500,UP,90,false,431449,32
0.7,1500,RIGHT,90,false,431449,33
-3.2,1000,RIGHT,90,false,431449,34
1.6,1000,RIGHT,90,false,431449,35
1.06666,1000,UP,90,false,431449,36
0,1000,RIGHT,90,false,431449,37
-1.4,1500,DOWN,90,false,431449,38
-3.2,1000,LEFT,90,false,431449,39
1.6,1000,RIGHT,90,false,431449,40
-0.7,1500,LEFT,90,false,431449,41
2.1,1500,RIGHT,90,false,431449,42
-0.7,1500,UP,90,false,431449,43
-2.1,1500,RIGHT,90,false,431449,44
0.7,1500,RIGHT,90,false,431449,45
-0.7,1500,LEFT,90,false,431449,46
-1.4,1500,DOWN,90,false,431449,47
0.7,1500,DOWN,90,false,431449,48
1.6,1000,LEFT,90,false,431449,49
0,1000,DOWN,90,false,431449,50
-0.7,1500,LEFT,90,false,431449,51
4.8,1000,DOWN,90,false,431449,52
1.6,1000,LEFT,90,false,431449,53
3.54,1500,DOWN,90,false,431449,54
-4.8,1000,UP,90,false,431449,55
-1.6,1000,DOWN,90,false,431449,56
1.6,1000,DOWN,270,false,431449,57
-1.06666,1000,UP,270,false,431449,58
0.7,1500,DOWN,270,false,431449,59
-0.7,1500,DOWN,270,false,431449,60
-1.6,1000,LEFT,270,false,431449,61
-4.8,1000,LEFT,270,false,431449,62
1.6,1000,DOWN,270,false,431449,63
1.6,1000,LEFT,270,false,431449,64
1.6,1000,RIGHT,270,false,431449,65
-4.8,1000,DOWN,270,false,431449,66
-1.6,1000,DOWN,270,false,431449,67
0,1000,UP,270,false,431449,68
-3.2,1000,UP,270,false,431449,69
0.7,1500,LEFT,270,false,431449,70
1.4,1500,LEFT,270,false,431449,71
3.2,1000,LEFT,270,false,431449,72
0.7,1500,UP,270,false,431449,73
-2.1,1500,RIGHT,270,false,431449,74
0,1500,UP,270,false,431449,75
0,1000,UP,270,false,431449,76
-2.1,1500,DOWN,270,false,431449,77
0,1500,LEFT,270,false,431449,78
1.06666,1000,UP,270,false,431449,79
-1.4,1500,UP,270,false,431449,80
-1.06666,1000,DOWN,270,false,431449,81
-3.2,1000,LEFT,270,false,431449,82
-1.4,1500,RIGHT,270,false,431449,83
-1.6,1000,UP,270,false,431449,84
1.4,1500,RIGHT,90,false,431449,85
2.1,1500,LEFT,90,false,431449,86
-3.2,1000,DOWN,90,false,431449,87
-1.6,1000,UP,90,false,431449,88
-1.6,1000,RIGHT,90,false,431449,89
0.7,1500,LEFT,90,false,431449,90
-1.6,1000,LEFT,90,false,431449,91
0,1500,RIGHT,90,false,431449,92
-0.7,1500,RIGHT,90,false,431449,93
3.54,1500,RIGHT,90,false,431449,94
0.7,1500,LEFT,90,false,431449,95
0,1000,UP,90,false,431449,96
-1.6,1000,UP,90,false,431449,97
0.7,1500,UP,90,false,431449,98
0,1000,DOWN,90,false,431449,99
0.7,1500,UP,90,false,431449,100
2.1,1500,UP,90,false,431449,101
-3.54,1500,RIGHT,90,false,431449,102
3.2,1000,RIGHT,90,false,431449,103
2.1,1500,DOWN,90,false,431449,104
0,1500,RIGHT,90,false,431449,105
0.7,1500,RIGHT,90,false,431449,106
1.06666,1000,RIGHT,90,false,431449,107
3.2,1000,DOWN,90,false,431449,108
0,1000,LEFT,90,false,431449,109
1.6,1000,UP,90,false,431449,110
4.8,1000,UP,90,false,431449,111
-3.2,1000,UP,90,false,431449,112
-1.4,1500,RIGHT,270,false,431449,113
0,1000,RIGHT,270,false,431449,114
1.4,1500,RIGHT,270,false,431449,115
-1.06666,1000,LEFT,270,false,431449,116
-0.7,1500,LEFT,270,false,431449,117
-0.7,1500,RIGHT,270,false,431449,118
0,1500,UP,270,false,431449,119
0.7,1500,DOWN,270,false,431449,120
1.4,1500,LEFT,270,false,431449,121
1.4,1500,DOWN,270,false,431449,122
0,1500,DOWN,270,false,431449,123
0.7,1500,RIGHT,270,false,431449,124
-2.1,1500,UP,270,false,431449,125
-1.4,1500,DOWN,270,false,431449,126
3.54,1500,DOWN,270,false,431449,127
2.1,1500,UP,270,false,431449,128
-3.2,1000,RIGHT,270,false,431449,129
1.4,1500,RIGHT,270,false,431449,130
3.2,1000,RIGHT,270,false,431449,131
0.7,1500,DOWN,270,false,431449,132
-0.7,1500,DOWN,270,false,431449,133
-3.54,1500,RIGHT,270,false,431449,134
-4.8,1000,UP,270,false,431449,135
1.06666,1000,LEFT,270,false,431449,136
0,1500,DOWN,270,false,431449,137
3.2,1000,UP,270,false,431449,138
2.1,1500,RIGHT,270,false,431449,139
-0.7,1500,RIGHT,270,false,431449,140
-0.7,1500,DOWN,90,false,431449,141
0,1000,RIGHT,90,false,431449,142
1.4,1500,LEFT,90,false,431449,143
0,1500,LEFT,90,false,431449,144
1.4,1500,DOWN,90,false,431449,145
1.06666,1000,DOWN,90,false,431449,146
0.7,1500,LEFT,90,false,431449,147
0.7,1500,DOWN,90,false,431449,148
-3.54,1500,DOWN,90,false,431449,149
-0.7,1500,RIGHT,90,false,431449,150
1.06666,1000,LEFT,90,false,431449,151
-0.7,1500,DOWN,90,false,431449,152
-4.8,1000,LEFT,90,false,431449,153
-0.7,1500,RIGHT,90,false,431449,154
4.8,1000,RIGHT,90,false,431449,155
-1.06666,1000,UP,90,false,431449,156
-3.54,1500,LEFT,90,false,431449,157
-1.06666,1000,RIGHT,90,false,431449,158
-1.6,1000,RIGHT,90,false,431449,159
-0.7,1500,DOWN,90,false,431449,160
-1.06666,1000,LEFT,90,false,431449,161
-2.1,1500,LEFT,90,false,431449,162
-0.7,1500,UP,90,false,431449,163
1.4,1500,UP,90,false,431449,164
0,1000,UP,90,false,431449,165
-2.1,1500,DOWN,90,false,431449,166
0.7,1500,DOWN,90,false,431449,167
-4.8,1000,DOWN,90,false,431449,168
4.8,1000,RIGHT,270,false,431449,169
1.6,1000,LEFT,270,false,431449,170
0.7,1500,LEFT,270,false,431449,171
-1.6,1000,LEFT,270,false,431449,172
0.7,1500,LEFT,270,false,431449,173
-0.7,1500,UP,270,false,431449,174
1.6,1000,UP,270,false,431449,175
-1.4,1500,LEFT,270,false,431449,176
-3.54,1500,LEFT,270,false,431449,177
-1.4,1500,LEFT,270,false,431449,178
1.6,1000,RIGHT,270,false,431449,179
4.8,1000,DOWN,270,false,431449,180
-0.7,1500,LEFT,270,false,431449,181
0,1000,LEFT,270,false,431449,182
1.6,1000,UP,270,false,431449,183
-4.8,1000,RIGHT,270,false,431449,184
1.4,1500,UP,270,false,431449,185
0,1000,LEFT,270,false,431449,186
-0.7,1500,UP,270,false,431449,187
-0.7,1500,RIGHT,270,false,431449,188
3.2,1000,DOWN,270,false,431449,189
0.7,1500,UP,270,false,431449,190
0,1000,RIGHT,270,false,431449,191
4.8,1000,LEFT,270,false,431449,192
-0.7,1500,DOWN,270,false,431449,193
1.06666,1000,RIGHT,270,false,431449,194
1.4,1500,DOWN,270,false,431449,195
-0.7,1500,UP,270,false,431449,196
0,1500,LEFT,90,false,431449,197
-1.4,1500,UP,90,false,431449,198
0,1500,DOWN,90,false,431449,199
-1.4,1500,RIGHT,90,false,431449,200
-4.8,1000,RIGHT,90,false,431449,201
1.6,1000,DOWN,90,false,431449,202
1.6,1000,DOWN,90,false,431449,203
0,1500,UP,90,false,431449,204
4.8,1000,LEFT,90,false,431449,205
3.2,1000,UP,90,false,431449,206
-1.4,1500,RIGHT,90,false,431449,207
1.4,1500,UP,90,false,431449,208
0,1500,DOWN,90,false,431449,209
-1.4,1500,LEFT,90,false,431449,210
-2.1,1500,UP,90,false,431449,211
1.6,1000,UP,90,false,431449,212
1.4,1500,DOWN,90,false,431449,213
-1.6,1000,DOWN,90,false,431449,214
0,1000,LEFT,90,false,431449,215
-1.4,1500,LEFT,90,false,431449,216
1.4,1500,LEFT,90,false,431449,217
-3.54,1500,UP,90,false,431449,218
0,1500,UP,90,false,431449,219
-1.06666,1000,DOWN,90,false,431449,220
-1.4,1500,UP,90,false,431449,221
0.7,1500,UP,90,false,431449,222
1.4,1500,RIGHT,90,false,431449,223
3.54,1500,UP,90,false,431449,224
3.2,1000,LEFT,0,true,431438,1
2.1,1500,UP,0,true,431438,2
-3.2,1000,DOWN,0,true,431438,3
2.1,1500,LEFT,0,true,431438,4
3.2,1000,RIGHT,0,true,431438,5
-2.1,1500,UP,0,true,431438,6
2.1,1500,RIGHT,0,true,431438,7
-3.2,1000,LEFT,0,true,431438,8
-3.2,1000,RIGHT,0,true,431438,9
-3.2,1000,UP,0,true,431438,10
3.2,1000,UP,0,true,431438,11
-2.1,1500,DOWN,0,true,431438,12
2.1,1500,DOWN,0,true,431438,13
3.2,1000,DOWN,0,true,431438,14
-2.1,1500,RIGHT,0,true,431438,15
-2.1,1500,LEFT,0,true,431438,16
1.6,1000,LEFT,90,false,431438,1
0.7,1500,DOWN,90,false,431438,2
-1.06666,1000,RIGHT,90,false,431438,3
-4.8,1000,LEFT,90,false,431438,4
-1.6,1000,RIGHT,90,false,431438,5
-1.6,1000,UP,90,false,431438,6
0.7,1500,RIGHT,90,false,431438,7
1.6,1000,RIGHT,90,false,431438,8
0,1000,UP,90,false,431438,9
0,1000,UP,90,false,431438,10
1.06666,1000,LEFT,90,false,431438,11
-3.2,1000,UP,90,false,431438,12
-1.6,1000,LEFT,90,false,431438,13
-1.4,1500,LEFT,90,false,431438,14
-3.54,1500,DOWN,90,false,431438,15
0,1000,DOWN,90,false,431438,16
-0.7,1500,LEFT,90,false,431438,17
3.54,1500,RIGHT,90,false,431438,18
-0.7,1500,DOWN,90,false,431438,19
-0.7,1500,DOWN,90,false,431438,20
-1.6,1000,UP,90,false,431438,21
1.6,1000,UP,90,false,431438,22
-0.7,1500,LEFT,90,false,431438,23
-4.8,1000,DOWN,90,false,431438,24
3.54,1500,LEFT,90,false,431438,25
-1.6,1000,RIGHT,90,false,431438,26
-1.6,1000,DOWN,90,false,431438,27
3.54,1500,DOWN,90,false,431438,28
-1.4,1500,DOWN,270,false,431438,29
3.2,1000,RIGHT,270,false,431438,30
-1.6,1000,UP,270,false,431438,31
0,1500,DOWN,270,false,431438,32
-0.7,1500,RIGHT,270,false,431438,33
1.4,1500,DOWN,270,false,431438,34
-4.8,1000,RIGHT,270,false,431438,35
-1.6,1000,LEFT,270,false,431438,36
0,1000,DOWN,270,false,431438,37
3.2,1000,LEFT,270,false,431438,38
3.54,1500,DOWN,270,false,431438,39
3.54,1500,UP,270,false,431438,40
3.2,1000,DOWN,270,false,431438,41
-1.06666,1000,DOWN,270,false,431438,42
2.1,1500,DOWN,270,false,431438,43
-1.06666,1000,UP,270,false,431438,44
0.7,1500,DOWN,270,false,431438,45
-2.1,1500,DOWN,270,false,431438,46
0,1000,LEFT,270,false,431438,47
-2.1,1500,UP,270,false,431438,48
0.7,1500,UP,270,false,431438,49
0,1500,LEFT,270,false,431438,50
-3.54,1500,DOWN,270,false,431438,51
3.54,1500,RIGHT,270,false,431438,52
1.4,1500,LEFT,270,false,431438,53
0.7,1500,RIGHT,270,false,431438,54
0,1000,LEFT,270,false,431438,55
1.6,1000,LEFT,270,false,431438,56
-0.7,1500,RIGHT,90,false,431438,57
1.6,1000,UP,90,false,431438,58
0.7,1500,LEFT,90,false,431438,59
0,1500,RIGHT,90,false,431438,60
1.6,1000,RIGHT,90,false,431438,61
-1.4,1500,DOWN,90,false,431438,62
0.7,1500,DOWN,90,false,431438,63
-2.1,1500,LEFT,90,false,431438,64
-1.06666,1000,LEFT,90,false,431438,65
-2.1,1500,UP,90,false,431438,66
1.4,1500,DOWN,90,false,431438,67
4.8,1000,UP,90,false,431438,68
0.7,1500,RIGHT,90,false,431438,69
-0.7,1500,UP,90,false,431438,70
-1.06666,1000,DOWN,90,false,431438,71
-0.7,1500,UP,90,false,431438,72
-0.7,1500,DOWN,90,false,431438,73
1.4,1500,RIGHT,90,false,431438,74
0.7,1500,RIGHT,90,false,431438,75
0,1000,LEFT,90,false,431438,76
0,1500,UP,90,false,431438,77
0,1000,LEFT,90,false,431438,78
0.7,1500,LEFT,90,false,431438,79
0,1000,DOWN,90,false,431438,80
-3.2,1000,RIGHT,90,false,431438,81
-4.8,1000,RIGHT,90,false,431438,82
1.6,1000,DOWN,90,false,431438,83
1.4,1500,LEFT,90,false,431438,84
-0.7,1500,UP,270,false,431438,85
-0.7,1500,LEFT,270,false,431438,86
0.7,1500,LEFT,270,false,431438,87
0,1000,UP,270,false,431438,88
0,1000,DOWN,270,false,431438,89
0.7,1500,DOWN,270,false,431438,90
-0.7,1500,LEFT,270,false,431438,91
-2.1,1500,RIGHT,270,false,431438,92
1.06666,1000,RIGHT,270,false,431438,93
3.2,1000,UP,270,false,431438,94
0,1500,RIGHT,270,false,431438,95
0.7,1500,RIGHT,270,false,431438,96
0,1000,UP,270,false,431438,97
2.1,1500,RIGHT,270,false,431438,98
1.6,1000,LEFT,270,false,431438,99
0,1000,RIGHT,270,false,431438,100
1.4,1500,DOWN,270,false,431438,101
-0.7,1500,UP,270,false,431438,102
1.6,1000,UP,270,false,431438,103
-1.6,1000,UP,270,false,431438,104
-1.4,1500,RIGHT,270,false,431438,105
-3.2,1000,DOWN,270,false,431438,106
-0.7,1500,DOWN,270,false,431438,107
1.4,1500,UP,270,false,431438,108
0,1500,DOWN,270,false,431438,109
4.8,1000,RIGHT,270,false,431438,110
0.7,1500,LEFT,270,false,431438,111
-1.4,1500,UP,270,false,431438,112
1.4,1500,RIGHT,90,false,431438,113
-3.54,1500,LEFT,90,false,431438,114
1.06666,1000,UP,90,false,431438,115
3.2,1000,RIGHT,90,false,431438,116
0,1500,LEFT,90,false,431438,117
1.4,1500,UP,90,false,431438,118
0.7,1500,LEFT,90,false,431438,119
0.7,1500,DOWN,90,false,431438,120
-1.6,1000,DOWN,90,false,431438,121
-4.8,1000,UP,90,false,431438,122
-1.4,1500,DOWN,90,false,431438,123
0.7,1500,UP,90,false,431438,124
2.1,1500,LEFT,90,false,431438,125
1.4,1500,LEFT,90,false,431438,126
-1.4,1500,LEFT,90,false,431438,127
-3.54,1500,UP,90,false,431438,128
0,1500,DOWN,90,false,431438,129
-2.1,1500,DOWN,90,false,431438,130
-1.6,1000,LEFT,90,false,431438,131
-0.7,1500,RIGHT,90,false,431438,132
-0.7,1500,UP,90,false,431438,133
1.4,1500,UP,90,false,431438,134
0,1500,RIGHT,90,false,431438,135
-0.7,1500,RIGHT,90,false,431438,136
-3.54,1500,RIGHT,90,false,431438,137
4.8,1000,RIGHT,90,false,431438,138
3.2,1000,LEFT,90,false,431438,139
2.1,1500,RIGHT,90,false,431438,140
-1.06666,1000,RIGHT,270,false,431438,141
-0.7,1500,DOWN,270,false,431438,142
-0.7,1500,UP,270,false,431438,143
-1.06666,1000,LEFT,270,false,431438,144
-3.2,1000,UP,270,false,431438,145
0.7,1500,RIGHT,270,false,431438,146
-1.4,1500,LEFT,270,false,431438,147
2.1,1500,LEFT,270,false,431438,148
-3.2,1000,LEFT,270,false,431438,149
4.8,1000,UP,270,false,431438,150
-1.6,1000,DOWN,270,false,431438,151
0,1500,RIGHT,270,false,431438,152
1.6,1000,RIGHT,270,false,431438,153
4.8,1000,DOWN,270,false,431438,154
1.6,1000,RIGHT,270,false,431438,155
0.7,1500,UP,270,false,431438,156
-3.54,1500,LEFT,270,false,431438,157
-4.8,1000,DOWN,270,false,431438,158
3.54,1500,LEFT,270,false,431438,159
-0.7,1500,RIGHT,270,false,431438,160
-1.4,1500,LEFT,270,false,431438,161
1.4,1500,UP,270,false,431438,162
0,1500,LEFT,270,false,431438,163
-0.7,1500,LEFT,270,false,431438,164
0.7,1500,DOWN,270,false,431438,165
1.6,1000,UP,270,false,431438,166
-1.4,1500,UP,270,false,431438,167
1.4,1500,LEFT,270,false,431438,168
-1.06666,1000,UP,90,false,431438,169
-3.2,1000,DOWN,90,false,431438,170
2.1,1500,DOWN,90,false,431438,171
-1.4,1500,RIGHT,90,false,431438,172
0,1500,DOWN,90,false,431438,173
0.7,1500,UP,90,false,431438,174
0,1000,RIGHT,90,false,431438,175
1.4,1500,DOWN,90,false,431438,176
0,1500,LEFT,90,false,431438,177
1.6,1000,DOWN,90,false,431438,178
2.1,1500,UP,90,false,431438,179
1.06666,1000,DOWN,90,false,431438,180
-2.1,1500,RIGHT,90,false,431438,181
3.2,1000,UP,90,false,431438,182
4.8,1000,LEFT,90,false,431438,183
-0.7,1500,LEFT,90,false,431438,184
1.6,1000,LEFT,90,false,431438,185
0,1500,UP,90,false,431438,186
3.2,1000,DOWN,90,false,431438,187
-3.2,1000,LEFT,90,false,431438,188
0.7,1500,UP,90,false,431438,189
1.06666,1000,RIGHT,90,false,431438,190
0,1000,RIGHT,90,false,431438,191
3.54,1500,UP,90,false,431438,192
4.8,1000,DOWN,90,false,431438,193
-1.4,1500,UP,90,false,431438,194
-1.4,1500,RIGHT,90,false,431438,195
-1.4,1500,UP,90,false,431438,196
0,1500,UP,270,false,431438,197
1.6,1000,DOWN,270,false,431438,198
0,1500,UP,270,false,431438,199
2.1,1500,UP,270,false,431438,200
-2.1,1500,LEFT,270,false,431438,201
-0.7,1500,RIGHT,270,false,431438,202
-4.8,1000,UP,270,false,431438,203
0,1000,RIGHT,270,false,431438,204
0.7,1500,UP,270,false,431438,205
-0.7,1500,DOWN,270,false,431438,206
1.4,1500,RIGHT,270,false,431438,207
-4.8,1000,LEFT,270,false,431438,208
-1.6,1000,LEFT,270,false,431438,209
-3.2,1000,RIGHT,270,false,431438,210
1.06666,1000,LEFT,270,false,431438,211
1.06666,1000,UP,270,false,431438,212
4.8,1000,LEFT,270,false,431438,213
1.06666,1000,DOWN,270,false,431438,214
-1.6,1000,DOWN,270,false,431438,215
-1.4,1500,DOWN,270,false,431438,216
0.7,1500,LEFT,270,false,431438,217
-3.54,1500,RIGHT,270,false,431438,218
-3.54,1500,UP,270,false,431438,219
-1.6,1000,RIGHT,270,false,431438,220
1.4,1500,RIGHT,270,false,431438,221
-1.6,1000,RIGHT,270,false,431438,222
1.6,1000,DOWN,270,false,431438,223
-1.4,1500,RIGHT,270,false,431438,224
3.2,1000,LEFT,0,true,431384,1
-2.1,1500,LEFT,0,true,431384,2
3.2,1000,DOWN,0,true,431384,3
2.1,1500,RIGHT,0,true,431384,4
-3.2,1000,DOWN,0,true,431384,5
3.2,1000,UP,0,true,431384,6
-2.1,1500,UP,0,true,431384,7
-2.1,1500,RIGHT,0,true,431384,8
-3.2,1000,UP,0,true,431384,9
2.1,1500,LEFT,0,true,431384,10
-3.2,1000,RIGHT,0,true,431384,11
2.1,1500,DOWN,0,true,431384,12
-2.1,1500,DOWN,0,true,431384,13
-3.2,1000,LEFT,0,true,431384,14
2.1,1500,UP,0,true,431384,15
3.2,1000,RIGHT,0,true,431384,16
1.6,1000,UP,270,false,431384,1
0,1000,RIGHT,270,false,431384,2
-1.6,1000,UP,270,false,431384,3
1.6,1000,RIGHT,270,false,431384,4
1.4,1500,LEFT,270,false,431384,5
1.4,1500,RIGHT,270,false,431384,6
-3.2,1000,RIGHT,270,false,431384,7
-3.54,1500,UP,270,false,431384,8
0,1500,UP,270,false,431384,9
-1.6,1000,LEFT,270,false,431384,10
4.8,1000,DOWN,270,false,431384,11
0.7,1500,RIGHT,270,false,431384,12
0,1000,UP,270,false,431384,13
-1.06666,1000,UP,270,false,431384,14
-3.54,1500,LEFT,270,false,431384,15
-2.1,1500,UP,270,false,431384,16
1.6,1000,DOWN,270,false,431384,17
0.7,1500,RIGHT,270,false,431384,18
-0.7,1500,LEFT,270,false,431384,19
3.54,1500,UP,270,false,431384,20
-0.7,1500,LEFT,270,false,431384,21
0.7,1500,LEFT,270,false,431384,22
-1.06666,1000,DOWN,270,false,431384,23
0,1000,RIGHT,270,false,431384,24
-0.7,1500,RIGHT,270,false,431384,25
-4.8,1000,UP,270,false,431384,26
3.2,1000,DOWN,270,false,431384,27
-1.4,1500,RIGHT,270,false,431384,28
-1.4,1500,DOWN,90,false,431384,29
-2.1,1500,UP,90,false,431384,30
-3.54,1500,UP,90,false,431384,31
-0.7,1500,DOWN,90,false,431384,32
-0.7,1500,DOWN,90,false,431384,33
4.8,1000,UP,90,false,431384,34
-0.7,1500,LEFT,90,false,431384,35
-2.1,1500,DOWN,90,false,431384,36
0,1000,DOWN,90,false,431384,37
1.4,1500,UP,90,false,431384,38
-0.7,1500,RIGHT,90,false,431384,39
-3.2,1000,RIGHT,90,false,431384,40
-1.6,1000,UP,90,false,431384,41
-1.4,1500,LEFT,90,false,431384,42
-4.8,1000,UP,90,false,431384,43
3.54,1500,UP,90,false,431384,44
0,1000,UP,90,false,431384,45
-1.06666,1000,LEFT,90,false,431384,46
4.8,1000,RIGHT,90,false,431384,47
-0.7,1500,RIGHT,90,false,431384,48
0,1500,UP,90,false,431384,49
-1.4,1500,LEFT,90,false,431384,50
2.1,1500,DOWN,90,false,431384,51
0,1000,DOWN,90,false,431384,52
-2.1,1500,LEFT,90,false,431384,53
0.7,1500,DOWN,90,false,431384,54
1.6,1000,LEFT,90,false,431384,55
1.06666,1000,LEFT,90,false,431384,56
0.7,1500,LEFT,270,false,431384,57
0.7,1500,UP,270,false,431384,58
-3.2,1000,UP,270,false,431384,59
1.6,1000,RIGHT,270,false,431384,60
0,1500,RIGHT,270,false,431384,61
-1.6,1000,RIGHT,270,false,431384,62
-3.2,1000,LEFT,270,false,431384,63
-0.7,1500,UP,270,false,431384,64
-0.7,1500,UP,270,false,431384,65
1.4,1500,LEFT,270,false,431384,66
0.7,1500,DOWN,270,false,431384,67
2.1,1500,LEFT,270,false,431384,68
1.6,1000,UP,270,false,431384,69
4.8,1000,UP,270,false,431384,70
1.06666,1000,UP,270,false,431384,71
1.4,1500,DOWN,270,false,431384,72
0,1500,DOWN,270,false,431384,73
3.2,1000,UP,270,false,431384,74
-2.1,1500,DOWN,270,false,431384,75
-1.6,1000,LEFT,270,false,431384,76
0.7,1500,UP,270,false,431384,77
-1.06666,1000,LEFT,270,false,431384,78
-2.1,1500,RIGHT,270,false,431384,79
1.06666,1000,DOWN,270,false,431384,80
1.06666,1000,LEFT,270,false,431384,81
4.8,1000,LEFT,270,false,431384,82
3.54,1500,DOWN,270,false,431384,83
-0.7,1500,RIGHT,270,false,431384,84
-1.06666,1000,UP,90,false,431384,85
2.1,1500,UP,90,false,431384,86
-0.7,1500,DOWN,90,false,431384,87
1.6,1000,LEFT,90,false,431384,88
-1.06666,1000,DOWN,90,false,431384,89
-3.2,1000,LEFT,90,false,431384,90
1.6,1000,RIGHT,90,false,431384,91
-4.8,1000,DOWN,90,false,431384,92
-0.7,1500,LEFT,90,false,431384,93
1.4,1500,LEFT,90,false,431384,94
0.7,1500,LEFT,90,false,431384,95
-2.1,1500,RIGHT,90,false,431384,96
0.7,1500,UP,90,false,431384,97
-1.6,1000,DOWN,90,false,431384,98
-4.8,1000,RIGHT,90,false,431384,99
0,1000,LEFT,90,false,431384,100
1.6,1000,DOWN,90,false,431384,101
0,1500,LEFT,90,false,431384,102
-3.2,1000,DOWN,90,false,431384,103
3.2,1000,DOWN,90,false,431384,104
3.54,1500,LEFT,90,false,431384,105
-3.54,1500,LEFT,90,false,431384,106
3.2,1000,UP,90,false,431384,107
0.7,1500,LEFT,90,false,431384,108
-1.6,1000,RIGHT,90,false,431384,109
0,1000,RIGHT,90,false,431384,110
3.54,1500,DOWN,90,false,431384,111
3.2,1000,LEFT,90,false,431384,112
1.4,1500,UP,270,false,431384,113
-1.6,1000,DOWN,270,false,431384,114
-4.8,1000,DOWN,270,false,431384,115
0,1000,LEFT,270,false,431384,116
3.2,1000,RIGHT,270,false,431384,117
-1.4,1500,UP,270,false,431384,118
-0.7,1500,DOWN,270,false,431384,119
0,1500,LEFT,270,false,431384,120
0.7,1500,DOWN,270,false,431384,121
1.4,1500,UP,270,false,431384,122
-1.4,1500,LEFT,270,false,431384,123
-1.6,1000,RIGHT,270,false,431384,124
0.7,1500,LEFT,270,false,431384,125
-4.8,1000,RIGHT,270,false,431384,126
1.6,1000,DOWN,270,false,431384,127
-1.6,1000,DOWN,270,false,431384,128
-4.8,1000,LEFT,270,false,431384,129
-1.4,1500,LEFT,270,false,431384,130
2.1,1500,RIGHT,270,false,431384,131
1.4,1500,RIGHT,270,false,431384,132
-1.4,1500,DOWN,270,false,431384,133
1.06666,1000,RIGHT,270,false,431384,134
-0.7,1500,UP,270,false,431384,135
-0.7,1500,RIGHT,270,false,431384,136
1.6,1000,LEFT,270,false,431384,137
-1.6,1000,UP,270,false,431384,138
-3.2,1000,DOWN,270,false,431384,139
-2.1,1500,LEFT,270,false,431384,140
1.06666,1000,DOWN,90,false,431384,141
-3.54,1500,DOWN,90,false,431384,142
1.06666,1000,UP,90,false,431384,143
0,1000,UP,90,false,431384,144
0,1500,DOWN,90,false,431384,145
-1.4,1500,UP,90,false,431384,146
2.1,1500,LEFT,90,false,431384,147
4.8,1000,DOWN,90,false,431384,148
1.6,1000,RIGHT,90,false,431384,149
0,1000,RIGHT,90,false,431384,150
0.7,1500,UP,90,false,431384,151
1.6,1000,DOWN,90,false,431384,152
-1.6,1000,LEFT,90,false,431384,153
-1.6,1000,LEFT,90,false,431384,154
-0.7,1500,UP,90,false,431384,155
0,1500,UP,90,false,431384,156
-3.54,1500,RIGHT,90,false,431384,157
0.7,1500,RIGHT,90,false,431384,158
1.4,1500,RIGHT,90,false,431384,159
-0.7,1500,RIGHT,90,false,431384,160
0.7,1500,RIGHT,90,false,431384,161
0.7,1500,DOWN,90,false,431384,162
0.7,1500,UP,90,false,431384,163
1.06666,1000,RIGHT,90,false,431384,164
0,1500,DOWN,90,false,431384,165
-1.4,1500,DOWN,90,false,431384,166
1.4,1500,LEFT,90,false,431384,167
2.1,1500,RIGHT,90,false,431384,168
0,1500,LEFT,270,false,431384,169
-0.7,1500,DOWN,270,false,431384,170
-0.7,1500,DOWN,270,false,431384,171
-1.4,1500,DOWN,270,false,431384,172
-1.4,1500,RIGHT,270,false,431384,173
1.6,1000,LEFT,270,false,431384,174
0,1000,DOWN,270,false,431384,175
0,1000,DOWN,270,false,431384,176
-0.7,1500,LEFT,270,false,431384,177
3.2,1000,LEFT,270,false,431384,178
1.4,1500,DOWN,270,false,431384,179
-3.54,1500,DOWN,270,false,431384,180
0.7,1500,DOWN,270,false,431384,181
2.1,1500,DOWN,270,false,431384,182
-1.4,1500,UP,270,false,431384,183
0,1500,DOWN,270,false,431384,184
-3.54,1500,RIGHT,270,false,431384,185
2.1,1500,UP,270,false,431384,186
0,1000,LEFT,270,false,431384,187
4.8,1000,RIGHT,270,false,431384,188
3.54,1500,LEFT,270,false,431384,189
0,1500,RIGHT,270,false,431384,190
0.7,1500,RIGHT,270,false,431384,191
3.54,1500,RIGHT,270,false,431384,192
0,1500,UP,270,false,431384,193
0.7,1500,UP,270,false,431384,194
-1.06666,1000,RIGHT,270,false,431384,195
0,1000,UP,270,false,431384,196
-0.7,1500,LEFT,90,false,431384,197
-1.6,1000,RIGHT,90,false,431384,198
0.7,1500,DOWN,90,false,431384,199
1.6,1000,UP,90,false,431384,200
-4.8,1000,LEFT,90,false,431384,201
1.6,1000,UP,90,false,431384,202
0,1000,LEFT,90,false,431384,203
0,1500,RIGHT,90,false,431384,204
0.7,1500,RIGHT,90,false,431384,205
-0.7,1500,UP,90,false,431384,206
0,1500,LEFT,90,false,431384,207
-3.2,1000,UP,90,false,431384,208
3.54,1500,RIGHT,90,false,431384,209
0,1500,RIGHT,90,false,431384,210
-1.06666,1000,RIGHT,90,false,431384,211
3.2,1000,RIGHT,90,false,431384,212
-1.6,1000,DOWN,90,false,431384,213
4.8,1000,LEFT,90,false,431384,214
1.4,1500,UP,90,false,431384,215
-1.4,1500,RIGHT,90,false,431384,216
1.4,1500,DOWN,90,false,431384,217
-1.6,1000,UP,90,false,431384,218
0.7,1500,LEFT,90,false,431384,219
-0.7,1500,UP,90,false,431384,220
1.4,1500,RIGHT,90,false,431384,221
-1.4,1500,UP,90,false,431384,222
-1.4,1500,RIGHT,90,false,431384,223
1.4,1500,DOWN,90,false,431384,224
3.2,1000,DOWN,0,true,431451,1
-3.2,1000,RIGHT,0,true,431451,2
3.2,1000,RIGHT,0,true,431451,3
-2.1,1500,LEFT,0,true,431451,4
2.1,1500,LEFT,0,true,431451,5
2.1,1500,UP,0,true,431451,6
-2.1,1500,RIGHT,0,true,431451,7
2.1,1500,DOWN,0,true,431451,8
-2.1,1500,UP,0,true,431451,9
3.2,1000,LEFT,0,true,431451,10
-2.1,1500,DOWN,0,true,431451,11
2.1,1500,RIGHT,0,true,431451,12
-3.2,1000,LEFT,0,true,431451,13
-3.2,1000,DOWN,0,true,431451,14
3.2,1000,UP,0,true,431451,15
-3.2,1000,UP,0,true,431451,16
0,1500,DOWN,90,false,431451,1
-0.7,1500,RIGHT,90,false,431451,2
-3.2,1000,LEFT,90,false,431451,3
-1.4,1500,RIGHT,90,false,431451,4
-3.2,1000,RIGHT,90,false,431451,5
0.7,1500,UP,90,false,431451,6
-3.2,1000,UP,90,false,431451,7
-0.7,1500,UP,90,false,431451,8
-0.7,1500,DOWN,90,false,431451,9
0,1000,DOWN,90,false,431451,10
0.7,1500,LEFT,90,false,431451,11
0.7,1500,LEFT,90,false,431451,12
0.7,1500,LEFT,90,false,431451,13
-2.1,1500,UP,90,false,431451,14
4.8,1000,LEFT,90,false,431451,15
2.1,1500,DOWN,90,false,431451,16
0,1000,RIGHT,90,false,431451,17
-1.6,1000,LEFT,90,false,431451,18
-1.06666,1000,DOWN,90,false,431451,19
1.06666,1000,LEFT,90,false,431451,20
-1.4,1500,LEFT,90,false,431451,21
3.54,1500,RIGHT,90,false,431451,22
0.7,1500,RIGHT,90,false,431451,23
1.6,1000,UP,90,false,431451,24
1.4,1500,RIGHT,90,false,431451,25
-1.6,1000,UP,90,false,431451,26
0,1500,RIGHT,90,false,431451,27
-3.54,1500,RIGHT,90,false,431451,28
-3.54,1500,RIGHT,270,false,431451,29
3.54,1500,RIGHT,270,false,431451,30
-0.7,1500,DOWN,270,false,431451,31
-0.7,1500,LEFT,270,false,431451,32
0.7,1500,RIGHT,270,false,431451,33
0,1500,RIGHT,270,false,431451,34
-2.1,1500,UP,270,false,431451,35
-0.7,1500,DOWN,270,false,431451,36
-1.4,1500,LEFT,270,false,431451,37
0,1000,RIGHT,270,false,431451,38
-0.7,1500,RIGHT,270,false,431451,39
-0.7,1500,RIGHT,270,false,431451,40
-3.54,1500,DOWN,270,false,431451,41
-0.7,1500,UP,270,false,431451,42
-0.7,1500,UP,270,false,431451,43
2.1,1500,DOWN,270,false,431451,44
-3.54,1500,LEFT,270,false,431451,45
-1.4,1500,DOWN,270,false,431451,46
1.6,1000,DOWN,270,false,431451,47
1.06666,1000,LEFT,270,false,431451,48
-0.7,1500,UP,270,false,431451,49
0.7,1500,LEFT,270,false,431451,50
4.8,1000,DOWN,270,false,431451,51
-1.06666,1000,DOWN,270,false,431451,52
-1.4,1500,RIGHT,270,false,431451,53
-1.4,1500,UP,270,false,431451,54
1.4,1500,RIGHT,270,false,431451,55
1.4,1500,UP,270,false,431451,56
-4.8,1000,LEFT,90,false,431451,57
-2.1,1500,DOWN,90,false,431451,58
-1.6,1000,RIGHT,90,false,431451,59
2.1,1500,RIGHT,90,false,431451,60
3.54,1500,UP,90,false,431451,61
-2.1,1500,LEFT,90,false,431451,62
0,1000,UP,90,false,431451,63
-1.4,1500,UP,90,false,431451,64
1.6,1000,LEFT,90,false,431451,65
-0.7,1500,RIGHT,90,false,431451,66
3.2,1000,DOWN,90,false,431451,67
-1.4,1500,DOWN,90,false,431451,68
1.6,1000,RIGHT,90,false,431451,69
1.06666,1000,RIGHT,90,false,431451,70
1.6,1000,DOWN,90,false,431451,71
1.06666,1000,DOWN,90,false,431451,72
0,1500,RIGHT,90,false,431451,73
-1.06666,1000,RIGHT,90,false,431451,74
-0.7,1500,UP,90,false,431451,75
3.54,1500,LEFT,90,false,431451,76
1.4,1500,UP,90,false,431451,77
1.4,1500,UP,90,false,431451,78
-1.6,1000,DOWN,90,false,431451,79
4.8,1000,RIGHT,90,false,431451,80
1.06666,1000,UP,90,false,431451,81
-0.7,1500,DOWN,90,false,431451,82
1.4,1500,DOWN,90,false,431451,83
0.7,1500,DOWN,90,false,431451,84
3.2,1000,DOWN,270,false,431451,85
-4.8,1000,LEFT,270,false,431451,86
-0.7,1500,DOWN,270,false,431451,87
-1.6,1000,DOWN,270,false,431451,88
0,1000,DOWN,270,false,431451,89
3.54,1500,UP,270,false,431451,90
0,1500,LEFT,270,false,431451,91
0.7,1500,LEFT,270,false,431451,92
4.8,1000,LEFT,270,false,431451,93
4.8,1000,RIGHT,270,false,431451,94
-0.7,1500,RIGHT,270,false,431451,95
1.4,1500,UP,270,false,431451,96
-3.2,1000,LEFT,270,false,431451,97
1.6,1000,LEFT,270,false,431451,98
-2.1,1500,RIGHT,270,false,431451,99
0.7,1500,DOWN,270,false,431451,100
0.7,1500,UP,270,false,431451,101
4.8,1000,UP,270,false,431451,102
-1.06666,1000,UP,270,false,431451,103
-1.06666,1000,RIGHT,270,false,431451,104
-2.1,1500,LEFT,270,false,431451,105
0.7,1500,DOWN,270,false,431451,106
0,1500,DOWN,270,false,431451,107
0.7,1500,RIGHT,270,false,431451,108
-0.7,1500,LEFT,270,false,431451,109
-1.6,1000,LEFT,270,false,431451,110
-1.6,1000,RIGHT,270,false,431451,111
0.7,1500,UP,270,false,431451,112
3.2,1000,UP,90,false,431451,113
1.4,1500,LEFT,90,false,431451,114
0,1000,LEFT,90,false,431451,115
-4.8,1000,RIGHT,90,false,431451,116
2.1,1500,LEFT,90,false,431451,117
0,1000,DOWN,90,false,431451,118
-1.6,1000,UP,90,false,431451,119
-2.1,1500,RIGHT,90,false,431451,120
1.6,1000,RIGHT,90,false,431451,121
0,1500,DOWN,90,false,431451,122
0.7,1500,DOWN,90,false,431451,123
-0.7,1500,LEFT,90,false,431451,124
-3.54,1500,LEFT,90,false,431451,125
3.2,1000,RIGHT,90,false,431451,126
2.1,1500,UP,90,false,431451,127
4.8,1000,DOWN,90,false,431451,128
0,1500,LEFT,90,false,431451,129
-0.7,1500,LEFT,90,false,431451,130
1.4,1500,LEFT,90,false,431451,131
-4.8,1000,UP,90,false,431451,132
3.54,1500,DOWN,90,false,431451,133
-1.6,1000,LEFT,90,false,431451,134
-1.06666,1000,UP,90,false,431451,135
4.8,1000,UP,90,false,431451,136
-1.6,1000,RIGHT,90,false,431451,137
0.7,1500,UP,90,false,431451,138
0,1000,UP,90,false,431451,139
0,1000,LEFT,90,false,431451,140
3.2,1000,RIGHT,270,false,431451,141
3.54,1500,DOWN,270,false,431451,142
-3.2,1000,UP,270,false,431451,143
0,1500,LEFT,270,false,431451,144
1.06666,1000,DOWN,270,false,431451,145
-1.4,1500,DOWN,270,false,431451,146
1.6,1000,RIGHT,270,false,431451,147
1.6,1000,UP,270,false,431451,148
-1.06666,1000,LEFT,270,false,431451,149
3.2,1000,LEFT,270,false,431451,150
1.6,1000,DOWN,270,false,431451,151
-1.6,1000,RIGHT,270,false,431451,152
0,1500,UP,270,false,431451,153
-4.8,1000,UP,270,false,431451,154
1.4,1500,DOWN,270,false,431451,155
-3.54,1500,UP,270,false,431451,156
1.4,1500,LEFT,270,false,431451,157
-0.7,1500,LEFT,270,false,431451,158
0,1500,UP,270,false,431451,159
1.4,1500,LEFT,270,false,431451,160
2.1,1500,LEFT,270,false,431451,161
-1.6,1000,LEFT,270,false,431451,162
0,1000,UP,270,false,431451,163
0.7,1500,UP,270,false,431451,164
0,1500,RIGHT,270,false,431451,165
0.7,1500,DOWN,270,false,431451,166
-4.8,1000,RIGHT,270,false,431451,167
1.06666,1000,RIGHT,270,false,431451,168
0.7,1500,DOWN,90,false,431451,169
-0.7,1500,DOWN,90,false,431451,170
-4.8,1000,DOWN,90,false,431451,171
0,1000,RIGHT,90,false,431451,172
-0.7,1500,LEFT,90,false,431451,173
0,1500,UP,90,false,431451,174
-1.4,1500,DOWN,90,false,431451,175
-1.6,1000,DOWN,90,false,431451,176
1.4,1500,DOWN,90,false,431451,177
-3.54,1500,UP,90,false,431451,178
1.6,1000,DOWN,90,false,431451,179
0,1500,UP,90,false,431451,180
1.4,1500,RIGHT,90,false,431451,181
-1.4,1500,RIGHT,90,false,431451,182
-0.7,1500,UP,90,false,431451,183
-1.06666,1000,LEFT,90,false,431451,184
1.6,1000,UP,90,false,431451,185
-3.2,1000,DOWN,90,false,431451,186
3.2,1000,LEFT,90,false,431451,187
0,1500,LEFT,90,false,431451,188
1.6,1000,LEFT,90,false,431451,189
-3.54,1500,DOWN,90,false,431451,190
-1.4,1500,UP,90,false,431451,191
-0.7,1500,RIGHT,90,false,431451,192
0.7,1500,UP,90,false,431451,193
0.7,1500,RIGHT,90,false,431451,194
0.7,1500,RIGHT,90,false,431451,195
-1.4,1500,LEFT,90,false,431451,196
-1.6,1000,DOWN,270,false,431451,197
-1.6,1000,UP,270,false,431451,198
0,1000,LEFT,270,false,431451,199
-3.2,1000,DOWN,270,false,431451,200
-4.8,1000,DOWN,270,false,431451,201
1.6,1000,UP,270,false,431451,202
3.2,1000,UP,270,false,431451,203
0,1500,DOWN,270,false,431451,204
3.54,1500,LEFT,270,false,431451,205
0,1000,LEFT,270,false,431451,206
-1.4,1500,UP,270,false,431451,207
1.4,1500,DOWN,270,false,431451,208
0,1000,UP,270,false,431451,209
0.7,1500,RIGHT,270,false,431451,210
2.1,1500,UP,270,false,431451,211
1.6,1000,LEFT,270,false,431451,212
0.7,1500,LEFT,270,false,431451,213
-1.4,1500,RIGHT,270,false,431451,214
1.06666,1000,UP,270,false,431451,215
-3.2,1000,RIGHT,270,false,431451,216
-1.6,1000,UP,270,false,431451,217
0,1000,DOWN,270,false,431451,218
-2.1,1500,DOWN,270,false,431451,219
1.6,1000,RIGHT,270,false,431451,220
2.1,1500,RIGHT,270,false,431451,221
1.4,1500,RIGHT,270,false,431451,222
0,1000,RIGHT,270,false,431451,223
-1.4,1500,LEFT,270,false,431451,224
3.2,1000,LEFT,0,true,431450,1
-3.2,1000,LEFT,0,true,431450,2
2.1,1500,DOWN,0,true,431450,3
2.1,1500,RIGHT,0,true,431450,4
-3.2,1000,UP,0,true,431450,5
-3.2,1000,RIGHT,0,true,431450,6
-2.1,1500,UP,0,true,431450,7
2.1,1500,UP,0,true,431450,8
-2.1,1500,RIGHT,0,true,431450,9
3.2,1000,DOWN,0,true,431450,10
-2.1,1500,DOWN,0,true,431450,11
-3.2,1000,DOWN,0,true,431450,12
2.1,1500,LEFT,0,true,431450,13
-2.1,1500,LEFT,0,true,431450,14
3.2,1000,UP,0,true,431450,15
3.2,1000,RIGHT,0,true,431450,16
-0.7,1500,LEFT,90,false,431450,1
-1.4,1500,RIGHT,90,false,431450,2
0,1000,UP,90,false,431450,3
0.7,1500,DOWN,90,false,431450,4
1.6,1000,LEFT,90,false,431450,5
-1.6,1000,UP,90,false,431450,6
-2.1,1500,LEFT,90,false,431450,7
0.7,1500,RIGHT,90,false,431450,8
1.4,1500,UP,90,false,431450,9
-3.54,1500,RIGHT,90,false,431450,10
-3.2,1000,UP,90,false,431450,11
3.54,1500,RIGHT,90,false,431450,12
3.2,1000,UP,90,false,431450,13
1.4,1500,LEFT,90,false,431450,14
0,1000,UP,90,false,431450,15
-0.7,1500,RIGHT,90,false,431450,16
-1.4,1500,LEFT,90,false,431450,17
0,1000,LEFT,90,false,431450,18
3.54,1500,LEFT,90,false,431450,19
0.7,1500,DOWN,90,false,431450,20
-0.7,1500,RIGHT,90,false,431450,21
-3.2,1000,LEFT,90,false,431450,22
1.06666,1000,LEFT,90,false,431450,23
3.2,1000,RIGHT,90,false,431450,24
-0.7,1500,UP,90,false,431450,25
4.8,1000,RIGHT,90,false,431450,26
-3.2,1000,DOWN,90,false,431450,27
-1.4,1500,LEFT,90,false,431450,28
1.4,1500,RIGHT,270,false,431450,29
4.8,1000,UP,270,false,431450,30
-1.4,1500,RIGHT,270,false,431450,31
0,1000,LEFT,270,false,431450,32
0,1500,DOWN,270,false,431450,33
-0.7,1500,RIGHT,270,false,431450,34
0,1500,RIGHT,270,false,431450,35
0.7,1500,RIGHT,270,false,431450,36
1.06666,1000,LEFT,270,false,431450,37
0.7,1500,UP,270,false,431450,38
1.6,1000,UP,270,false,431450,39
1.4,1500,DOWN,270,false,431450,40
-1.6,1000,LEFT,270,false,431450,41
0.7,1500,RIGHT,270,false,431450,42
3.54,1500,DOWN,270,false,431450,43
1.6,1000,LEFT,270,false,431450,44
0,1000,UP,270,false,431450,45
0.7,1500,DOWN,270,false,431450,46
1.06666,1000,DOWN,270,false,431450,47
-1.6,1000,RIGHT,270,false,431450,48
1.06666,1000,UP,270,false,431450,49
-0.7,1500,UP,270,false,431450,50
-1.6,1000,LEFT,270,false,431450,51
-1.6,1000,DOWN,270,false,431450,52
1.6,1000,UP,270,false,431450,53
0,1500,DOWN,270,false,431450,54
3.2,1000,DOWN,270,false,431450,55
0,1000,LEFT,270,false,431450,56
-2.1,1500,UP,90,false,431450,57
-1.6,1000,DOWN,90,false,431450,58
-0.7,1500,DOWN,90,false,431450,59
0,1500,LEFT,90,false,431450,60
-2.1,1500,RIGHT,90,false,431450,61
0,1000,RIGHT,90,false,431450,62
-3.54,1500,LEFT,90,false,431450,63
3.54,1500,DOWN,90,false,431450,64
-1.4,1500,DOWN,90,false,431450,65
0,1500,RIGHT,90,false,431450,66
-4.8,1000,DOWN,90,false,431450,67
0.7,1500,UP,90,false,431450,68
-3.54,1500,DOWN,90,false,431450,69
1.4,1500,LEFT,90,false,431450,70
-1.4,1500,UP,90,false,431450,71
-1.6,1000,DOWN,90,false,431450,72
1.6,1000,UP,90,false,431450,73
1.6,1000,UP,90,false,431450,74
2.1,1500,DOWN,90,false,431450,75
0,1500,RIGHT,90,false,431450,76
-1.6,1000,LEFT,90,false,431450,77
-3.54,1500,UP,90,false,431450,78
4.8,1000,DOWN,90,false,431450,79
-1.6,1000,LEFT,90,false,431450,80
-0.7,1500,LEFT,90,false,431450,81
3.2,1000,LEFT,90,false,431450,82
-1.6,1000,RIGHT,90,false,431450,83
-0.7,1500,DOWN,90,false,431450,84
-3.54,1500,LEFT,270,false,431450,85
2.1,1500,DOWN,270,false,431450,86
-3.54,1500,UP,270,false,431450,87
4.8,1000,RIGHT,270,false,431450,88
0.7,1500,DOWN,270,false,431450,89
3.2,1000,UP,270,false,431450,90
-1.06666,1000,LEFT,270,false,431450,91
-1.6,1000,DOWN,270,false,431450,92
3.54,1500,RIGHT,270,false,431450,93
-2.1,1500,RIGHT,270,false,431450,94
4.8,1000,DOWN,270,false,431450,95
-2.1,1500,DOWN,270,false,431450,96
-3.2,1000,LEFT,270,false,431450,97
0,1000,DOWN,270,false,431450,98
3.2,1000,RIGHT,270,false,431450,99
-2.1,1500,LEFT,270,false,431450,100
-1.06666,1000,RIGHT,270,false,431450,101
-3.2,1000,RIGHT,270,false,431450,102
0,1500,LEFT,270,false,431450,103
0,1500,UP,270,false,431450,104
0,1000,RIGHT,270,false,431450,105
-4.8,1000,UP,270,false,431450,106
-1.4,1500,DOWN,270,false,431450,107
-4.8,1000,LEFT,270,false,431450,108
-1.6,1000,UP,270,false,431450,109
-0.7,1500,UP,270,false,431450,110
-4.8,1000,RIGHT,270,false,431450,111
-1.4,1500,DOWN,270,false,431450,112
1.4,1500,UP,90,false,431450,113
-0.7,1500,RIGHT,90,false,431450,114
-0.7,1500,UP,90,false,431450,115
1.4,1500,RIGHT,90,false,431450,116
0,1500,DOWN,90,false,431450,117
1.4,1500,RIGHT,90,false,431450,118
-1.4,1500,UP,90,false,431450,119
0,1500,UP,90,false,431450,120
2.1,1500,LEFT,90,false,431450,121
-3.2,1000,RIGHT,90,false,431450,122
-1.4,1500,RIGHT,90,false,431450,123
4.8,1000,UP,90,false,431450,124
1.4,1500,DOWN,90,false,431450,125
-1.4,1500,DOWN,90,false,431450,126
0.7,1500,RIGHT,90,false,431450,127
1.6,1000,RIGHT,90,false,431450,128
0,1000,LEFT,90,false,431450,129
1.06666,1000,UP,90,false,431450,130
1.6,1000,LEFT,90,false,431450,131
0.7,1500,RIGHT,90,false,431450,132
2.1,1500,RIGHT,90,false,431450,133
-0.7,1500,UP,90,false,431450,134
0,1500,LEFT,90,false,431450,135
-4.8,1000,UP,90,false,431450,136
-0.7,1500,DOWN,90,false,431450,137
-2.1,1500,DOWN,90,false,431450,138
0,1000,DOWN,90,false,431450,139
-4.8,1000,LEFT,90,false,431450,140
-3.2,1000,DOWN,270,false,431450,141
1.6,1000,DOWN,270,false,431450,142
1.6,1000,DOWN,270,false,431450,143
-1.4,1500,LEFT,270,false,431450,144
2.1,1500,LEFT,270,false,431450,145
0,1000,DOWN,270,false,431450,146
0,1500,RIGHT,270,false,431450,147
0,1000,RIGHT,270,false,431450,148
0.7,1500,UP,270,false,431450,149
1.06666,1000,RIGHT,270,false,431450,150
-0.7,1500,RIGHT,270,false,431450,151
1.6,1000,LEFT,270,false,431450,152
3.54,1500,UP,270,false,431450,153
-1.4,1500,UP,270,false,431450,154
-0.7,1500,DOWN,270,false,431450,155
1.4,1500,RIGHT,270,false,431450,156
0.7,1500,LEFT,270,false,431450,157
-1.4,1500,UP,270,false,431450,158
1.6,1000,RIGHT,270,false,431450,159
-0.7,1500,LEFT,270,false,431450,160
-1.4,1500,LEFT,270,false,431450,161
0.7,1500,DOWN,270,false,431450,162
0,1500,LEFT,270,false,431450,163
-0.7,1500,RIGHT,270,false,431450,164
0.7,1500,LEFT,270,false,431450,165
-0.7,1500,DOWN,270,false,431450,166
-3.54,1500,DOWN,270,false,431450,167
0,1500,UP,270,false,431450,168
1.6,1000,RIGHT,90,false,431450,169
0.7,1500,DOWN,90,false,431450,170
0.7,1500,UP,90,false,431450,171
-1.6,1000,UP,90,false,431450,172
-1.06666,1000,RIGHT,90,false,431450,173
-1.06666,1000,DOWN,90,false,431450,174
2.1,1500,UP,90,false,431450,175
-1.06666,1000,LEFT,90,false,431450,176
1.4,1500,DOWN,90,false,431450,177
3.54,1500,UP,90,false,431450,178
1.6,1000,DOWN,90,false,431450,179
1.06666,1000,RIGHT,90,false,431450,180
-0.7,1500,LEFT,90,false,431450,181
1.06666,1000,DOWN,90,false,431450,182
0.7,1500,LEFT,90,false,431450,183
0,1500,UP,90,false,431450,184
0.7,1500,LEFT,90,false,431450,185
-1.06666,1000,UP,90,false,431450,186
0.7,1500,UP,90,false,431450,187
-1.6,1000,RIGHT,90,false,431450,188
0,1500,DOWN,90,false,431450,189
0,1000,DOWN,90,false,431450,190
1.6,1000,DOWN,90,false,431450,191
-4.8,1000,RIGHT,90,false,431450,192
4.8,1000,LEFT,90,false,431450,193
0,1000,RIGHT,90,false,431450,194
0.7,1500,LEFT,90,false,431450,195
3.2,1000,DOWN,90,false,431450,196
-1.06666,1000,UP,270,false,431450,197
1.4,1500,DOWN,270,false,431450,198
0.7,1500,RIGHT,270,false,431450,199
0.7,1500,LEFT,270,false,431450,200
-4.8,1000,DOWN,270,false,431450,201
-0.7,1500,LEFT,270,false,431450,202
1.4,1500,UP,270,false,431450,203
-1.4,1500,RIGHT,270,false,431450,204
-0.7,1500,DOWN,270,false,431450,205
-3.2,1000,UP,270,false,431450,206
-0.7,1500,LEFT,270,false,431450,207
2.1,1500,UP,270,false,431450,208
-2.1,1500,UP,270,false,431450,209
3.2,1000,LEFT,270,false,431450,210
1.6,1000,RIGHT,270,false,431450,211
4.8,1000,LEFT,270,false,431450,212
-1.06666,1000,DOWN,270,false,431450,213
0,1000,UP,270,false,431450,214
0.7,1500,UP,270,false,431450,215
-1.6,1000,UP,270,false,431450,216
3.54,1500,LEFT,270,false,431450,217
1.4,1500,UP,270,false,431450,218
2.1,1500,RIGHT,270,false,431450,219
-0.7,1500,UP,270,false,431450,220
1.4,1500,LEFT,270,false,431450,221
-3.54,1500,RIGHT,270,false,431450,222
1.4,1500,LEFT,270,false,431450,223
-1.6,1000,RIGHT,270,false,431450,224
3.2,1000,UP,0,true,431381,1
-3.2,1000,LEFT,0,true,431381,2
3.2,1000,RIGHT,0,true,431381,3
-2.1,1500,LEFT,0,true,431381,4
-2.1,1500,RIGHT,0,true,431381,5
2.1,1500,LEFT,0,true,431381,6
2.1,1500,DOWN,0,true,431381,7
3.2,1000,DOWN,0,true,431381,8
2.1,1500,UP,0,true,431381,9
-2.1,1500,UP,0,true,431381,10
3.2,1000,LEFT,0,true,431381,11
-3.2,1000,RIGHT,0,true,431381,12
-2.1,1500,DOWN,0,true,431381,13
2.1,1500,RIGHT,0,true,431381,14
-3.2,1000,UP,0,true,431381,15
-3.2,1000,DOWN,0,true,431381,16
-1.6,1000,UP,90,false,431381,1
-0.7,1500,LEFT,90,false,431381,2
2.1,1500,LEFT,90,false,431381,3
1.6,1000,RIGHT,90,false,431381,4
-0.7,1500,UP,90,false,431381,5
-3.2,1000,UP,90,false,431381,6
-0.7,1500,LEFT,90,false,431381,7
-4.8,1000,UP,90,false,431381,8
0.7,1500,RIGHT,90,false,431381,9
-4.8,1000,LEFT,90,false,431381,10
1.6,1000,LEFT,90,false,431381,11
-3.54,1500,DOWN,90,false,431381,12
0,1000,RIGHT,90,false,431381,13
0,1000,RIGHT,90,false,431381,14
0.7,1500,DOWN,90,false,431381,15
1.06666,1000,LEFT,90,false,431381,16
0,1000,UP,90,false,431381,17
-0.7,1500,DOWN,90,false,431381,18
-1.6,1000,DOWN,90,false,431381,19
1.4,1500,RIGHT,90,false,431381,20
-1.4,1500,LEFT,90,false,431381,21
-1.06666,1000,DOWN,90,false,431381,22
1.6,1000,LEFT,90,false,431381,23
3.54,1500,UP,90,false,431381,24
1.06666,1000,UP,90,false,431381,25
0,1000,LEFT,90,false,431381,26
-1.6,1000,LEFT,90,false,431381,27
1.06666,1000,DOWN,90,false,431381,28
0,1000,UP,270,false,431381,29
-2.1,1500,RIGHT,270,false,431381,30
-1.4,1500,LEFT,270,false,431381,31
2.1,1500,DOWN,270,false,431381,32
-1.6,1000,DOWN,270,false,431381,33
2.1,1500,RIGHT,270,false,431381,34
0,1500,UP,270,false,431381,35
-0.7,1500,LEFT,270,false,431381,36
0.7,1500,RIGHT,270,false,431381,37
0,1500,RIGHT,270,false,431381,38
-3.2,1000,DOWN,270,false,431381,39
1.6,1000,UP,270,false,431381,40
1.06666,1000,RIGHT,270,false,431381,41
1.6,1000,DOWN,270,false,431381,42
1.6,1000,LEFT,270,false,431381,43
0,1500,DOWN,270,false,431381,44
-1.06666,1000,UP,270,false,431381,45
3.2,1000,RIGHT,270,false,431381,46
-2.1,1500,DOWN,270,false,431381,47
-1.4,1500,RIGHT,270,false,431381,48
1.6,1000,UP,270,false,431381,49
0.7,1500,RIGHT,270,false,431381,50
-1.4,1500,DOWN,270,false,431381,51
-0.7,1500,RIGHT,270,false,431381,52
0,1000,LEFT,270,false,431381,53
1.06666,1000,UP,270,false,431381,54
-1.06666,1000,RIGHT,270,false,431381,55
2.1,1500,LEFT,270,false,431381,56
2.1,1500,DOWN,90,false,431381,57
0,1000,DOWN,90,false,431381,58
0.7,1500,UP,90,false,431381,59
1.6,1000,RIGHT,90,false,431381,60
-1.6,1000,UP,90,false,431381,61
-3.54,1500,LEFT,90,false,431381,62
1.6,1000,UP,90,false,431381,63
-3.54,1500,RIGHT,90,false,431381,64
0,1500,RIGHT,90,false,431381,65
3.2,1000,UP,90,false,431381,66
-1.6,1000,DOWN,90,false,431381,67
0.7,1500,LEFT,90,false,431381,68
1.4,1500,UP,90,false,431381,69
0,1000,DOWN,90,false,431381,70
1.4,1500,DOWN,90,false,431381,71
-3.54,1500,UP,90,false,431381,72
0,1500,LEFT,90,false,431381,73
-1.4,1500,RIGHT,90,false,431381,74
-1.6,1000,RIGHT,90,false,431381,75
0,1500,LEFT,90,false,431381,76
-0.7,1500,LEFT,90,false,431381,77
4.8,1000,UP,90,false,431381,78
1.4,1500,UP,90,false,431381,79
-2.1,1500,RIGHT,90,false,431381,80
-2.1,1500,UP,90,false,431381,81
-0.7,1500,RIGHT,90,false,431381,82
0.7,1500,LEFT,90,false,431381,83
1.06666,1000,RIGHT,90,false,431381,84
3.54,1500,RIGHT,270,false,431381,85
4.8,1000,RIGHT,270,false,431381,86
-3.2,1000,RIGHT,270,false,431381,87
0.7,1500,UP,270,false,431381,88
-0.7,1500,DOWN,270,false,431381,89
-1.06666,1000,DOWN,270,false,431381,90
-0.7,1500,LEFT,270,false,431381,91
-0.7,1500,UP,270,false,431381,92
0,1000,DOWN,270,false,431381,93
0.7,1500,RIGHT,270,false,431381,94
0.7,1500,DOWN,270,false,431381,95
3.54,1500,DOWN,270,false,431381,96
1.6,1000,DOWN,270,false,431381,97
-3.54,1500,UP,270,false,431381,98
-0.7,1500,LEFT,270,false,431381,99
3.54,1500,LEFT,270,false,431381,100
1.4,1500,UP,270,false,431381,101
-1.4,1500,DOWN,270,false,431381,102
0,1500,RIGHT,270,false,431381,103
1.4,1500,LEFT,270,false,431381,104
4.8,1000,UP,270,false,431381,105
-1.4,1500,RIGHT,270,false,431381,106
0.7,1500,DOWN,270,false,431381,107
3.54,1500,UP,270,false,431381,108
-3.2,1000,UP,270,false,431381,109
-1.06666,1000,LEFT,270,false,431381,110
3.2,1000,LEFT,270,false,431381,111
-1.6,1000,RIGHT,270,false,431381,112
2.1,1500,UP,90,false,431381,113
0,1500,DOWN,90,false,431381,114
-1.06666,1000,LEFT,90,false,431381,115
0,1000,LEFT,90,false,431381,116
-0.7,1500,UP,90,false,431381,117
0,1500,UP,90,false,431381,118
-1.4,1500,UP,90,false,431381,119
3.54,1500,DOWN,90,false,431381,120
4.8,1000,LEFT,90,false,431381,121
-0.7,1500,DOWN,90,false,431381,122
0.7,1500,LEFT,90,false,431381,123
4.8,1000,DOWN,90,false,431381,124
3.54,1500,LEFT,90,false,431381,125
0.7,1500,RIGHT,90,false,431381,126
-0.7,1500,RIGHT,90,false,431381,127
-1.06666,1000,UP,90,false,431381,128
-4.8,1000,RIGHT,90,false,431381,129
0.7,1500,UP,90,false,431381,130
0,1500,RIGHT,90,false,431381,131
1.6,1000,DOWN,90,false,431381,132
-3.2,1000,LEFT,90,false,431381,133
-1.6,1000,LEFT,90,false,431381,134
-0.7,1500,RIGHT,90,false,431381,135
-1.4,1500,DOWN,90,false,431381,136
-1.4,1500,DOWN,90,false,431381,137
-1.06666,1000,RIGHT,90,false,431381,138
4.8,1000,RIGHT,90,false,431381,139
-1.6,1000,RIGHT,90,false,431381,140
-2.1,1500,LEFT,270,false,431381,141
-1.6,1000,UP,270,false,431381,142
0,1500,UP,270,false,431381,143
-0.7,1500,UP,270,false,431381,144
1.4,1500,DOWN,270,false,431381,145
0,1500,LEFT,270,false,431381,146
0.7,1500,LEFT,270,false,431381,147
-4.8,1000,DOWN,270,false,431381,148
0,1000,RIGHT,270,false,431381,149
-2.1,1500,UP,270,false,431381,150
1.06666,1000,DOWN,270,false,431381,151
-1.6,1000,LEFT,270,false,431381,152
4.8,1000,LEFT,270,false,431381,153
1.4,1500,RIGHT,270,false,431381,154
-4.8,1000,LEFT,270,false,431381,155
-0.7,1500,RIGHT,270,false,431381,156
4.8,1000,DOWN,270,false,431381,157
0.7,1500,UP,270,false,431381,158
1.06666,1000,LEFT,270,false,431381,159
-1.6,1000,LEFT,270,false,431381,160
1.6,1000,RIGHT,270,false,431381,161
1.4,1500,UP,270,false,431381,162
-3.2,1000,LEFT,270,false,431381,163
-0.7,1500,DOWN,270,false,431381,164
-0.7,1500,RIGHT,270,false,431381,165
1.6,1000,RIGHT,270,false,431381,166
-1.6,1000,DOWN,270,false,431381,167
0,1500,LEFT,270,false,431381,168
-3.2,1000,DOWN,90,false,431381,169
-2.1,1500,LEFT,90,false,431381,170
0,1500,UP,90,false,431381,171
0,1500,DOWN,90,false,431381,172
-1.4,1500,RIGHT,90,false,431381,173
1.6,1000,UP,90,false,431381,174
-0.7,1500,DOWN,90,false,431381,175
1.4,1500,LEFT,90,false,431381,176
-2.1,1500,DOWN,90,false,431381,177
-0.7,1500,UP,90,false,431381,178
2.1,1500,RIGHT,90,false,431381,179
1.4,1500,LEFT,90,false,431381,180
3.2,1000,LEFT,90,false,431381,181
-1.4,1500,LEFT,90,false,431381,182
-3.2,1000,RIGHT,90,false,431381,183
-4.8,1000,DOWN,90,false,431381,184
3.2,1000,DOWN,90,false,431381,185
0.7,1500,RIGHT,90,false,431381,186
-1.4,1500,UP,90,false,431381,187
0.7,1500,UP,90,false,431381,188
0,1000,UP,90,false,431381,189
1.4,1500,DOWN,90,false,431381,190
1.4,1500,RIGHT,90,false,431381,191
3.54,1500,RIGHT,90,false,431381,192
1.6,1000,DOWN,90,false,431381,193
0.7,1500,DOWN,90,false,431381,194
3.2,1000,RIGHT,90,false,431381,195
0.7,1500,DOWN,90,false,431381,196
0,1000,RIGHT,270,false,431381,197
-3.54,1500,RIGHT,270,false,431381,198
1.4,1500,DOWN,270,false,431381,199
0,1000,DOWN,270,false,431381,200
0.7,1500,DOWN,270,false,431381,201
-3.54,1500,LEFT,270,false,431381,202
0.7,1500,UP,270,false,431381,203
-1.6,1000,RIGHT,270,false,431381,204
-4.8,1000,UP,270,false,431381,205
-1.4,1500,UP,270,false,431381,206
0.7,1500,LEFT,270,false,431381,207
-4.8,1000,RIGHT,270,false,431381,208
0.7,1500,LEFT,270,false,431381,209
-1.4,1500,LEFT,270,false,431381,210
-1.4,1500,UP,270,false,431381,211
1.4,1500,LEFT,270,false,431381,212
0,1000,LEFT,270,false,431381,213
2.1,1500,UP,270,false,431381,214
-3.54,1500,DOWN,270,false,431381,215
1.6,1000,LEFT,270,false,431381,216
-1.6,1000,UP,270,false,431381,217
-0.7,1500,UP,270,false,431381,218
3.2,1000,DOWN,270,false,431381,219
-0.7,1500,DOWN,270,false,431381,220
3.2,1000,UP,270,false,431381,221
1.4,1500,RIGHT,270,false,431381,222
0,1500,DOWN,270,false,431381,223
0,1000,UP,270,false,431381,224
2.1,1500,UP,0,true,431442,1
-2.1,1500,LEFT,0,true,431442,2
2.1,1500,DOWN,0,true,431442,3
3.2,1000,LEFT,0,true,431442,4
2.1,1500,RIGHT,0,true,431442,5
-3.2,1000,LEFT,0,true,431442,6
2.1,1500,LEFT,0,true,431442,7
-3.2,1000,UP,0,true,431442,8
3.2,1000,UP,0,true,431442,9
3.2,1000,RIGHT,0,true,431442,10
-2.1,1500,UP,0,true,431442,11
3.2,1000,DOWN,0,true,431442,12
-2.1,1500,DOWN,0,true,431442,13
-3.2,1000,DOWN,0,true,431442,14
-3.2,1000,RIGHT,0,true,431442,15
-2.1,1500,RIGHT,0,true,431442,16
0.7,1500,DOWN,270,false,431442,1
-1.6,1000,LEFT,270,false,431442,2
-0.7,1500,UP,270,false,431442,3
1.6,1000,UP,270,false,431442,4
0.7,1500,RIGHT,270,false,431442,5
-1.4,1500,DOWN,270,false,431442,6
2.1,1500,UP,270,false,431442,7
0.7,1500,UP,270,false,431442,8
4.8,1000,UP,270,false,431442,9
3.54,1500,RIGHT,270,false,431442,10
-0.7,1500,RIGHT,270,false,431442,11
-2.1,1500,LEFT,270,false,431442,12
3.2,1000,RIGHT,270,false,431442,13
0,1500,LEFT,270,false,431442,14
1.06666,1000,DOWN,270,false,431442,15
-3.2,1000,DOWN,270,false,431442,16
-3.54,1500,RIGHT,270,false,431442,17
-1.6,1000,RIGHT,270,false,431442,18
3.54,1500,UP,270,false,431442,19
-3.2,1000,UP,270,false,431442,20
1.6,1000,LEFT,270,false,431442,21
-1.6,1000,RIGHT,270,false,431442,22
0,1500,UP,270,false,431442,23
0,1500,RIGHT,270,false,431442,24
1.6,1000,LEFT,270,false,431442,25
0,1500,DOWN,270,false,431442,26
1.4,1500,DOWN,270,false,431442,27
0,1500,LEFT,270,false,431442,28
-1.6,1000,UP,90,false,431442,29
-0.7,1500,DOWN,90,false,431442,30
-3.2,1000,UP,90,false,431442,31
-1.6,1000,LEFT,90,false,431442,32
0.7,1500,DOWN,90,false,431442,33
0.7,1500,UP,90,false,431442,34
1.6,1000,DOWN,90,false,431442,35
-0.7,1500,UP,90,false,431442,36
2.1,1500,DOWN,90,false,431442,37
-2.1,1500,RIGHT,90,false,431442,38
1.4,1500,RIGHT,90,false,431442,39
-2.1,1500,LEFT,90,false,431442,40
-1.6,1000,RIGHT,90,false,431442,41
1.06666,1000,UP,90,false,431442,42
0,1000,RIGHT,90,false,431442,43
0.7,1500,LEFT,90,false,431442,44
-4.8,1000,DOWN,90,false,431442,45
1.6,1000,UP,90,false,431442,46
0,1000,UP,90,false,431442,47
0,1000,LEFT,90,false,431442,48
0.7,1500,UP,90,false,431442,49
0.7,1500,LEFT,90,false,431442,50
4.8,1000,RIGHT,90,false,431442,51
1.4,1500,UP,90,false,431442,52
-1.06666,1000,LEFT,90,false,431442,53
1.4,1500,UP,90,false,431442,54
-3.54,1500,RIGHT,90,false,431442,55
1.4,1500,DOWN,90,false,431442,56
1.6,1000,RIGHT,270,false,431442,57
-1.6,1000,UP,270,false,431442,58
-3.54,1500,DOWN,270,false,431442,59
4.8,1000,LEFT,270,false,431442,60
1.4,1500,RIGHT,270,false,431442,61
0.7,1500,UP,270,false,431442,62
-0.7,1500,LEFT,270,false,431442,63
0,1000,RIGHT,270,false,431442,64
2.1,1500,DOWN,270,false,431442,65
0.7,1500,RIGHT,270,false,431442,66
0.7,1500,RIGHT,270,false,431442,67
1.06666,1000,LEFT,270,false,431442,68
-4.8,1000,RIGHT,270,false,431442,69
0.7,1500,DOWN,270,false,431442,70
-1.06666,1000,DOWN,270,false,431442,71
0,1000,DOWN,270,false,431442,72
-0.7,1500,DOWN,270,false,431442,73
0,1000,RIGHT,270,false,431442,74
-1.4,1500,RIGHT,270,false,431442,75
4.8,1000,RIGHT,270,false,431442,76
-1.4,1500,RIGHT,270,false,431442,77
2.1,1500,LEFT,270,false,431442,78
-0.7,1500,LEFT,270,false,431442,79
-0.7,1500,LEFT,270,false,431442,80
1.06666,1000,RIGHT,270,false,431442,81
0,1500,RIGHT,270,false,431442,82
0.7,1500,LEFT,270,false,431442,83
1.4,1500,RIGHT,270,false,431442,84
1.6,1000,RIGHT,90,false,431442,85
-3.2,1000,RIGHT,90,false,431442,86
0,1500,RIGHT,90,false,431442,87
-1.4,1500,UP,90,false,431442,88
0,1500,LEFT,90,false,431442,89
1.6,1000,RIGHT,90,false,431442,90
2.1,1500,UP,90,false,431442,91
3.2,1000,LEFT,90,false,431442,92
-1.4,1500,RIGHT,90,false,431442,93
-3.54,1500,DOWN,90,false,431442,94
-0.7,1500,UP,90,false,431442,95
-1.6,1000,DOWN,90,false,431442,96
-3.54,1500,UP,90,false,431442,97
0.7,1500,LEFT,90,false,431442,98
3.2,1000,UP,90,false,431442,99
0,1500,UP,90,false,431442,100
3.54,1500,DOWN,90,false,431442,101
0.7,1500,UP,90,false,431442,102
-2.1,1500,UP,90,false,431442,103
1.6,1000,LEFT,90,false,431442,104
-1.4,1500,DOWN,90,false,431442,105
-1.4,1500,RIGHT,90,false,431442,106
0.7,1500,RIGHT,90,false,431442,107
1.4,1500,RIGHT,90,false,431442,108
0,1500,LEFT,90,false,431442,109
1.6,1000,LEFT,90,false,431442,110
0.7,1500,DOWN,90,false,431442,111
0,1000,DOWN,90,false,431442,112
-1.6,1000,DOWN,270,false,431442,113
-1.6,1000,DOWN,270,false,431442,114
-0.7,1500,UP,270,false,431442,115
3.2,1000,DOWN,270,false,431442,116
0,1000,UP,270,false,431442,117
1.4,1500,UP,270,false,431442,118
-0.7,1500,UP,270,false,431442,119
0.7,1500,UP,270,false,431442,120
-1.4,1500,UP,270,false,431442,121
1.06666,1000,UP,270,false,431442,122
-1.4,1500,LEFT,270,false,431442,123
0,1500,UP,270,false,431442,124
3.54,1500,DOWN,270,false,431442,125
-1.6,1000,LEFT,270,false,431442,126
1.6,1000,RIGHT,270,false,431442,127
1.4,1500,DOWN,270,false,431442,128
4.8,1000,DOWN,270,false,431442,129
0.7,1500,DOWN,270,false,431442,130
-3.54,1500,UP,270,false,431442,131
3.2,1000,LEFT,270,false,431442,132
0.7,1500,LEFT,270,false,431442,133
-3.2,1000,RIGHT,270,false,431442,134
3.54,1500,LEFT,270,false,431442,135
1.6,1000,DOWN,270,false,431442,136
-2.1,1500,RIGHT,270,false,431442,137
1.6,1000,UP,270,false,431442,138
-0.7,1500,RIGHT,270,false,431442,139
1.4,1500,UP,270,false,431442,140
-0.7,1500,DOWN,90,false,431442,141
-1.06666,1000,UP,90,false,431442,142
0,1000,LEFT,90,false,431442,143
-1.06666,1000,RIGHT,90,false,431442,144
-1.4,1500,UP,90,false,431442,145
-3.2,1000,DOWN,90,false,431442,146
0.7,1500,DOWN,90,false,431442,147
0,1500,DOWN,90,false,431442,148
1.6,1000,DOWN,90,false,431442,149
3.54,1500,LEFT,90,false,431442,150
-1.4,1500,LEFT,90,false,431442,151
1.06666,1000,DOWN,90,false,431442,152
4.8,1000,UP,90,false,431442,153
-4.8,1000,RIGHT,90,false,431442,154
-0.7,1500,UP,90,false,431442,155
-0.7,1500,RIGHT,90,false,431442,156
-0.7,1500,DOWN,90,false,431442,157
1.06666,1000,LEFT,90,false,431442,158
3.54,1500,RIGHT,90,false,431442,159
-1.4,1500,DOWN,90,false,431442,160
0.7,1500,RIGHT,90,false,431442,161
1.4,1500,DOWN,90,false,431442,162
1.6,1000,UP,90,false,431442,163
2.1,1500,LEFT,90,false,431442,164
-3.2,1000,LEFT,90,false,431442,165
-0.7,1500,LEFT,90,false,431442,166
3.2,1000,DOWN,90,false,431442,167
-1.4,1500,LEFT,90,false,431442,168
-2.1,1500,UP,270,false,431442,169
0,1000,UP,270,false,431442,170
-0.7,1500,RIGHT,270,false,431442,171
-0.7,1500,DOWN,270,false,431442,172
0,1000,DOWN,270,false,431442,173
1.4,1500,LEFT,270,false,431442,174
-1.06666,1000,UP,270,false,431442,175
-3.2,1000,LEFT,270,false,431442,176
-1.06666,1000,LEFT,270,false,431442,177
3.2,1000,UP,270,false,431442,178
0,1500,DOWN,270,false,431442,179
-4.8,1000,LEFT,270,false,431442,180
0,1000,LEFT,270,false,431442,181
1.4,1500,LEFT,270,false,431442,182
-3.54,1500,LEFT,270,false,431442,183
-4.8,1000,UP,270,false,431442,184
-0.7,1500,DOWN,270,false,431442,185
-1.6,1000,UP,270,false,431442,186
-1.4,1500,LEFT,270,false,431442,187
-1.4,1500,UP,270,false,431442,188
-4.8,1000,DOWN,270,false,431442,189
2.1,1500,RIGHT,270,false,431442,190
-2.1,1500,DOWN,270,false,431442,191
-1.4,1500,DOWN,270,false,431442,192
1.6,1000,DOWN,270,false,431442,193
0.7,1500,LEFT,270,false,431442,194
0,1000,LEFT,270,false,431442,195
-1.06666,1000,RIGHT,270,false,431442,196
-0.7,1500,LEFT,90,false,431442,197
-1.6,1000,UP,90,false,431442,198
-0.7,1500,RIGHT,90,false,431442,199
3.54,1500,UP,90,false,431442,200
0,1000,DOWN,90,false,431442,201
-1.6,1000,LEFT,90,false,431442,202
-0.7,1500,LEFT,90,false,431442,203
2.1,1500,RIGHT,90,false,431442,204
0,1500,RIGHT,90,false,431442,205
-0.7,1500,RIGHT,90,false,431442,206
1.06666,1000,RIGHT,90,false,431442,207
4.8,1000,DOWN,90,false,431442,208
-1.6,1000,RIGHT,90,false,431442,209
-2.1,1500,DOWN,90,false,431442,210
-4.8,1000,UP,90,false,431442,211
-1.06666,1000,DOWN,90,false,431442,212
1.4,1500,LEFT,90,false,431442,213
4.8,1000,LEFT,90,false,431442,214
1.4,1500,LEFT,90,false,431442,215
3.2,1000,RIGHT,90,false,431442,216
0,1000,UP,90,false,431442,217
0.7,1500,RIGHT,90,false,431442,218
0,1500,DOWN,90,false,431442,219
-1.6,1000,DOWN,90,false,431442,220
-4.8,1000,LEFT,90,false,431442,221
0,1500,UP,90,false,431442,222
0,1000,RIGHT,90,false,431442,223
-3.54,1500,LEFT,90,false,431442,224
3.2,1000,DOWN,0,true,431458,1
-3.2,1000,UP,0,true,431458,2
-3.2,1000,RIGHT,0,true,431458,3
-2.1,1500,RIGHT,0,true,431458,4
3.2,1000,LEFT,0,true,431458,5
3.2,1000,RIGHT,0,true,431458,6
2.1,1500,LEFT,0,true,431458,7
2.1,1500,RIGHT,0,true,431458,8
2.1,1500,UP,0,true,431458,9
-3.2,1000,LEFT,0,true,431458,10
-2.1,1500,LEFT,0,true,431458,11
-2.1,1500,UP,0,true,431458,12
2.1,1500,DOWN,0,true,431458,13
3.2,1000,UP,0,true,431458,14
-2.1,1500,DOWN,0,true,431458,15
-3.2,1000,DOWN,0,true,431458,16
0.7,1500,UP,270,false,431458,1
-0.7,1500,DOWN,270,false,431458,2
4.8,1000,RIGHT,270,false,431458,3
-1.4,1500,UP,270,false,431458,4
0.7,1500,LEFT,270,false,431458,5
0.7,1500,UP,270,false,431458,6
1.6,1000,RIGHT,270,false,431458,7
-1.4,1500,DOWN,270,false,431458,8
-3.54,1500,DOWN,270,false,431458,9
3.2,1000,RIGHT,270,false,431458,10
0.7,1500,RIGHT,270,false,431458,11
1.4,1500,RIGHT,270,false,431458,12
3.2,1000,DOWN,270,false,431458,13
-3.54,1500,UP,270,false,431458,14
0,1500,RIGHT,270,false,431458,15
0,1500,RIGHT,270,false,431458,16
-1.4,1500,UP,270,false,431458,17
3.54,1500,RIGHT,270,false,431458,18
-4.8,1000,UP,270,false,431458,19
0,1500,LEFT,270,false,431458,20
1.06666,1000,DOWN,270,false,431458,21
-1.06666,1000,UP,270,false,431458,22
-1.6,1000,DOWN,270,false,431458,23
-0.7,1500,DOWN,270,false,431458,24
-1.06666,1000,RIGHT,270,false,431458,25
-2.1,1500,RIGHT,270,false,431458,26
-2.1,1500,DOWN,270,false,431458,27
-1.4,1500,DOWN,270,false,431458,28
4.8,1000,DOWN,90,false,431458,29
-0.7,1500,UP,90,false,431458,30
-0.7,1500,DOWN,90,false,431458,31
1.06666,1000,UP,90,false,431458,32
-3.2,1000,LEFT,90,false,431458,33
1.4,1500,DOWN,90,false,431458,34
0,1500,LEFT,90,false,431458,35
-1.6,1000,LEFT,90,false,431458,36
-1.4,1500,RIGHT,90,false,431458,37
-1.06666,1000,LEFT,90,false,431458,38
0,1000,DOWN,90,false,431458,39
-2.1,1500,RIGHT,90,false,431458,40
1.4,1500,DOWN,90,false,431458,41
1.6,1000,LEFT,90,false,431458,42
-3.2,1000,UP,90,false,431458,43
2.1,1500,DOWN,90,false,431458,44
1.4,1500,UP,90,false,431458,45
-3.54,1500,UP,90,false,431458,46
-3.2,1000,DOWN,90,false,431458,47
0,1000,RIGHT,90,false,431458,48
1.06666,1000,RIGHT,90,false,431458,49
-1.06666,1000,RIGHT,90,false,431458,50
3.2,1000,DOWN,90,false,431458,51
2.1,1500,LEFT,90,false,431458,52
-0.7,1500,LEFT,90,false,431458,53
1.6,1000,RIGHT,90,false,431458,54
-1.6,1000,RIGHT,90,false,431458,55
-0.7,1500,RIGHT,90,false,431458,56
-3.54,1500,LEFT,270,false,431458,57
-1.6,1000,DOWN,270,false,431458,58
3.54,1500,DOWN,270,false,431458,59
1.4,1500,UP,270,false,431458,60
-0.7,1500,UP,270,false,431458,61
1.6,1000,DOWN,270,false,431458,62
0,1500,UP,270,false,431458,63
-1.4,1500,RIGHT,270,false,431458,64
0,1000,UP,270,false,431458,65
0.7,1500,DOWN,270,false,431458,66
-0.7,1500,LEFT,270,false,431458,67
-0.7,1500,DOWN,270,false,431458,68
0,1000,LEFT,270,false,431458,69
1.06666,1000,RIGHT,270,false,431458,70
-1.4,1500,LEFT,270,false,431458,71
1.4,1500,RIGHT,270,false,431458,72
2.1,1500,RIGHT,270,false,431458,73
-1.6,1000,LEFT,270,false,431458,74
-0.7,1500,UP,270,false,431458,75
1.06666,1000,LEFT,270,false,431458,76
-0.7,1500,UP,270,false,431458,77
3.54,1500,UP,270,false,431458,78
-4.8,1000,LEFT,270,false,431458,79
2.1,1500,DOWN,270,false,431458,80
0.7,1500,DOWN,270,false,431458,81
-1.6,1000,UP,270,false,431458,82
-0.7,1500,RIGHT,270,false,431458,83
-3.2,1000,UP,270,false,431458,84
-0.7,1500,RIGHT,90,false,431458,85
-1.4,1500,DOWN,90,false,431458,86
-1.4,1500,RIGHT,90,false,431458,87
1.6,1000,RIGHT,90,false,431458,88
4.8,1000,RIGHT,90,false,431458,89
-1.4,1500,UP,90,false,431458,90
0.7,1500,LEFT,90,false,431458,91
1.4,1500,LEFT,90,false,431458,92
-2.1,1500,DOWN,90,false,431458,93
0,1000,RIGHT,90,false,431458,94
3.2,1000,UP,90,false,431458,95
1.6,1000,LEFT,90,false,431458,96
0.7,1500,LEFT,90,false,431458,97
-1.6,1000,DOWN,90,false,431458,98
1.06666,1000,LEFT,90,false,431458,99
-1.4,1500,LEFT,90,false,431458,100
-0.7,1500,UP,90,false,431458,101
0,1500,LEFT,90,false,431458,102
0.7,1500,DOWN,90,false,431458,103
0,1500,RIGHT,90,false,431458,104
0,1000,LEFT,90,false,431458,105
3.54,1500,LEFT,90,false,431458,106
3.54,1500,UP,90,false,431458,107
-4.8,1000,RIGHT,90,false,431458,108
1.6,1000,DOWN,90,false,431458,109
1.6,1000,UP,90,false,431458,110
-4.8,1000,DOWN,90,false,431458,111
0,1500,DOWN,90,false,431458,112
-4.8,1000,DOWN,270,false,431458,113
2.1,1500,UP,270,false,431458,114
4.8,1000,UP,270,false,431458,115
4.8,1000,DOWN,270,false,431458,116
-4.8,1000,RIGHT,270,false,431458,117
-1.4,1500,LEFT,270,false,431458,118
0,1500,UP,270,false,431458,119
1.4,1500,LEFT,270,false,431458,120
-3.2,1000,RIGHT,270,false,431458,121
2.1,1500,LEFT,270,false,431458,122
4.8,1000,LEFT,270,false,431458,123
1.4,1500,DOWN,270,false,431458,124
1.4,1500,LEFT,270,false,431458,125
0,1000,RIGHT,270,false,431458,126
1.6,1000,RIGHT,270,false,431458,127
-1.06666,1000,LEFT,270,false,431458,128
-1.6,1000,LEFT,270,false,431458,129
0,1500,DOWN,270,false,431458,130
0,1000,DOWN,270,false,431458,131
0.7,1500,RIGHT,270,false,431458,132
-0.7,1500,RIGHT,270,false,431458,133
0.7,1500,LEFT,270,false,431458,134
-0.7,1500,LEFT,270,false,431458,135
1.6,1000,UP,270,false,431458,136
3.2,1000,UP,270,false,431458,137
-3.2,1000,DOWN,270,false,431458,138
0,1500,LEFT,270,false,431458,139
-1.6,1000,RIGHT,270,false,431458,140
0.7,1500,UP,90,false,431458,141
1.4,1500,RIGHT,90,false,431458,142
-2.1,1500,LEFT,90,false,431458,143
-1.4,1500,LEFT,90,false,431458,144
1.4,1500,UP,90,false,431458,145
3.2,1000,RIGHT,90,false,431458,146
-0.7,1500,UP,90,false,431458,147
0,1000,UP,90,false,431458,148
-3.54,1500,RIGHT,90,false,431458,149
1.6,1000,DOWN,90,false,431458,150
0.7,1500,UP,90,false,431458,151
3.54,1500,RIGHT,90,false,431458,152
1.4,1500,RIGHT,90,false,431458,153
-1.06666,1000,UP,90,false,431458,154
0,1500,UP,90,false,431458,155
3.2,1000,LEFT,90,false,431458,156
1.4,1500,LEFT,90,false,431458,157
0.7,1500,DOWN,90,false,431458,158
4.8,1000,UP,90,false,431458,159
0.7,1500,LEFT,90,false,431458,160
-2.1,1500,UP,90,false,431458,161
0,1500,UP,90,false,431458,162
-3.54,1500,DOWN,90,false,431458,163
-0.7,1500,RIGHT,90,false,431458,164
0,1000,LEFT,90,false,431458,165
3.54,1500,DOWN,90,false,431458,166
0.7,1500,RIGHT,90,false,431458,167
2.1,1500,UP,90,false,431458,168
0.7,1500,RIGHT,270,false,431458,169
1.6,1000,DOWN,270,false,431458,170
1.6,1000,LEFT,270,false,431458,171
0,1000,RIGHT,270,false,431458,172
3.54,1500,LEFT,270,false,431458,173
1.6,1000,UP,270,false,431458,174
1.4,1500,UP,270,false,431458,175
1.4,1500,DOWN,270,false,431458,176
-3.2,1000,LEFT,270,false,431458,177
0,1000,UP,270,false,431458,178
0.7,1500,UP,270,false,431458,179
-1.6,1000,RIGHT,270,false,431458,180
0.7,1500,LEFT,270,false,431458,181
-1.06666,1000,DOWN,270,false,431458,182
0,1000,DOWN,270,false,431458,183
1.6,1000,LEFT,270,false,431458,184
-2.1,1500,UP,270,false,431458,185
0,1500,DOWN,270,false,431458,186
0,1000,LEFT,270,false,431458,187
-0.7,1500,RIGHT,270,false,431458,188
-3.54,1500,RIGHT,270,false,431458,189
-0.7,1500,LEFT,270,false,431458,190
-1.6,1000,UP,270,false,431458,191
-1.4,1500,RIGHT,270,false,431458,192
-2.1,1500,LEFT,270,false,431458,193
1.06666,1000,UP,270,false,431458,194
0.7,1500,DOWN,270,false,431458,195
3.2,1000,LEFT,270,false,431458,196
0.7,1500,RIGHT,90,false,431458,197
-1.4,1500,DOWN,90,false,431458,198
-1.6,1000,LEFT,90,false,431458,199
-4.8,1000,UP,90,false,431458,200
-3.2,1000,RIGHT,90,false,431458,201
-3.54,1500,LEFT,90,false,431458,202
-1.4,1500,UP,90,false,431458,203
1.6,1000,UP,90,false,431458,204
-1.06666,1000,DOWN,90,false,431458,205
0.7,1500,DOWN,90,false,431458,206
0,1500,DOWN,90,false,431458,207
-0.7,1500,DOWN,90,false,431458,208
0.7,1500,UP,90,false,431458,209
0,1000,DOWN,90,false,431458,210
2.1,1500,RIGHT,90,false,431458,211
-1.6,1000,DOWN,90,false,431458,212
-1.6,1000,UP,90,false,431458,213
4.8,1000,LEFT,90,false,431458,214
0,1500,RIGHT,90,false,431458,215
-1.6,1000,RIGHT,90,false,431458,216
-0.7,1500,DOWN,90,false,431458,217
0,1000,UP,90,false,431458,218
-0.7,1500,LEFT,90,false,431458,219
-0.7,1500,LEFT,90,false,431458,220
-4.8,1000,LEFT,90,false,431458,221
0.7,1500,RIGHT,90,false,431458,222
1.06666,1000,DOWN,90,false,431458,223
-1.6,1000,UP,90,false,431458,224
3.2,1000,RIGHT,0,true,431464,1
2.1,1500,RIGHT,0,true,431464,2
3.2,1000,UP,0,true,431464,3
-3.2,1000,UP,0,true,431464,4
-2.1,1500,DOWN,0,true,431464,5
3.2,1000,DOWN,0,true,431464,6
-2.1,1500,UP,0,true,431464,7
2.1,1500,DOWN,0,true,431464,8
-3.2,1000,LEFT,0,true,431464,9
-3.2,1000,DOWN,0,true,431464,10
-2.1,1500,RIGHT,0,true,431464,11
-2.1,1500,LEFT,0,true,431464,12
2.1,1500,LEFT,0,true,431464,13
3.2,1000,LEFT,0,true,431464,14
-3.2,1000,RIGHT,0,true,431464,15
2.1,1500,UP,0,true,431464,16
1.06666,1000,DOWN,270,false,431464,1
-4.8,1000,UP,270,false,431464,2
0.7,1500,RIGHT,270,false,431464,3
-1.06666,1000,LEFT,270,false,431464,4
3.2,1000,UP,270,false,431464,5
-2.1,1500,UP,270,false,431464,6
-3.54,1500,RIGHT,270,false,431464,7
1.4,1500,DOWN,270,false,431464,8
0.7,1500,LEFT,270,false,431464,9
-0.7,1500,UP,270,false,431464,10
2.1,1500,RIGHT,270,false,431464,11
0,1500,LEFT,270,false,431464,12
-2.1,1500,RIGHT,270,false,431464,13
-1.6,1000,RIGHT,270,false,431464,14
-2.1,1500,LEFT,270,false,431464,15
0,1500,UP,270,false,431464,16
1.06666,1000,RIGHT,270,false,431464,17
-0.7,1500,RIGHT,270,false,431464,18
1.6,1000,DOWN,270,false,431464,19
-0.7,1500,DOWN,270,false,431464,20
0,1500,LEFT,270,false,431464,21
-1.6,1000,LEFT,270,false,431464,22
0.7,1500,UP,270,false,431464,23
0,1000,RIGHT,270,false,431464,24
-0.7,1500,DOWN,270,false,431464,25
0,1000,DOWN,270,false,431464,26
0.7,1500,DOWN,270,false,431464,27
0,1500,RIGHT,270,false,431464,28
1.6,1000,UP,90,false,431464,29
0,1000,DOWN,90,false,431464,30
-0.7,1500,RIGHT,90,false,431464,31
0.7,1500,RIGHT,90,false,431464,32
-3.54,1500,UP,90,false,431464,33
-1.06666,1000,UP,90,false,431464,34
0.7,1500,LEFT,90,false,431464,35
0,1000,DOWN,90,false,431464,36
0,1000,RIGHT,90,false,431464,37
2.1,1500,UP,90,false,431464,38
3.2,1000,RIGHT,90,false,431464,39
1.4,1500,DOWN,90,false,431464,40
1.4,1500,UP,90,false,431464,41
1.6,1000,UP,90,false,431464,42
0.7,1500,RIGHT,90,false,431464,43
-1.4,1500,LEFT,90,false,431464,44
1.6,1000,RIGHT,90,false,431464,45
-4.8,1000,RIGHT,90,false,431464,46
-4.8,1000,LEFT,90,false,431464,47
-4.8,1000,UP,90,false,431464,48
0.7,1500,DOWN,90,false,431464,49
2.1,1500,DOWN,90,false,431464,50
-1.4,1500,UP,90,false,431464,51
-1.4,1500,DOWN,90,false,431464,52
-3.2,1000,RIGHT,90,false,431464,53
-1.6,1000,RIGHT,90,false,431464,54
2.1,1500,LEFT,90,false,431464,55
-1.4,1500,LEFT,90,false,431464,56
3.54,1500,UP,270,false,431464,57
-1.4,1500,RIGHT,270,false,431464,58
-1.4,1500,LEFT,270,false,431464,59
-0.7,1500,LEFT,270,false,431464,60
0.7,1500,UP,270,false,431464,61
-1.4,1500,RIGHT,270,false,431464,62
0.7,1500,DOWN,270,false,431464,63
-0.7,1500,LEFT,270,false,431464,64
2.1,1500,UP,270,false,431464,65
-1.4,1500,DOWN,270,false,431464,66
1.6,1000,LEFT,270,false,431464,67
1.4,1500,UP,270,false,431464,68
-0.7,1500,UP,270,false,431464,69
0,1000,LEFT,270,false,431464,70
1.4,1500,RIGHT,270,false,431464,71
2.1,1500,LEFT,270,false,431464,72
1.6,1000,UP,270,false,431464,73
0,1000,UP,270,false,431464,74
0.7,1500,RIGHT,270,false,431464,75
-3.2,1000,UP,270,false,431464,76
1.6,1000,LEFT,270,false,431464,77
-4.8,1000,RIGHT,270,false,431464,78
-1.6,1000,DOWN,270,false,431464,79
3.54,1500,DOWN,270,false,431464,80
3.2,1000,RIGHT,270,false,431464,81
4.8,1000,LEFT,270,false,431464,82
-1.06666,1000,RIGHT,270,false,431464,83
4.8,1000,RIGHT,270,false,431464,84
0,1500,RIGHT,90,false,431464,85
-2.1,1500,UP,90,false,431464,86
-1.4,1500,RIGHT,90,false,431464,87
0,1000,LEFT,90,false,431464,88
0.7,1500,UP,90,false,431464,89
-1.4,1500,UP,90,false,431464,90
-1.6,1000,LEFT,90,false,431464,91
-2.1,1500,DOWN,90,false,431464,92
-1.06666,1000,RIGHT,90,false,431464,93
-1.06666,1000,LEFT,90,false,431464,94
-1.4,1500,DOWN,90,false,431464,95
0,1000,UP,90,false,431464,96
1.4,1500,RIGHT,90,false,431464,97
0.7,1500,UP,90,false,431464,98
1.6,1000,DOWN,90,false,431464,99
0,1500,RIGHT,90,false,431464,100
-2.1,1500,RIGHT,90,false,431464,101
-1.6,1000,LEFT,90,false,431464,102
0,1500,DOWN,90,false,431464,103
1.6,1000,DOWN,90,false,431464,104
3.2,1000,UP,90,false,431464,105
-1.6,1000,UP,90,false,431464,106
-4.8,1000,DOWN,90,false,431464,107
4.8,1000,LEFT,90,false,431464,108
4.8,1000,UP,90,false,431464,109
-0.7,1500,UP,90,false,431464,110
-0.7,1500,DOWN,90,false,431464,111
1.06666,1000,LEFT,90,false,431464,112
4.8,1000,UP,270,false,431464,113
-3.2,1000,DOWN,270,false,431464,114
0.7,1500,RIGHT,270,false,431464,115
0,1000,LEFT,270,false,431464,116
3.54,1500,LEFT,270,false,431464,117
-1.4,1500,LEFT,270,false,431464,118
-0.7,1500,DOWN,270,false,431464,119
3.2,1000,DOWN,270,false,431464,120
-3.2,1000,LEFT,270,false,431464,121
-1.4,1500,DOWN,270,false,431464,122
0.7,1500,DOWN,270,false,431464,123
0,1500,UP,270,false,431464,124
0.7,1500,UP,270,false,431464,125
1.6,1000,UP,270,false,431464,126
-0.7,1500,UP,270,false,431464,127
-1.6,1000,UP,270,false,431464,128
4.8,1000,DOWN,270,false,431464,129
0,1000,UP,270,false,431464,130
1.4,1500,UP,270,false,431464,131
-4.8,1000,DOWN,270,false,431464,132
1.6,1000,RIGHT,270,false,431464,133
1.6,1000,RIGHT,270,false,431464,134
1.4,1500,DOWN,270,false,431464,135
-0.7,1500,RIGHT,270,false,431464,136
0,1500,DOWN,270,false,431464,137
2.1,1500,DOWN,270,false,431464,138
-3.54,1500,UP,270,false,431464,139
1.6,1000,DOWN,270,false,431464,140
0,1500,UP,90,false,431464,141
1.06666,1000,DOWN,90,false,431464,142
1.4,1500,DOWN,90,false,431464,143
-0.7,1500,LEFT,90,false,431464,144
4.8,1000,RIGHT,90,false,431464,145
1.6,1000,RIGHT,90,false,431464,146
-0.7,1500,LEFT,90,false,431464,147
-0.7,1500,DOWN,90,false,431464,148
1.6,1000,LEFT,90,false,431464,149
1.06666,1000,RIGHT,90,false,431464,150
3.54,1500,UP,90,false,431464,151
0,1500,LEFT,90,false,431464,152
-1.6,1000,DOWN,90,false,431464,153
1.4,1500,LEFT,90,false,431464,154
1.4,1500,LEFT,90,false,431464,155
0.7,1500,DOWN,90,false,431464,156
-0.7,1500,UP,90,false,431464,157
-3.54,1500,RIGHT,90,false,431464,158
-0.7,1500,UP,90,false,431464,159
4.8,1000,DOWN,90,false,431464,160
0,1500,DOWN,90,false,431464,161
0.7,1500,RIGHT,90,false,431464,162
0,1000,UP,90,false,431464,163
-3.54,1500,LEFT,90,false,431464,164
3.54,1500,RIGHT,90,false,431464,165
1.4,1500,RIGHT,90,false,431464,166
-1.6,1000,DOWN,90,false,431464,167
3.2,1000,DOWN,90,false,431464,168
1.06666,1000,LEFT,270,false,431464,169
-0.7,1500,RIGHT,270,false,431464,170
1.4,1500,LEFT,270,false,431464,171
-3.54,1500,DOWN,270,false,431464,172
1.06666,1000,UP,270,false,431464,173
0.7,1500,LEFT,270,false,431464,174
-1.4,1500,UP,270,false,431464,175
0.7,1500,LEFT,270,false,431464,176
0,1500,RIGHT,270,false,431464,177
-1.06666,1000,DOWN,270,false,431464,178
1.4,1500,RIGHT,270,false,431464,179
-4.8,1000,LEFT,270,false,431464,180
1.4,1500,LEFT,270,false,431464,181
-2.1,1500,DOWN,270,false,431464,182
-3.54,1500,LEFT,270,false,431464,183
0,1000,DOWN,270,false,431464,184
-1.6,1000,RIGHT,270,false,431464,185
3.54,1500,RIGHT,270,false,431464,186
3.2,1000,LEFT,270,false,431464,187
-1.6,1000,UP,270,false,431464,188
-1.06666,1000,UP,270,false,431464,189
-1.6,1000,DOWN,270,false,431464,190
-1.6,1000,LEFT,270,false,431464,191
-1.4,1500,UP,270,false,431464,192
0,1500,DOWN,270,false,431464,193
0,1000,RIGHT,270,false,431464,194
-3.2,1000,RIGHT,270,false,431464,195
-0.7,1500,LEFT,270,false,431464,196
-1.6,1000,RIGHT,90,false,431464,197
-3.2,1000,DOWN,90,false,431464,198
0,1500,LEFT,90,false,431464,199
1.06666,1000,UP,90,false,431464,200
-3.54,1500,DOWN,90,false,431464,201
0,1000,LEFT,90,false,431464,202
-1.4,1500,RIGHT,90,false,431464,203
0,1000,RIGHT,90,false,431464,204
-0.7,1500,RIGHT,90,false,431464,205
-0.7,1500,DOWN,90,false,431464,206
3.54,1500,DOWN,90,false,431464,207
-0.7,1500,LEFT,90,false,431464,208
3.2,1000,LEFT,90,false,431464,209
-1.6,1000,UP,90,false,431464,210
2.1,1500,RIGHT,90,false,431464,211
0.7,1500,LEFT,90,false,431464,212
0.7,1500,UP,90,false,431464,213
0.7,1500,LEFT,90,false,431464,214
1.6,1000,LEFT,90,false,431464,215
-3.2,1000,UP,90,false,431464,216
-1.06666,1000,DOWN,90,false,431464,217
0.7,1500,DOWN,90,false,431464,218
-3.2,1000,LEFT,90,false,431464,219
1.4,1500,UP,90,false,431464,220
3.54,1500,LEFT,90,false,431464,221
-0.7,1500,RIGHT,90,false,431464,222
0,1500,UP,90,false,431464,223
-2.1,1500,LEFT,90,false,431464,224
2.1,1500,DOWN,0,true,431446,1
3.2,1000,RIGHT,0,true,431446,2
2.1,1500,RIGHT,0,true,431446,3
2.1,1500,UP,0,true,431446,4
3.2,1000,DOWN,0,true,431446,5
-2.1,1500,UP,0,true,431446,6
-3.2,1000,DOWN,0,true,431446,7
-2.1,1500,DOWN,0,true,431446,8
-2.1,1500,RIGHT,0,true,431446,9
-2.1,1500,LEFT,0,true,431446,10
3.2,1000,UP,0,true,431446,11
-3.2,1000,UP,0,true,431446,12
-3.2,1000,RIGHT,0,true,431446,13
-3.2,1000,LEFT,0,true,431446,14
3.2,1000,LEFT,0,true,431446,15
2.1,1500,LEFT,0,true,431446,16
2.1,1500,RIGHT,270,false,431446,1
-2.1,1500,LEFT,270,false,431446,2
2.1,1500,LEFT,270,false,431446,3
-3.2,1000,RIGHT,270,false,431446,4
0,1000,RIGHT,270,false,431446,5
-1.6,1000,LEFT,270,false,431446,6
3.2,1000,DOWN,270,false,431446,7
0,1500,UP,270,false,431446,8
1.6,1000,RIGHT,270,false,431446,9
-3.2,1000,LEFT,270,false,431446,10
-1.4,1500,LEFT,270,false,431446,11
0.7,1500,UP,270,false,431446,12
0,1000,DOWN,270,false,431446,13
-1.6,1000,DOWN,270,false,431446,14
0,1000,LEFT,270,false,431446,15
-4.8,1000,LEFT,270,false,431446,16
-1.6,1000,UP,270,false,431446,17
0.7,1500,DOWN,270,false,431446,18
-1.4,1500,UP,270,false,431446,19
1.6,1000,UP,270,false,431446,20
0,1000,RIGHT,270,false,431446,21
-2.1,1500,DOWN,270,false,431446,22
-0.7,1500,RIGHT,270,false,431446,23
-3.54,1500,LEFT,270,false,431446,24
0.7,1500,DOWN,270,false,431446,25
1.4,1500,DOWN,270,false,431446,26
-2.1,1500,UP,270,false,431446,27
-3.54,1500,UP,270,false,431446,28
4.8,1000,DOWN,90,false,431446,29
-1.6,1000,LEFT,90,false,431446,30
-1.06666,1000,DOWN,90,false,431446,31
-3.2,1000,UP,90,false,431446,32
0.7,1500,RIGHT,90,false,431446,33
-0.7,1500,UP,90,false,431446,34
4.8,1000,LEFT,90,false,431446,35
-1.6,1000,RIGHT,90,false,431446,36
-1.6,1000,DOWN,90,false,431446,37
0.7,1500,UP,90,false,431446,38
-1.4,1500,RIGHT,90,false,431446,39
1.06666,1000,LEFT,90,false,431446,40
-1.06666,1000,UP,90,false,431446,41
2.1,1500,RIGHT,90,false,431446,42
-1.4,1500,RIGHT,90,false,431446,43
0.7,1500,DOWN,90,false,431446,44
0.7,1500,UP,90,false,431446,45
-1.06666,1000,LEFT,90,false,431446,46
-2.1,1500,LEFT,90,false,431446,47
-4.8,1000,UP,90,false,431446,48
0.7,1500,LEFT,90,false,431446,49
0.7,1500,LEFT,90,false,431446,50
-1.4,1500,DOWN,90,false,431446,51
3.2,1000,LEFT,90,false,431446,52
1.6,1000,RIGHT,90,false,431446,53
-3.2,1000,DOWN,90,false,431446,54
1.6,1000,UP,90,false,431446,55
-1.6,1000,UP,90,false,431446,56
0,1000,DOWN,270,false,431446,57
-1.6,1000,RIGHT,270,false,431446,58
-1.6,1000,DOWN,270,false,431446,59
4.8,1000,UP,270,false,431446,60
1.4,1500,LEFT,270,false,431446,61
-3.2,1000,DOWN,270,false,431446,62
1.06666,1000,DOWN,270,false,431446,63
-1.6,1000,LEFT,270,false,431446,64
3.54,1500,UP,270,false,431446,65
0.7,1500,UP,270,false,431446,66
3.2,1000,RIGHT,270,false,431446,67
1.4,1500,UP,270,false,431446,68
1.06666,1000,UP,270,false,431446,69
0,1500,DOWN,270,false,431446,70
1.6,1000,LEFT,270,false,431446,71
3.54,1500,RIGHT,270,false,431446,72
0.7,1500,RIGHT,270,false,431446,73
-1.4,1500,RIGHT,270,false,431446,74
-1.06666,1000,UP,270,false,431446,75
4.8,1000,RIGHT,270,false,431446,76
1.06666,1000,RIGHT,270,false,431446,77
3.2,1000,UP,270,false,431446,78
-0.7,1500,RIGHT,270,false,431446,79
-3.54,1500,RIGHT,270,false,431446,80
1.4,1500,UP,270,false,431446,81
-0.7,1500,DOWN,270,false,431446,82
0,1500,RIGHT,270,false,431446,83
1.4,1500,RIGHT,270,false,431446,84
-1.4,1500,UP,90,false,431446,85
0,1500,UP,90,false,431446,86
-0.7,1500,LEFT,90,false,431446,87
-0.7,1500,LEFT,90,false,431446,88
0,1000,RIGHT,90,false,431446,89
1.06666,1000,DOWN,90,false,431446,90
-4.8,1000,LEFT,90,false,431446,91
-0.7,1500,RIGHT,90,false,431446,92
1.06666,1000,UP,90,false,431446,93
-3.2,1000,LEFT,90,false,431446,94
3.2,1000,UP,90,false,431446,95
2.1,1500,LEFT,90,false,431446,96
0,1000,UP,90,false,431446,97
3.2,1000,RIGHT,90,false,431446,98
4.8,1000,UP,90,false,431446,99
1.4,1500,LEFT,90,false,431446,100
0,1500,LEFT,90,false,431446,101
-1.4,1500,UP,90,false,431446,102
0,1500,DOWN,90,false,431446,103
0,1500,DOWN,90,false,431446,104
-3.54,1500,RIGHT,90,false,431446,105
1.6,1000,RIGHT,90,false,431446,106
-1.6,1000,DOWN,90,false,431446,107
0,1500,RIGHT,90,false,431446,108
1.4,1500,RIGHT,90,false,431446,109
-1.6,1000,LEFT,90,false,431446,110
0,1000,LEFT,90,false,431446,111
1.4,1500,DOWN,90,false,431446,112
0,1500,UP,270,false,431446,113
0,1000,UP,270,false,431446,114
1.4,1500,LEFT,270,false,431446,115
0.7,1500,LEFT,270,false,431446,116
-0.7,1500,LEFT,270,false,431446,117
1.6,1000,LEFT,270,false,431446,118
-4.8,1000,RIGHT,270,false,431446,119
-0.7,1500,UP,270,false,431446,120
-3.54,1500,DOWN,270,false,431446,121
0.7,1500,LEFT,270,false,431446,122
1.6,1000,UP,270,false,431446,123
-0.7,1500,RIGHT,270,false,431446,124
-1.4,1500,UP,270,false,431446,125
0.7,1500,UP,270,false,431446,126
2.1,1500,DOWN,270,false,431446,127
0.7,1500,DOWN,270,false,431446,128
0,1500,LEFT,270,false,431446,129
4.8,1000,DOWN,270,false,431446,130
1.6,1000,DOWN,270,false,431446,131
-4.8,1000,UP,270,false,431446,132
-3.2,1000,UP,270,false,431446,133
3.54,1500,LEFT,270,false,431446,134
-1.4,1500,LEFT,270,false,431446,135
3.2,1000,LEFT,270,false,431446,136
0.7,1500,RIGHT,270,false,431446,137
-1.06666,1000,RIGHT,270,false,431446,138
4.8,1000,LEFT,270,false,431446,139
-0.7,1500,DOWN,270,false,431446,140
-1.4,1500,LEFT,90,false,431446,141
2.1,1500,UP,90,false,431446,142
0.7,1500,DOWN,90,false,431446,143
1.4,1500,UP,90,false,431446,144
-0.7,1500,DOWN,90,false,431446,145
0,1000,UP,90,false,431446,146
2.1,1500,DOWN,90,false,431446,147
-3.54,1500,LEFT,90,false,431446,148
0,1500,UP,90,false,431446,149
3.54,1500,LEFT,90,false,431446,150
0,1500,LEFT,90,false,431446,151
0,1500,RIGHT,90,false,431446,152
0.7,1500,DOWN,90,false,431446,153
3.54,1500,DOWN,90,false,431446,154
-2.1,1500,RIGHT,90,false,431446,155
-3.54,1500,DOWN,90,false,431446,156
-0.7,1500,UP,90,false,431446,157
3.54,1500,UP,90,false,431446,158
0,1000,LEFT,90,false,431446,159
1.4,1500,RIGHT,90,false,431446,160
1.6,1000,DOWN,90,false,431446,161
-3.54,1500,UP,90,false,431446,162
-1.4,1500,LEFT,90,false,431446,163
0,1000,RIGHT,90,false,431446,164
-3.2,1000,RIGHT,90,false,431446,165
1.6,1000,DOWN,90,false,431446,166
1.06666,1000,RIGHT,90,false,431446,167
0.7,1500,RIGHT,90,false,431446,168
0,1500,RIGHT,270,false,431446,169
0,1500,LEFT,270,false,431446,170
1.4,1500,DOWN,270,false,431446,171
3.54,1500,DOWN,270,false,431446,172
0,1000,UP,270,false,431446,173
-4.8,1000,DOWN,270,false,431446,174
0,1000,LEFT,270,false,431446,175
-1.6,1000,RIGHT,270,false,431446,176
-1.4,1500,DOWN,270,false,431446,177
-1.06666,1000,LEFT,270,false,431446,178
1.06666,1000,LEFT,270,false,431446,179
-0.7,1500,LEFT,270,false,431446,180
0.7,1500,RIGHT,270,false,431446,181
-1.4,1500,RIGHT,270,false,431446,182
1.4,1500,RIGHT,270,false,431446,183
0.7,1500,LEFT,270,false,431446,184
2.1,1500,UP,270,false,431446,185
-1.4,1500,DOWN,270,false,431446,186
1.6,1000,RIGHT,270,false,431446,187
-0.7,1500,UP,270,false,431446,188
0,1500,DOWN,270,false,431446,189
-1.6,1000,UP,270,false,431446,190
-0.7,1500,DOWN,270,false,431446,191
-0.7,1500,LEFT,270,false,431446,192
-1.06666,1000,DOWN,270,false,431446,193
-0.7,1500,UP,270,false,431446,194
1.6,1000,DOWN,270,false,431446,195
-2.1,1500,RIGHT,270,false,431446,196
-0.7,1500,UP,90,false,431446,197
-1.4,1500,DOWN,90,false,431446,198
-0.7,1500,RIGHT,90,false,431446,199
1.6,1000,LEFT,90,false,431446,200
-0.7,1500,RIGHT,90,false,431446,201
-2.1,1500,DOWN,90,false,431446,202
3.2,1000,DOWN,90,false,431446,203
1.4,1500,LEFT,90,false,431446,204
0.7,1500,UP,90,false,431446,205
-0.7,1500,DOWN,90,false,431446,206
0.7,1500,RIGHT,90,false,431446,207
-0.7,1500,LEFT,90,false,431446,208
-1.06666,1000,RIGHT,90,false,431446,209
3.54,1500,RIGHT,90,false,431446,210
4.8,1000,RIGHT,90,false,431446,211
0,1000,DOWN,90,false,431446,212
-4.8,1000,DOWN,90,false,431446,213
1.4,1500,DOWN,90,false,431446,214
0,1000,DOWN,90,false,431446,215
-1.6,1000,UP,90,false,431446,216
1.6,1000,LEFT,90,false,431446,217
-2.1,1500,UP,90,false,431446,218
-4.8,1000,RIGHT,90,false,431446,219
-0.7,1500,DOWN,90,false,431446,220
-1.6,1000,RIGHT,90,false,431446,221
0.7,1500,LEFT,90,false,431446,222
1.4,1500,UP,90,false,431446,223
1.6,1000,UP,90,false,431446,224
2.1,1500,DOWN,0,true,431457,1
-2.1,1500,DOWN,0,true,431457,2
3.2,1000,LEFT,0,true,431457,3
-3.2,1000,UP,0,true,431457,4
3.2,1000,UP,0,true,431457,5
-3.2,1000,RIGHT,0,true,431457,6
2.1,1500,UP,0,true,431457,7
-2.1,1500,UP,0,true,431457,8
-3.2,1000,DOWN,0,true,431457,9
-3.2,1000,LEFT,0,true,431457,10
-2.1,1500,RIGHT,0,true,431457,11
2.1,1500,RIGHT,0,true,431457,12
3.2,1000,RIGHT,0,true,431457,13
3.2,1000,DOWN,0,true,431457,14
-2.1,1500,LEFT,0,true,431457,15
2.1,1500,LEFT,0,true,431457,16
-2.1,1500,UP,270,false,431457,1
0,1500,RIGHT,270,false,431457,2
1.6,1000,RIGHT,270,false,431457,3
-1.4,1500,LEFT,270,false,431457,4
0,1000,LEFT,270,false,431457,5
-0.7,1500,RIGHT,270,false,431457,6
-1.4,1500,LEFT,270,false,431457,7
-3.2,1000,UP,270,false,431457,8
3.2,1000,UP,270,false,431457,9
0,1500,DOWN,270,false,431457,10
1.06666,1000,UP,270,false,431457,11
-1.6,1000,DOWN,270,false,431457,12
0,1500,UP,270,false,431457,13
1.6,1000,RIGHT,270,false,431457,14
1.6,1000,UP,270,false,431457,15
1.4,1500,UP,270,false,431457,16
0.7,1500,UP,270,false,431457,17
-1.6,1000,LEFT,270,false,431457,18
0.7,1500,LEFT,270,false,431457,19
-1.4,1500,DOWN,270,false,431457,20
3.54,1500,LEFT,270,false,431457,21
3.54,1500,UP,270,false,431457,22
-1.6,1000,UP,270,false,431457,23
-1.4,1500,UP,270,false,431457,24
0.7,1500,UP,270,false,431457,25
-1.06666,1000,UP,270,false,431457,26
0.7,1500,RIGHT,270,false,431457,27
-4.8,1000,LEFT,270,false,431457,28
0.7,1500,LEFT,90,false,431457,29
3.54,1500,DOWN,90,false,431457,30
-1.4,1500,UP,90,false,431457,31
0,1500,LEFT,90,false,431457,32
-1.4,1500,RIGHT,90,false,431457,33
3.2,1000,RIGHT,90,false,431457,34
0,1000,DOWN,90,false,431457,35
-0.7,1500,UP,90,false,431457,36
-1.06666,1000,DOWN,90,false,431457,37
-0.7,1500,LEFT,90,false,431457,38
2.1,1500,LEFT,90,false,431457,39
-1.4,1500,LEFT,90,false,431457,40
2.1,1500,RIGHT,90,false,431457,41
0,1000,LEFT,90,false,431457,42
-1.4,1500,DOWN,90,false,431457,43
-0.7,1500,LEFT,90,false,431457,44
1.4,1500,DOWN,90,false,431457,45
-4.8,1000,LEFT,90,false,431457,46
0,1000,RIGHT,90,false,431457,47
-1.6,1000,UP,90,false,431457,48
1.4,1500,LEFT,90,false,431457,49
-3.2,1000,UP,90,false,431457,50
-0.7,1500,UP,90,false,431457,51
-3.2,1000,RIGHT,90,false,431457,52
-1.6,1000,DOWN,90,false,431457,53
0.7,1500,UP,90,false,431457,54
1.6,1000,RIGHT,90,false,431457,55
-3.54,1500,UP,90,false,431457,56
2.1,1500,UP,270,false,431457,57
0.7,1500,DOWN,270,false,431457,58
0,1500,UP,270,false,431457,59
0,1000,LEFT,270,false,431457,60
-1.06666,1000,LEFT,270,false,431457,61
-1.4,1500,UP,270,false,431457,62
1.06666,1000,DOWN,270,false,431457,63
1.4,1500,DOWN,270,false,431457,64
0.7,1500,RIGHT,270,false,431457,65
-2.1,1500,LEFT,270,false,431457,66
-0.7,1500,RIGHT,270,false,431457,67
0,1500,LEFT,270,false,431457,68
-0.7,1500,LEFT,270,false,431457,69
-0.7,1500,LEFT,270,false,431457,70
1.4,1500,UP,270,false,431457,71
0.7,1500,LEFT,270,false,431457,72
-1.4,1500,DOWN,270,false,431457,73
-1.06666,1000,DOWN,270,false,431457,74
-2.1,1500,RIGHT,270,false,431457,75
1.4,1500,LEFT,270,false,431457,76
-4.8,1000,RIGHT,270,false,431457,77
3.2,1000,RIGHT,270,false,431457,78
3.2,1000,LEFT,270,false,431457,79
-1.6,1000,RIGHT,270,false,431457,80
-0.7,1500,UP,270,false,431457,81
0,1000,DOWN,270,false,431457,82
-1.06666,1000,RIGHT,270,false,431457,83
-1.6,1000,UP,270,false,431457,84
-1.06666,1000,UP,90,false,431457,85
0.7,1500,UP,90,false,431457,86
0.7,1500,LEFT,90,false,431457,87
1.6,1000,LEFT,90,false,431457,88
-0.7,1500,LEFT,90,false,431457,89
-1.4,1500,DOWN,90,false,431457,90
1.06666,1000,RIGHT,90,false,431457,91
0,1500,RIGHT,90,false,431457,92
1.6,1000,UP,90,false,431457,93
3.2,1000,DOWN,90,false,431457,94
0,1500,UP,90,false,431457,95
-1.06666,1000,LEFT,90,false,431457,96
3.2,1000,LEFT,90,false,431457,97
1.06666,1000,DOWN,90,false,431457,98
2.1,1500,UP,90,false,431457,99
-0.7,1500,UP,90,false,431457,100
-1.6,1000,RIGHT,90,false,431457,101
0,1000,LEFT,90,false,431457,102
1.6,1000,RIGHT,90,false,431457,103
-1.6,1000,DOWN,90,false,431457,104
-1.4,1500,LEFT,90,false,431457,105
0.7,1500,DOWN,90,false,431457,106
0,1500,UP,90,false,431457,107
3.54,1500,UP,90,false,431457,108
1.4,1500,UP,90,false,431457,109
1.4,1500,LEFT,90,false,431457,110
0,1500,LEFT,90,false,431457,111
-0.7,1500,RIGHT,90,false,431457,112
0,1000,RIGHT,270,false,431457,113
0,1000,RIGHT,270,false,431457,114
-1.6,1000,RIGHT,270,false,431457,115
0,1000,UP,270,false,431457,116
0.7,1500,DOWN,270,false,431457,117
1.06666,1000,RIGHT,270,false,431457,118
3.2,1000,DOWN,270,false,431457,119
2.1,1500,RIGHT,270,false,431457,120
0,1500,RIGHT,270,false,431457,121
1.4,1500,RIGHT,270,false,431457,122
-3.2,1000,DOWN,270,false,431457,123
-3.2,1000,RIGHT,270,false,431457,124
-4.8,1000,DOWN,270,false,431457,125
0,1500,LEFT,270,false,431457,126
1.6,1000,DOWN,270,false,431457,127
2.1,1500,LEFT,270,false,431457,128
1.4,1500,DOWN,270,false,431457,129
-0.7,1500,DOWN,270,false,431457,130
1.6,1000,UP,270,false,431457,131
-0.7,1500,UP,270,false,431457,132
-3.2,1000,LEFT,270,false,431457,133
-3.54,1500,RIGHT,270,false,431457,134
-1.6,1000,DOWN,270,false,431457,135
1.4,1500,LEFT,270,false,431457,136
2.1,1500,DOWN,270,false,431457,137
0,1500,DOWN,270,false,431457,138
4.8,1000,RIGHT,270,false,431457,139
1.6,1000,LEFT,270,false,431457,140
0,1000,UP,90,false,431457,141
4.8,1000,LEFT,90,false,431457,142
-3.54,1500,LEFT,90,false,431457,143
-1.6,1000,LEFT,90,false,431457,144
-2.1,1500,DOWN,90,false,431457,145
0.7,1500,RIGHT,90,false,431457,146
-1.6,1000,LEFT,90,false,431457,147
0,1500,DOWN,90,false,431457,148
4.8,1000,UP,90,false,431457,149
1.6,1000,UP,90,false,431457,150
-1.6,1000,UP,90,false,431457,151
3.54,1500,RIGHT,90,false,431457,152
1.6,1000,DOWN,90,false,431457,153
-3.2,1000,LEFT,90,false,431457,154
1.4,1500,UP,90,false,431457,155
0,1500,RIGHT,90,false,431457,156
3.2,1000,UP,90,false,431457,157
0,1000,DOWN,90,false,431457,158
-1.4,1500,UP,90,false,431457,159
-0.7,1500,RIGHT,90,false,431457,160
0,1000,RIGHT,90,false,431457,161
-4.8,1000,UP,90,false,431457,162
4.8,1000,DOWN,90,false,431457,163
1.06666,1000,LEFT,90,false,431457,164
-4.8,1000,DOWN,90,false,431457,165
0,1500,DOWN,90,false,431457,166
-1.06666,1000,RIGHT,90,false,431457,167
2.1,1500,DOWN,90,false,431457,168
0,1000,UP,270,false,431457,169
-3.54,1500,UP,270,false,431457,170
-0.7,1500,UP,270,false,431457,171
0.7,1500,LEFT,270,false,431457,172
-3.54,1500,DOWN,270,false,431457,173
-0.7,1500,DOWN,270,false,431457,174
3.54,1500,RIGHT,270,false,431457,175
0,1000,DOWN,270,false,431457,176
-0.7,1500,LEFT,270,false,431457,177
-1.4,1500,RIGHT,270,false,431457,178
1.6,1000,DOWN,270,false,431457,179
0.7,1500,UP,270,false,431457,180
-4.8,1000,UP,270,false,431457,181
-1.6,1000,LEFT,270,false,431457,182
-0.7,1500,RIGHT,270,false,431457,183
0.7,1500,DOWN,270,false,431457,184
1.06666,1000,LEFT,270,false,431457,185
-3.54,1500,LEFT,270,false,431457,186
1.6,1000,LEFT,270,false,431457,187
4.8,1000,UP,270,false,431457,188
-2.1,1500,DOWN,270,false,431457,189
1.4,1500,RIGHT,270,false,431457,190
-0.7,1500,DOWN,270,false,431457,191
0.7,1500,RIGHT,270,false,431457,192
4.8,1000,DOWN,270,false,431457,193
3.54,1500,DOWN,270,false,431457,194
4.8,1000,LEFT,270,false,431457,195
-1.4,1500,RIGHT,270,false,431457,196
-1.6,1000,RIGHT,90,false,431457,197
-4.8,1000,RIGHT,90,false,431457,198
-2.1,1500,UP,90,false,431457,199
0.7,1500,UP,90,false,431457,200
1.6,1000,LEFT,90,false,431457,201
-3.2,1000,DOWN,90,false,431457,202
1.6,1000,DOWN,90,false,431457,203
1.4,1500,RIGHT,90,false,431457,204
-2.1,1500,RIGHT,90,false,431457,205
-0.7,1500,DOWN,90,false,431457,206
0.7,1500,LEFT,90,false,431457,207
-2.1,1500,LEFT,90,false,431457,208
-0.7,1500,RIGHT,90,false,431457,209
1.4,1500,DOWN,90,false,431457,210
4.8,1000,RIGHT,90,false,431457,211
-0.7,1500,DOWN,90,false,431457,212
0.7,1500,DOWN,90,false,431457,213
0,1000,UP,90,false,431457,214
1.4,1500,RIGHT,90,false,431457,215
0.7,1500,RIGHT,90,false,431457,216
-1.4,1500,RIGHT,90,false,431457,217
0.7,1500,RIGHT,90,false,431457,218
-3.54,1500,DOWN,90,false,431457,219
3.54,1500,LEFT,90,false,431457,220
-3.54,1500,RIGHT,90,false,431457,221
1.06666,1000,UP,90,false,431457,222
-0.7,1500,DOWN,90,false,431457,223
0.7,1500,DOWN,90,false,431457,224
3.2,1000,UP,0,true,431465,1
-3.2,1000,DOWN,0,true,431465,2
-2.1,1500,DOWN,0,true,431465,3
3.2,1000,LEFT,0,true,431465,4
-2.1,1500,RIGHT,0,true,431465,5
2.1,1500,LEFT,0,true,431465,6
2.1,1500,UP,0,true,431465,7
-3.2,1000,LEFT,0,true,431465,8
-3.2,1000,UP,0,true,431465,9
-2.1,1500,LEFT,0,true,431465,10
-3.2,1000,RIGHT,0,true,431465,11
2.1,1500,RIGHT,0,true,431465,12
3.2,1000,RIGHT,0,true,431465,13
-2.1,1500,UP,0,true,431465,14
2.1,1500,DOWN,0,true,431465,15
3.2,1000,DOWN,0,true,431465,16
-1.4,1500,DOWN,270,false,431465,1
-0.7,1500,UP,270,false,431465,2
-1.4,1500,RIGHT,270,false,431465,3
0,1000,DOWN,270,false,431465,4
-2.1,1500,RIGHT,270,false,431465,5
-3.54,1500,LEFT,270,false,431465,6
0,1500,DOWN,270,false,431465,7
0.7,1500,DOWN,270,false,431465,8
-0.7,1500,RIGHT,270,false,431465,9
0,1000,UP,270,false,431465,10
2.1,1500,RIGHT,270,false,431465,11
2.1,1500,LEFT,270,false,431465,12
1.6,1000,UP,270,false,431465,13
1.4,1500,UP,270,false,431465,14
-0.7,1500,LEFT,270,false,431465,15
-0.7,1500,DOWN,270,false,431465,16
-1.6,1000,LEFT,270,false,431465,17
4.8,1000,UP,270,false,431465,18
-1.6,1000,DOWN,270,false,431465,19
0.7,1500,RIGHT,270,false,431465,20
-1.6,1000,LEFT,270,false,431465,21
-0.7,1500,UP,270,false,431465,22
0.7,1500,LEFT,270,false,431465,23
1.4,1500,UP,270,false,431465,24
-3.54,1500,UP,270,false,431465,25
0,1500,LEFT,270,false,431465,26
-1.6,1000,DOWN,270,false,431465,27
-3.2,1000,DOWN,270,false,431465,28
0.7,1500,DOWN,90,false,431465,29
-0.7,1500,UP,90,false,431465,30
-1.06666,1000,RIGHT,90,false,431465,31
0,1500,UP,90,false,431465,32
0,1000,DOWN,90,false,431465,33
-4.8,1000,RIGHT,90,false,431465,34
3.2,1000,UP,90,false,431465,35
-1.6,1000,LEFT,90,false,431465,36
-3.2,1000,DOWN,90,false,431465,37
-1.6,1000,UP,90,false,431465,38
3.2,1000,LEFT,90,false,431465,39
-1.6,1000,DOWN,90,false,431465,40
2.1,1500,LEFT,90,false,431465,41
-0.7,1500,DOWN,90,false,431465,42
1.4,1500,UP,90,false,431465,43
-1.6,1000,RIGHT,90,false,431465,44
-0.7,1500,LEFT,90,false,431465,45
4.8,1000,UP,90,false,431465,46
-3.54,1500,DOWN,90,false,431465,47
-1.4,1500,LEFT,90,false,431465,48
0,1500,UP,90,false,431465,49
1.6,1000,UP,90,false,431465,50
-3.54,1500,RIGHT,90,false,431465,51
1.6,1000,DOWN,90,false,431465,52
-1.4,1500,RIGHT,90,false,431465,53
-1.4,1500,LEFT,90,false,431465,54
-2.1,1500,DOWN,90,false,431465,55
1.4,1500,DOWN,90,false,431465,56
1.6,1000,LEFT,270,false,431465,57
1.4,1500,DOWN,270,false,431465,58
1.4,1500,LEFT,270,false,431465,59
1.6,1000,UP,270,false,431465,60
1.4,1500,DOWN,270,false,431465,61
3.2,1000,RIGHT,270,false,431465,62
0.7,1500,UP,270,false,431465,63
0.7,1500,DOWN,270,false,431465,64
-1.06666,1000,UP,270,false,431465,65
-2.1,1500,LEFT,270,false,431465,66
0.7,1500,LEFT,270,false,431465,67
0,1500,RIGHT,270,false,431465,68
-1.4,1500,UP,270,false,431465,69
-1.6,1000,UP,270,false,431465,70
4.8,1000,RIGHT,270,false,431465,71
-3.2,1000,UP,270,false,431465,72
-1.06666,1000,DOWN,270,false,431465,73
-0.7,1500,RIGHT,270,false,431465,74
0,1000,DOWN,270,false,431465,75
3.54,1500,DOWN,270,false,431465,76
-0.7,1500,LEFT,270,false,431465,77
-3.54,1500,RIGHT,270,false,431465,78
0,1000,LEFT,270,false,431465,79
-1.06666,1000,LEFT,270,false,431465,80
0,1000,LEFT,270,false,431465,81
1.6,1000,RIGHT,270,false,431465,82
-4.8,1000,UP,270,false,431465,83
0,1000,RIGHT,270,false,431465,84
-0.7,1500,RIGHT,90,false,431465,85
-0.7,1500,LEFT,90,false,431465,86
3.2,1000,DOWN,90,false,431465,87
1.06666,1000,DOWN,90,false,431465,88
3.2,1000,RIGHT,90,false,431465,89
0,1000,RIGHT,90,false,431465,90
-4.8,1000,DOWN,90,false,431465,91
0,1500,LEFT,90,false,431465,92
1.06666,1000,RIGHT,90,false,431465,93
1.06666,1000,UP,90,false,431465,94
2.1,1500,DOWN,90,false,431465,95
1.6,1000,DOWN,90,false,431465,96
-1.4,1500,DOWN,90,false,431465,97
-3.2,1000,UP,90,false,431465,98
1.6,1000,RIGHT,90,false,431465,99
-1.6,1000,LEFT,90,false,431465,100
-1.4,1500,RIGHT,90,false,431465,101
-0.7,1500,LEFT,90,false,431465,102
-0.7,1500,RIGHT,90,false,431465,103
0.7,1500,UP,90,false,431465,104
1.4,1500,RIGHT,90,false,431465,105
3.54,1500,LEFT,90,false,431465,106
0,1500,DOWN,90,false,431465,107
0.7,1500,LEFT,90,false,431465,108
0,1000,DOWN,90,false,431465,109
-4.8,1000,UP,90,false,431465,110
3.54,1500,DOWN,90,false,431465,111
-0.7,1500,DOWN,90,false,431465,112
-4.8,1000,LEFT,270,false,431465,113
3.54,1500,LEFT,270,false,431465,114
1.06666,1000,UP,270,false,431465,115
0.7,1500,DOWN,270,false,431465,116
3.2,1000,LEFT,270,false,431465,117
-3.2,1000,LEFT,270,false,431465,118
-1.6,1000,RIGHT,270,false,431465,119
-1.6,1000,RIGHT,270,false,431465,120
1.4,1500,LEFT,270,false,431465,121
0.7,1500,UP,270,false,431465,122
-2.1,1500,UP,270,false,431465,123
4.8,1000,LEFT,270,false,431465,124
-1.4,1500,RIGHT,270,false,431465,125
-0.7,1500,LEFT,270,false,431465,126
0,1000,UP,270,false,431465,127
2.1,1500,DOWN,270,false,431465,128
3.54,1500,RIGHT,270,false,431465,129
0.7,1500,LEFT,270,false,431465,130
3.2,1000,DOWN,270,false,431465,131
0,1500,UP,270,false,431465,132
4.8,1000,DOWN,270,false,431465,133
1.6,1000,DOWN,270,false,431465,134
-0.7,1500,DOWN,270,false,431465,135
0,1500,LEFT,270,false,431465,136
1.4,1500,RIGHT,270,false,431465,137
-3.54,1500,DOWN,270,false,431465,138
3.2,1000,UP,270,false,431465,139
1.06666,1000,LEFT,270,false,431465,140
-3.54,1500,LEFT,90,false,431465,141
-1.6,1000,RIGHT,90,false,431465,142
0,1000,UP,90,false,431465,143
0,1500,RIGHT,90,false,431465,144
1.6,1000,LEFT,90,false,431465,145
0.7,1500,RIGHT,90,false,431465,146
-1.06666,1000,UP,90,false,431465,147
0.7,1500,LEFT,90,false,431465,148
2.1,1500,RIGHT,90,false,431465,149
-2.1,1500,LEFT,90,false,431465,150
0,1000,UP,90,false,431465,151
0.7,1500,LEFT,90,false,431465,152
-1.4,1500,UP,90,false,431465,153
2.1,1500,UP,90,false,431465,154
-0.7,1500,DOWN,90,false,431465,155
0,1000,RIGHT,90,false,431465,156
0,1000,LEFT,90,false,431465,157
-3.54,1500,UP,90,false,431465,158
-0.7,1500,UP,90,false,431465,159
4.8,1000,DOWN,90,false,431465,160
0,1500,DOWN,90,false,431465,161
-0.7,1500,UP,90,false,431465,162
0,1500,RIGHT,90,false,431465,163
-1.06666,1000,LEFT,90,false,431465,164
1.6,1000,LEFT,90,false,431465,165
0.7,1500,DOWN,90,false,431465,166
-1.6,1000,DOWN,90,false,431465,167
4.8,1000,RIGHT,90,false,431465,168
-0.7,1500,UP,270,false,431465,169
2.1,1500,UP,270,false,431465,170
0.7,1500,RIGHT,270,false,431465,171
0,1500,RIGHT,270,false,431465,172
-0.7,1500,RIGHT,270,false,431465,173
3.54,1500,UP,270,false,431465,174
-1.06666,1000,RIGHT,270,false,431465,175
-1.6,1000,UP,270,false,431465,176
0.7,1500,UP,270,false,431465,177
-1.4,1500,LEFT,270,false,431465,178
0.7,1500,RIGHT,270,false,431465,179
-1.4,1500,UP,270,false,431465,180
0,1500,DOWN,270,false,431465,181
-3.2,1000,RIGHT,270,false,431465,182
1.6,1000,DOWN,270,false,431465,183
1.06666,1000,RIGHT,270,false,431465,184
0,1500,UP,270,false,431465,185
1.4,1500,RIGHT,270,false,431465,186
1.06666,1000,DOWN,270,false,431465,187
-1.4,1500,LEFT,270,false,431465,188
-4.8,1000,DOWN,270,false,431465,189
1.6,1000,RIGHT,270,false,431465,190
-4.8,1000,RIGHT,270,false,431465,191
-2.1,1500,DOWN,270,false,431465,192
1.6,1000,LEFT,270,false,431465,193
-1.4,1500,DOWN,270,false,431465,194
0,1000,RIGHT,270,false,431465,195
-0.7,1500,DOWN,270,false,431465,196
1.4,1500,LEFT,90,false,431465,197
-1.4,1500,UP,90,false,431465,198
0.7,1500,UP,90,false,431465,199
0.7,1500,RIGHT,90,false,431465,200
-2.1,1500,UP,90,false,431465,201
-4.8,1000,LEFT,90,false,431465,202
1.06666,1000,LEFT,90,false,431465,203
-2.1,1500,RIGHT,90,false,431465,204
1.4,1500,UP,90,false,431465,205
-1.4,1500,DOWN,90,false,431465,206
1.4,1500,DOWN,90,false,431465,207
-1.06666,1000,DOWN,90,false,431465,208
0.7,1500,UP,90,false,431465,209
0,1500,LEFT,90,false,431465,210
-0.7,1500,RIGHT,90,false,431465,211
-3.2,1000,RIGHT,90,false,431465,212
-3.2,1000,LEFT,90,false,431465,213
1.4,1500,RIGHT,90,false,431465,214
4.8,1000,LEFT,90,false,431465,215
-1.6,1000,UP,90,false,431465,216
1.6,1000,RIGHT,90,false,431465,217
0.7,1500,RIGHT,90,false,431465,218
3.54,1500,UP,90,false,431465,219
0,1000,LEFT,90,false,431465,220
3.54,1500,RIGHT,90,false,431465,221
1.6,1000,UP,90,false,431465,222
0.7,1500,DOWN,90,false,431465,223
1.4,1500,LEFT,90,false,431465,224
2.1,1500,UP,0,true,431390,1
-3.2,1000,UP,0,true,431390,2
-3.2,1000,DOWN,0,true,431390,3
-3.2,1000,LEFT,0,true,431390,4
2.1,1500,LEFT,0,true,431390,5
3.2,1000,RIGHT,0,true,431390,6
3.2,1000,DOWN,0,true,431390,7
3.2,1000,UP,0,true,431390,8
-2.1,1500,UP,0,true,431390,9
-2.1,1500,DOWN,0,true,431390,10
2.1,1500,DOWN,0,true,431390,11
3.2,1000,LEFT,0,true,431390,12
2.1,1500,RIGHT,0,true,431390,13
-3.2,1000,RIGHT,0,true,431390,14
-2.1,1500,LEFT,0,true,431390,15
-2.1,1500,RIGHT,0,true,431390,16
-1.6,1000,RIGHT,270,false,431390,1
-0.7,1500,LEFT,270,false,431390,2
0,1000,RIGHT,270,false,431390,3
-0.7,1500,UP,270,false,431390,4
1.06666,1000,RIGHT,270,false,431390,5
1.4,1500,DOWN,270,false,431390,6
1.4,1500,UP,270,false,431390,7
-3.2,1000,UP,270,false,431390,8
0.7,1500,DOWN,270,false,431390,9
-1.4,1500,UP,270,false,431390,10
0,1000,DOWN,270,false,431390,11
-2.1,1500,UP,270,false,431390,12
0,1500,UP,270,false,431390,13
3.2,1000,RIGHT,270,false,431390,14
0.7,1500,RIGHT,270,false,431390,15
-0.7,1500,DOWN,270,false,431390,16
1.6,1000,RIGHT,270,false,431390,17
-0.7,1500,DOWN,270,false,431390,18
1.6,1000,DOWN,270,false,431390,19
1.4,1500,LEFT,270,false,431390,20
-1.6,1000,DOWN,270,false,431390,21
-1.6,1000,LEFT,270,false,431390,22
-0.7,1500,UP,270,false,431390,23
-1.06666,1000,RIGHT,270,false,431390,24
1.06666,1000,DOWN,270,false,431390,25
1.06666,1000,UP,270,false,431390,26
-0.7,1500,UP,270,false,431390,27
0.7,1500,LEFT,270,false,431390,28
1.6,1000,DOWN,90,false,431390,29
0,1500,DOWN,90,false,431390,30
1.6,1000,LEFT,90,false,431390,31
-1.6,1000,LEFT,90,false,431390,32
0.7,1500,RIGHT,90,false,431390,33
-0.7,1500,DOWN,90,false,431390,34
1.4,1500,UP,90,false,431390,35
0,1500,UP,90,false,431390,36
0.7,1500,DOWN,90,false,431390,37
-1.4,1500,LEFT,90,false,431390,38
-0.7,1500,UP,90,false,431390,39
0.7,1500,DOWN,90,false,431390,40
-0.7,1500,LEFT,90,false,431390,41
0.7,1500,LEFT,90,false,431390,42
-0.7,1500,LEFT,90,false,431390,43
0.7,1500,RIGHT,90,false,431390,44
4.8,1000,DOWN,90,false,431390,45
2.1,1500,UP,90,false,431390,46
-1.6,1000,RIGHT,90,false,431390,47
1.4,1500,RIGHT,90,false,431390,48
-1.6,1000,UP,90,false,431390,49
4.8,1000,LEFT,90,false,431390,50
-0.7,1500,RIGHT,90,false,431390,51
3.54,1500,RIGHT,90,false,431390,52
1.6,1000,DOWN,90,false,431390,53
-3.54,1500,RIGHT,90,false,431390,54
-1.4,1500,RIGHT,90,false,431390,55
0,1000,UP,90,false,431390,56
2.1,1500,UP,270,false,431390,57
0,1500,DOWN,270,false,431390,58
0.7,1500,DOWN,270,false,431390,59
-0.7,1500,LEFT,270,false,431390,60
0.7,1500,UP,270,false,431390,61
-1.4,1500,LEFT,270,false,431390,62
-0.7,1500,DOWN,270,false,431390,63
-4.8,1000,UP,270,false,431390,64
-1.06666,1000,UP,270,false,431390,65
-3.2,1000,LEFT,270,false,431390,66
-1.06666,1000,DOWN,270,false,431390,67
-1.4,1500,DOWN,270,false,431390,68
-3.54,1500,RIGHT,270,false,431390,69
3.2,1000,DOWN,270,false,431390,70
-1.4,1500,DOWN,270,false,431390,71
-1.6,1000,UP,270,false,431390,72
1.4,1500,DOWN,270,false,431390,73
0.7,1500,LEFT,270,false,431390,74
-3.54,1500,DOWN,270,false,431390,75
0,1500,RIGHT,270,false,431390,76
0,1000,UP,270,false,431390,77
1.6,1000,LEFT,270,false,431390,78
1.6,1000,UP,270,false,431390,79
-3.2,1000,RIGHT,270,false,431390,80
0,1500,LEFT,270,false,431390,81
0.7,1500,RIGHT,270,false,431390,82
1.6,1000,UP,270,false,431390,83
1.4,1500,UP,270,false,431390,84
-4.8,1000,LEFT,90,false,431390,85
0,1500,DOWN,90,false,431390,86
1.6,1000,UP,90,false,431390,87
3.2,1000,LEFT,90,false,431390,88
0,1500,LEFT,90,false,431390,89
0,1000,RIGHT,90,false,431390,90
-3.2,1000,RIGHT,90,false,431390,91
1.06666,1000,RIGHT,90,false,431390,92
-1.06666,1000,DOWN,90,false,431390,93
4.8,1000,RIGHT,90,false,431390,94
0,1000,DOWN,90,false,431390,95
-4.8,1000,RIGHT,90,false,431390,96
1.6,1000,RIGHT,90,false,431390,97
0,1000,RIGHT,90,false,431390,98
-0.7,1500,LEFT,90,false,431390,99
-1.4,1500,DOWN,90,false,431390,100
0,1500,RIGHT,90,false,431390,101
-0.7,1500,UP,90,false,431390,102
1.06666,1000,UP,90,false,431390,103
1.4,1500,DOWN,90,false,431390,104
3.54,1500,UP,90,false,431390,105
-1.06666,1000,RIGHT,90,false,431390,106
0.7,1500,DOWN,90,false,431390,107
0.7,1500,RIGHT,90,false,431390,108
-0.7,1500,DOWN,90,false,431390,109
1.6,1000,UP,90,false,431390,110
-3.2,1000,UP,90,false,431390,111
-3.54,1500,LEFT,90,false,431390,112
-1.06666,1000,LEFT,270,false,431390,113
3.54,1500,UP,270,false,431390,114
0.7,1500,DOWN,270,false,431390,115
-4.8,1000,DOWN,270,false,431390,116
3.2,1000,UP,270,false,431390,117
3.54,1500,RIGHT,270,false,431390,118
-1.4,1500,UP,270,false,431390,119
-4.8,1000,RIGHT,270,false,431390,120
-3.2,1000,DOWN,270,false,431390,121
3.54,1500,LEFT,270,false,431390,122
0.7,1500,RIGHT,270,false,431390,123
3.2,1000,LEFT,270,false,431390,124
-2.1,1500,DOWN,270,false,431390,125
4.8,1000,UP,270,false,431390,126
4.8,1000,DOWN,270,false,431390,127
0,1500,LEFT,270,false,431390,128
-1.6,1000,DOWN,270,false,431390,129
0,1000,DOWN,270,false,431390,130
0.7,1500,UP,270,false,431390,131
0.7,1500,LEFT,270,false,431390,132
4.8,1000,LEFT,270,false,431390,133
0,1000,UP,270,false,431390,134
0.7,1500,UP,270,false,431390,135
0,1000,RIGHT,270,false,431390,136
1.6,1000,LEFT,270,false,431390,137
2.1,1500,DOWN,270,false,431390,138
0,1500,DOWN,270,false,431390,139
-1.6,1000,RIGHT,270,false,431390,140
3.54,1500,LEFT,90,false,431390,141
-3.54,1500,DOWN,90,false,431390,142
-1.6,1000,DOWN,90,false,431390,143
-1.6,1000,RIGHT,90,false,431390,144
-4.8,1000,DOWN,90,false,431390,145
1.06666,1000,DOWN,90,false,431390,146
-1.4,1500,UP,90,false,431390,147
-1.4,1500,LEFT,90,false,431390,148
0,1000,DOWN,90,false,431390,149
-1.06666,1000,LEFT,90,false,431390,150
0.7,1500,UP,90,false,431390,151
-3.2,1000,LEFT,90,false,431390,152
2.1,1500,LEFT,90,false,431390,153
2.1,1500,DOWN,90,false,431390,154
-2.1,1500,LEFT,90,false,431390,155
-4.8,1000,UP,90,false,431390,156
1.4,1500,LEFT,90,false,431390,157
-3.2,1000,DOWN,90,false,431390,158
-1.6,1000,DOWN,90,false,431390,159
-0.7,1500,RIGHT,90,false,431390,160
1.06666,1000,LEFT,90,false,431390,161
-1.06666,1000,UP,90,false,431390,162
-2.1,1500,DOWN,90,false,431390,163
-0.7,1500,RIGHT,90,false,431390,164
0,1000,LEFT,90,false,431390,165
0.7,1500,LEFT,90,false,431390,166
-0.7,1500,UP,90,false,431390,167
-1.6,1000,LEFT,90,false,431390,168
2.1,1500,LEFT,270,false,431390,169
-1.4,1500,RIGHT,270,false,431390,170
0,1000,LEFT,270,false,431390,171
-2.1,1500,RIGHT,270,false,431390,172
-1.4,1500,RIGHT,270,false,431390,173
-0.7,1500,RIGHT,270,false,431390,174
0,1500,RIGHT,270,false,431390,175
0,1500,UP,270,false,431390,176
1.06666,1000,LEFT,270,false,431390,177
-3.54,1500,LEFT,270,false,431390,178
-0.7,1500,LEFT,270,false,431390,179
1.4,1500,LEFT,270,false,431390,180
-3.54,1500,UP,270,false,431390,181
1.4,1500,RIGHT,270,false,431390,182
1.4,1500,RIGHT,270,false,431390,183
1.6,1000,DOWN,270,false,431390,184
-1.6,1000,UP,270,false,431390,185
-1.6,1000,LEFT,270,false,431390,186
-0.7,1500,RIGHT,270,false,431390,187
3.54,1500,DOWN,270,false,431390,188
4.8,1000,RIGHT,270,false,431390,189
-0.7,1500,RIGHT,270,false,431390,190
-4.8,1000,LEFT,270,false,431390,191
-2.1,1500,LEFT,270,false,431390,192
1.6,1000,RIGHT,270,false,431390,193
-1.4,1500,LEFT,270,false,431390,194
2.1,1500,RIGHT,270,false,431390,195
0,1000,LEFT,270,false,431390,196
0,1500,RIGHT,90,false,431390,197
0,1500,UP,90,false,431390,198
1.4,1500,RIGHT,90,false,431390,199
-1.6,1000,UP,90,false,431390,200
-2.1,1500,RIGHT,90,false,431390,201
1.4,1500,UP,90,false,431390,202
3.54,1500,DOWN,90,false,431390,203
1.6,1000,LEFT,90,false,431390,204
-1.4,1500,RIGHT,90,false,431390,205
0.7,1500,LEFT,90,false,431390,206
-2.1,1500,UP,90,false,431390,207
-1.4,1500,DOWN,90,false,431390,208
3.2,1000,UP,90,false,431390,209
-3.54,1500,UP,90,false,431390,210
1.4,1500,DOWN,90,false,431390,211
0,1000,LEFT,90,false,431390,212
1.6,1000,RIGHT,90,false,431390,213
-0.7,1500,DOWN,90,false,431390,214
0,1500,LEFT,90,false,431390,215
1.4,1500,LEFT,90,false,431390,216
3.2,1000,RIGHT,90,false,431390,217
4.8,1000,UP,90,false,431390,218
0.7,1500,UP,90,false,431390,219
0,1000,UP,90,false,431390,220
2.1,1500,RIGHT,90,false,431390,221
-1.4,1500,UP,90,false,431390,222
3.2,1000,DOWN,90,false,431390,223
0.7,1500,UP,90,false,431390,224
3.2,1000,UP,0,true,431387,1
-2.1,1500,DOWN,0,true,431387,2
-3.2,1000,RIGHT,0,true,431387,3
-3.2,1000,LEFT,0,true,431387,4
-2.1,1500,RIGHT,0,true,431387,5
2.1,1500,LEFT,0,true,431387,6
3.2,1000,LEFT,0,true,431387,7
2.1,1500,DOWN,0,true,431387,8
3.2,1000,DOWN,0,true,431387,9
2.1,1500,UP,0,true,431387,10
-3.2,1000,DOWN,0,true,431387,11
-2.1,1500,UP,0,true,431387,12
3.2,1000,RIGHT,0,true,431387,13
-3.2,1000,UP,0,true,431387,14
-2.1,1500,LEFT,0,true,431387,15
2.1,1500,RIGHT,0,true,431387,16
-0.7,1500,LEFT,90,false,431387,1
0.7,1500,LEFT,90,false,431387,2
3.2,1000,LEFT,90,false,431387,3
0,1000,LEFT,90,false,431387,4
2.1,1500,DOWN,90,false,431387,5
-4.8,1000,UP,90,false,431387,6
1.4,1500,RIGHT,90,false,431387,7
0,1500,LEFT,90,false,431387,8
-1.06666,1000,RIGHT,90,false,431387,9
-3.2,1000,UP,90,false,431387,10
1.6,1000,UP,90,false,431387,11
1.06666,1000,DOWN,90,false,431387,12
1.4,1500,DOWN,90,false,431387,13
-1.6,1000,UP,90,false,431387,14
0.7,1500,UP,90,false,431387,15
-1.4,1500,UP,90,false,431387,16
-3.54,1500,LEFT,90,false,431387,17
1.6,1000,DOWN,90,false,431387,18
-4.8,1000,LEFT,90,false,431387,19
-2.1,1500,RIGHT,90,false,431387,20
1.4,1500,UP,90,false,431387,21
0.7,1500,RIGHT,90,false,431387,22
-0.7,1500,RIGHT,90,false,431387,23
-1.6,1000,RIGHT,90,false,431387,24
1.4,1500,RIGHT,90,false,431387,25
1.06666,1000,RIGHT,90,false,431387,26
-0.7,1500,RIGHT,90,false,431387,27
-3.54,1500,DOWN,90,false,431387,28
1.6,1000,UP,270,false,431387,29
1.6,1000,RIGHT,270,false,431387,30
4.8,1000,LEFT,270,false,431387,31
0,1500,RIGHT,270,false,431387,32
-0.7,1500,UP,270,false,431387,33
0.7,1500,RIGHT,270,false,431387,34
0,1000,UP,270,false,431387,35
-1.06666,1000,UP,270,false,431387,36
-1.06666,1000,DOWN,270,false,431387,37
-0.7,1500,DOWN,270,false,431387,38
-0.7,1500,LEFT,270,false,431387,39
1.6,1000,LEFT,270,false,431387,40
-0.7,1500,LEFT,270,false,431387,41
1.06666,1000,LEFT,270,false,431387,42
-1.4,1500,RIGHT,270,false,431387,43
0.7,1500,RIGHT,270,false,431387,44
0.7,1500,UP,270,false,431387,45
-3.2,1000,DOWN,270,false,431387,46
1.06666,1000,DOWN,270,false,431387,47
-1.06666,1000,LEFT,270,false,431387,48
4.8,1000,UP,270,false,431387,49
-4.8,1000,RIGHT,270,false,431387,50
1.4,1500,DOWN,270,false,431387,51
3.54,1500,LEFT,270,false,431387,52
3.54,1500,UP,270,false,431387,53
-2.1,1500,RIGHT,270,false,431387,54
2.1,1500,UP,270,false,431387,55
0,1000,LEFT,270,false,431387,56
-0.7,1500,LEFT,90,false,431387,57
1.6,1000,UP,90,false,431387,58
-1.4,1500,RIGHT,90,false,431387,59
-0.7,1500,UP,90,false,431387,60
-1.4,1500,UP,90,false,431387,61
-2.1,1500,UP,90,false,431387,62
1.06666,1000,LEFT,90,false,431387,63
0.7,1500,RIGHT,90,false,431387,64
3.54,1500,UP,90,false,431387,65
-4.8,1000,RIGHT,90,false,431387,66
0,1000,DOWN,90,false,431387,67
-1.6,1000,DOWN,90,false,431387,68
-1.4,1500,DOWN,90,false,431387,69
-1.4,1500,LEFT,90,false,431387,70
3.2,1000,DOWN,90,false,431387,71
0,1000,UP,90,false,431387,72
-2.1,1500,LEFT,90,false,431387,73
1.4,1500,DOWN,90,false,431387,74
-1.4,1500,DOWN,90,false,431387,75
2.1,1500,UP,90,false,431387,76
0.7,1500,UP,90,false,431387,77
1.6,1000,RIGHT,90,false,431387,78
1.4,1500,LEFT,90,false,431387,79
0.7,1500,LEFT,90,false,431387,80
-0.7,1500,RIGHT,90,false,431387,81
-0.7,1500,UP,90,false,431387,82
0,1000,RIGHT,90,false,431387,83
-0.7,1500,LEFT,90,false,431387,84
-2.1,1500,DOWN,270,false,431387,85
2.1,1500,DOWN,270,false,431387,86
1.6,1000,RIGHT,270,false,431387,87
3.2,1000,UP,270,false,431387,88
0,1500,DOWN,270,false,431387,89
-3.54,1500,DOWN,270,false,431387,90
4.8,1000,RIGHT,270,false,431387,91
-1.6,1000,RIGHT,270,false,431387,92
1.6,1000,DOWN,270,false,431387,93
0,1000,RIGHT,270,false,431387,94
-1.4,1500,UP,270,false,431387,95
0,1000,UP,270,false,431387,96
0,1000,RIGHT,270,false,431387,97
0,1000,DOWN,270,false,431387,98
3.2,1000,LEFT,270,false,431387,99
1.4,1500,UP,270,false,431387,100
3.54,1500,RIGHT,270,false,431387,101
-4.8,1000,UP,270,false,431387,102
-0.7,1500,DOWN,270,false,431387,103
-0.7,1500,UP,270,false,431387,104
0,1500,UP,270,false,431387,105
0.7,1500,DOWN,270,false,431387,106
1.06666,1000,RIGHT,270,false,431387,107
-0.7,1500,RIGHT,270,false,431387,108
-3.2,1000,LEFT,270,false,431387,109
-0.7,1500,RIGHT,270,false,431387,110
-2.1,1500,LEFT,270,false,431387,111
1.6,1000,UP,270,false,431387,112
-2.1,1500,DOWN,90,false,431387,113
-1.4,1500,RIGHT,90,false,431387,114
-1.6,1000,LEFT,90,false,431387,115
0,1500,LEFT,90,false,431387,116
0,1000,UP,90,false,431387,117
0.7,1500,DOWN,90,false,431387,118
-0.7,1500,DOWN,90,false,431387,119
0,1500,DOWN,90,false,431387,120
0.7,1500,DOWN,90,false,431387,121
-1.06666,1000,DOWN,90,false,431387,122
0.7,1500,RIGHT,90,false,431387,123
2.1,1500,RIGHT,90,false,431387,124
3.2,1000,RIGHT,90,false,431387,125
-3.2,1000,RIGHT,90,false,431387,126
0.7,1500,LEFT,90,false,431387,127
1.6,1000,DOWN,90,false,431387,128
4.8,1000,RIGHT,90,false,431387,129
-1.06666,1000,UP,90,false,431387,130
0,1000,RIGHT,90,false,431387,131
-0.7,1500,UP,90,false,431387,132
4.8,1000,DOWN,90,false,431387,133
0.7,1500,DOWN,90,false,431387,134
3.54,1500,LEFT,90,false,431387,135
1.06666,1000,UP,90,false,431387,136
-4.8,1000,DOWN,90,false,431387,137
1.6,1000,LEFT,90,false,431387,138
4.8,1000,UP,90,false,431387,139
0.7,1500,UP,90,false,431387,140
-1.4,1500,DOWN,270,false,431387,141
0,1500,DOWN,270,false,431387,142
-1.4,1500,LEFT,270,false,431387,143
1.6,1000,DOWN,270,false,431387,144
-3.2,1000,RIGHT,270,false,431387,145
-3.54,1500,UP,270,false,431387,146
-3.2,1000,UP,270,false,431387,147
3.2,1000,RIGHT,270,false,431387,148
1.4,1500,DOWN,270,false,431387,149
-0.7,1500,RIGHT,270,false,431387,150
2.1,1500,RIGHT,270,false,431387,151
-4.8,1000,LEFT,270,false,431387,152
-3.54,1500,LEFT,270,false,431387,153
-1.6,1000,UP,270,false,431387,154
0.7,1500,UP,270,false,431387,155
1.4,1500,LEFT,270,false,431387,156
0.7,1500,LEFT,270,false,431387,157
-1.4,1500,LEFT,270,false,431387,158
1.4,1500,LEFT,270,false,431387,159
0.7,1500,LEFT,270,false,431387,160
-3.54,1500,RIGHT,270,false,431387,161
0,1000,DOWN,270,false,431387,162
1.6,1000,LEFT,270,false,431387,163
-2.1,1500,UP,270,false,431387,164
0.7,1500,UP,270,false,431387,165
1.4,1500,RIGHT,270,false,431387,166
-1.06666,1000,RIGHT,270,false,431387,167
0,1500,UP,270,false,431387,168
1.4,1500,LEFT,90,false,431387,169
-1.4,1500,LEFT,90,false,431387,170
0,1500,UP,90,false,431387,171
-1.6,1000,DOWN,90,false,431387,172
-3.54,1500,RIGHT,90,false,431387,173
1.6,1000,RIGHT,90,false,431387,174
-3.54,1500,UP,90,false,431387,175
1.4,1500,UP,90,false,431387,176
-3.2,1000,LEFT,90,false,431387,177
3.54,1500,RIGHT,90,false,431387,178
4.8,1000,LEFT,90,false,431387,179
-0.7,1500,DOWN,90,false,431387,180
0,1500,RIGHT,90,false,431387,181
-1.06666,1000,LEFT,90,false,431387,182
0,1000,LEFT,90,false,431387,183
-1.6,1000,RIGHT,90,false,431387,184
3.54,1500,DOWN,90,false,431387,185
0,1500,RIGHT,90,false,431387,186
-1.6,1000,UP,90,false,431387,187
3.2,1000,UP,90,false,431387,188
0,1500,DOWN,90,false,431387,189
-0.7,1500,DOWN,90,false,431387,190
-1.6,1000,LEFT,90,false,431387,191
-3.2,1000,DOWN,90,false,431387,192
2.1,1500,LEFT,90,false,431387,193
0,1500,UP,90,false,431387,194
1.6,1000,LEFT,90,false,431387,195
0,1000,DOWN,90,false,431387,196
0.7,1500,LEFT,270,false,431387,197
-1.6,1000,LEFT,270,false,431387,198
0.7,1500,DOWN,270,false,431387,199
1.4,1500,UP,270,false,431387,200
-0.7,1500,UP,270,false,431387,201
-1.6,1000,LEFT,270,false,431387,202
1.4,1500,RIGHT,270,false,431387,203
-1.4,1500,UP,270,false,431387,204
0,1500,LEFT,270,false,431387,205
1.06666,1000,UP,270,false,431387,206
-0.7,1500,LEFT,270,false,431387,207
0,1500,LEFT,270,false,431387,208
-4.8,1000,DOWN,270,false,431387,209
3.2,1000,DOWN,270,false,431387,210
0,1500,RIGHT,270,false,431387,211
4.8,1000,DOWN,270,false,431387,212
0.7,1500,DOWN,270,false,431387,213
-1.6,1000,RIGHT,270,false,431387,214
-1.6,1000,UP,270,false,431387,215
3.54,1500,DOWN,270,false,431387,216
2.1,1500,LEFT,270,false,431387,217
-1.4,1500,RIGHT,270,false,431387,218
0.7,1500,RIGHT,270,false,431387,219
-1.6,1000,DOWN,270,false,431387,220
-0.7,1500,DOWN,270,false,431387,221
-1.4,1500,DOWN,270,false,431387,222
-1.6,1000,DOWN,270,false,431387,223
0,1000,LEFT,270,false,431387,224
2.1,1500,UP,0,true,431462,1
2.1,1500,LEFT,0,true,431462,2
-3.2,1000,LEFT,0,true,431462,3
2.1,1500,RIGHT,0,true,431462,4
-2.1,1500,UP,0,true,431462,5
2.1,1500,DOWN,0,true,431462,6
-3.2,1000,RIGHT,0,true,431462,7
-2.1,1500,RIGHT,0,true,431462,8
3.2,1000,UP,0,true,431462,9
3.2,1000,DOWN,0,true,431462,10
-3.2,1000,UP,0,true,431462,11
3.2,1000,RIGHT,0,true,431462,12
-2.1,1500,LEFT,0,true,431462,13
3.2,1000,LEFT,0,true,431462,14
-2.1,1500,DOWN,0,true,431462,15
-3.2,1000,DOWN,0,true,431462,16
0,1000,RIGHT,90,false,431462,1
-1.06666,1000,LEFT,90,false,431462,2
0,1500,DOWN,90,false,431462,3
2.1,1500,RIGHT,90,false,431462,4
0.7,1500,UP,90,false,431462,5
3.2,1000,UP,90,false,431462,6
-2.1,1500,DOWN,90,false,431462,7
1.4,1500,DOWN,90,false,431462,8
-1.4,1500,RIGHT,90,false,431462,9
-0.7,1500,LEFT,90,false,431462,10
-2.1,1500,UP,90,false,431462,11
0.7,1500,LEFT,90,false,431462,12
0.7,1500,DOWN,90,false,431462,13
0,1500,UP,90,false,431462,14
1.6,1000,LEFT,90,false,431462,15
-3.54,1500,DOWN,90,false,431462,16
1.4,1500,RIGHT,90,false,431462,17
-1.4,1500,RIGHT,90,false,431462,18
0,1500,RIGHT,90,false,431462,19
0.7,1500,RIGHT,90,false,431462,20
-0.7,1500,RIGHT,90,false,431462,21
0.7,1500,LEFT,90,false,431462,22
0.7,1500,DOWN,90,false,431462,23
-1.4,1500,DOWN,90,false,431462,24
2.1,1500,DOWN,90,false,431462,25
0.7,1500,DOWN,90,false,431462,26
0.7,1500,RIGHT,90,false,431462,27
-0.7,1500,RIGHT,90,false,431462,28
4.8,1000,UP,270,false,431462,29
0.7,1500,UP,270,false,431462,30
-1.4,1500,DOWN,270,false,431462,31
1.06666,1000,LEFT,270,false,431462,32
-1.6,1000,RIGHT,270,false,431462,33
0,1500,UP,270,false,431462,34
1.06666,1000,DOWN,270,false,431462,35
0,1500,DOWN,270,false,431462,36
-2.1,1500,LEFT,270,false,431462,37
-2.1,1500,UP,270,false,431462,38
0.7,1500,LEFT,270,false,431462,39
-0.7,1500,DOWN,270,false,431462,40
-4.8,1000,UP,270,false,431462,41
-1.06666,1000,RIGHT,270,false,431462,42
-4.8,1000,LEFT,270,false,431462,43
-3.54,1500,RIGHT,270,false,431462,44
-1.4,1500,RIGHT,270,false,431462,45
3.2,1000,LEFT,270,false,431462,46
-0.7,1500,LEFT,270,false,431462,47
-2.1,1500,RIGHT,270,false,431462,48
1.6,1000,DOWN,270,false,431462,49
0,1500,UP,270,false,431462,50
0.7,1500,LEFT,270,false,431462,51
1.4,1500,DOWN,270,false,431462,52
0,1000,LEFT,270,false,431462,53
-1.4,1500,UP,270,false,431462,54
4.8,1000,LEFT,270,false,431462,55
3.54,1500,LEFT,270,false,431462,56
1.6,1000,RIGHT,90,false,431462,57
-0.7,1500,DOWN,90,false,431462,58
-0.7,1500,RIGHT,90,false,431462,59
1.6,1000,RIGHT,90,false,431462,60
3.54,1500,RIGHT,90,false,431462,61
-2.1,1500,RIGHT,90,false,431462,62
1.6,1000,DOWN,90,false,431462,63
-0.7,1500,LEFT,90,false,431462,64
1.06666,1000,LEFT,90,false,431462,65
1.6,1000,DOWN,90,false,431462,66
0,1000,RIGHT,90,false,431462,67
-1.06666,1000,DOWN,90,false,431462,68
1.4,1500,RIGHT,90,false,431462,69
0,1000,UP,90,false,431462,70
-1.6,1000,DOWN,90,false,431462,71
-3.2,1000,LEFT,90,false,431462,72
-1.4,1500,UP,90,false,431462,73
1.06666,1000,UP,90,false,431462,74
-3.54,1500,LEFT,90,false,431462,75
-3.2,1000,RIGHT,90,false,431462,76
4.8,1000,RIGHT,90,false,431462,77
-4.8,1000,RIGHT,90,false,431462,78
3.54,1500,DOWN,90,false,431462,79
3.2,1000,LEFT,90,false,431462,80
-3.54,1500,RIGHT,90,false,431462,81
-1.06666,1000,UP,90,false,431462,82
0,1000,LEFT,90,false,431462,83
0.7,1500,UP,90,false,431462,84
1.6,1000,UP,270,false,431462,85
0,1000,RIGHT,270,false,431462,86
-0.7,1500,UP,270,false,431462,87
-0.7,1500,UP,270,false,431462,88
0.7,1500,UP,270,false,431462,89
1.4,1500,RIGHT,270,false,431462,90
1.4,1500,UP,270,false,431462,91
1.4,1500,UP,270,false,431462,92
-0.7,1500,LEFT,270,false,431462,93
3.2,1000,DOWN,270,false,431462,94
3.54,1500,UP,270,false,431462,95
2.1,1500,RIGHT,270,false,431462,96
4.8,1000,DOWN,270,false,431462,97
-0.7,1500,RIGHT,270,false,431462,98
-1.6,1000,UP,270,false,431462,99
-1.06666,1000,LEFT,270,false,431462,100
-1.6,1000,LEFT,270,false,431462,101
-3.2,1000,LEFT,270,false,431462,102
1.06666,1000,RIGHT,270,false,431462,103
-2.1,1500,DOWN,270,false,431462,104
1.4,1500,LEFT,270,false,431462,105
1.6,1000,LEFT,270,false,431462,106
-1.6,1000,DOWN,270,false,431462,107
2.1,1500,DOWN,270,false,431462,108
-1.6,1000,DOWN,270,false,431462,109
3.2,1000,RIGHT,270,false,431462,110
-1.4,1500,LEFT,270,false,431462,111
0,1500,DOWN,270,false,431462,112
-1.6,1000,RIGHT,90,false,431462,113
1.6,1000,LEFT,90,false,431462,114
0.7,1500,RIGHT,90,false,431462,115
1.4,1500,DOWN,90,false,431462,116
1.4,1500,LEFT,90,false,431462,117
4.8,1000,LEFT,90,false,431462,118
-1.4,1500,LEFT,90,false,431462,119
-1.4,1500,UP,90,false,431462,120
1.06666,1000,RIGHT,90,false,431462,121
-0.7,1500,DOWN,90,false,431462,122
0,1500,RIGHT,90,false,431462,123
0,1500,LEFT,90,false,431462,124
-4.8,1000,UP,90,false,431462,125
-1.4,1500,DOWN,90,false,431462,126
2.1,1500,UP,90,false,431462,127
0,1500,LEFT,90,false,431462,128
3.54,1500,LEFT,90,false,431462,129
-1.6,1000,LEFT,90,false,431462,130
0.7,1500,LEFT,90,false,431462,131
-0.7,1500,UP,90,false,431462,132
4.8,1000,UP,90,false,431462,133
1.6,1000,UP,90,false,431462,134
-3.2,1000,UP,90,false,431462,135
0,1500,UP,90,false,431462,136
3.2,1000,RIGHT,90,false,431462,137
-0.7,1500,DOWN,90,false,431462,138
0,1000,UP,90,false,431462,139
4.8,1000,DOWN,90,false,431462,140
-1.6,1000,LEFT,270,false,431462,141
0.7,1500,DOWN,270,false,431462,142
4.8,1000,RIGHT,270,false,431462,143
-3.2,1000,DOWN,270,false,431462,144
1.6,1000,RIGHT,270,false,431462,145
0.7,1500,RIGHT,270,false,431462,146
0.7,1500,UP,270,false,431462,147
0,1000,RIGHT,270,false,431462,148
-1.4,1500,RIGHT,270,false,431462,149
-1.4,1500,LEFT,270,false,431462,150
-4.8,1000,RIGHT,270,false,431462,151
-3.2,1000,UP,270,false,431462,152
1.6,1000,DOWN,270,false,431462,153
0,1500,RIGHT,270,false,431462,154
-0.7,1500,RIGHT,270,false,431462,155
-3.54,1500,DOWN,270,false,431462,156
0,1000,UP,270,false,431462,157
2.1,1500,LEFT,270,false,431462,158
0.7,1500,DOWN,270,false,431462,159
3.54,1500,DOWN,270,false,431462,160
-1.06666,1000,UP,270,false,431462,161
0.7,1500,DOWN,270,false,431462,162
2.1,1500,UP,270,false,431462,163
-1.6,1000,UP,270,false,431462,164
1.6,1000,LEFT,270,false,431462,165
-0.7,1500,DOWN,270,false,431462,166
1.4,1500,RIGHT,270,false,431462,167
-3.54,1500,LEFT,270,false,431462,168
-1.6,1000,UP,90,false,431462,169
-4.8,1000,DOWN,90,false,431462,170
-2.1,1500,LEFT,90,false,431462,171
0.7,1500,UP,90,false,431462,172
-0.7,1500,LEFT,90,false,431462,173
1.6,1000,UP,90,false,431462,174
-1.6,1000,RIGHT,90,false,431462,175
-0.7,1500,UP,90,false,431462,176
-1.6,1000,UP,90,false,431462,177
1.06666,1000,DOWN,90,false,431462,178
0,1000,DOWN,90,false,431462,179
1.4,1500,UP,90,false,431462,180
3.54,1500,UP,90,false,431462,181
0,1000,DOWN,90,false,431462,182
0,1500,DOWN,90,false,431462,183
0,1000,LEFT,90,false,431462,184
-1.06666,1000,RIGHT,90,false,431462,185
1.4,1500,LEFT,90,false,431462,186
-1.6,1000,LEFT,90,false,431462,187
-3.54,1500,UP,90,false,431462,188
2.1,1500,LEFT,90,false,431462,189
-3.2,1000,DOWN,90,false,431462,190
3.2,1000,DOWN,90,false,431462,191
1.4,1500,UP,90,false,431462,192
-0.7,1500,UP,90,false,431462,193
-1.4,1500,LEFT,90,false,431462,194
-1.6,1000,DOWN,90,false,431462,195
-4.8,1000,LEFT,90,false,431462,196
0.7,1500,RIGHT,270,false,431462,197
0,1000,DOWN,270,false,431462,198
0,1500,LEFT,270,false,431462,199
-1.6,1000,RIGHT,270,false,431462,200
0,1000,LEFT,270,false,431462,201
-1.06666,1000,DOWN,270,false,431462,202
-1.4,1500,DOWN,270,false,431462,203
3.54,1500,RIGHT,270,false,431462,204
0.7,1500,LEFT,270,false,431462,205
-0.7,1500,UP,270,false,431462,206
0.7,1500,RIGHT,270,false,431462,207
3.2,1000,UP,270,false,431462,208
-3.2,1000,RIGHT,270,false,431462,209
1.4,1500,LEFT,270,false,431462,210
0,1000,UP,270,false,431462,211
0,1500,RIGHT,270,false,431462,212
-3.54,1500,UP,270,false,431462,213
0,1000,DOWN,270,false,431462,214
-1.4,1500,UP,270,false,431462,215
1.4,1500,DOWN,270,false,431462,216
0,1500,LEFT,270,false,431462,217
1.06666,1000,UP,270,false,431462,218
-0.7,1500,LEFT,270,false,431462,219
-0.7,1500,RIGHT,270,false,431462,220
-0.7,1500,DOWN,270,false,431462,221
1.6,1000,UP,270,false,431462,222
1.6,1000,RIGHT,270,false,431462,223
-4.8,1000,DOWN,270,false,431462,224
-3.2,1000,RIGHT,0,true,431388,1
2.1,1500,DOWN,0,true,431388,2
3.2,1000,UP,0,true,431388,3
3.2,1000,DOWN,0,true,431388,4
2.1,1500,LEFT,0,true,431388,5
3.2,1000,RIGHT,0,true,431388,6
-2.1,1500,DOWN,0,true,431388,7
-3.2,1000,DOWN,0,true,431388,8
2.1,1500,RIGHT,0,true,431388,9
3.2,1000,LEFT,0,true,431388,10
2.1,1500,UP,0,true,431388,11
-3.2,1000,UP,0,true,431388,12
-2.1,1500,UP,0,true,431388,13
-2.1,1500,RIGHT,0,true,431388,14
-2.1,1500,LEFT,0,true,431388,15
-3.2,1000,LEFT,0,true,431388,16
3.54,1500,UP,270,false,431388,1
1.06666,1000,LEFT,270,false,431388,2
-2.1,1500,UP,270,false,431388,3
-0.7,1500,UP,270,false,431388,4
3.54,1500,LEFT,270,false,431388,5
-1.6,1000,LEFT,270,false,431388,6
-0.7,1500,RIGHT,270,false,431388,7
-1.06666,1000,DOWN,270,false,431388,8
-3.54,1500,RIGHT,270,false,431388,9
-1.06666,1000,RIGHT,270,false,431388,10
4.8,1000,UP,270,false,431388,11
0.7,1500,LEFT,270,false,431388,12
0.7,1500,RIGHT,270,false,431388,13
-4.8,1000,DOWN,270,false,431388,14
2.1,1500,LEFT,270,false,431388,15
1.4,1500,LEFT,270,false,431388,16
-4.8,1000,LEFT,270,false,431388,17
0,1500,UP,270,false,431388,18
-2.1,1500,RIGHT,270,false,431388,19
-0.7,1500,UP,270,false,431388,20
-0.7,1500,RIGHT,270,false,431388,21
0,1500,LEFT,270,false,431388,22
1.6,1000,RIGHT,270,false,431388,23
-3.54,1500,UP,270,false,431388,24
0,1500,RIGHT,270,false,431388,25
-0.7,1500,LEFT,270,false,431388,26
1.4,1500,DOWN,270,false,431388,27
-1.6,1000,LEFT,270,false,431388,28
0,1000,RIGHT,90,false,431388,29
2.1,1500,DOWN,90,false,431388,30
1.6,1000,UP,90,false,431388,31
3.54,1500,DOWN,90,false,431388,32
0.7,1500,RIGHT,90,false,431388,33
-1.4,1500,UP,90,false,431388,34
-0.7,1500,UP,90,false,431388,35
3.2,1000,DOWN,90,false,431388,36
4.8,1000,RIGHT,90,false,431388,37
-1.06666,1000,RIGHT,90,false,431388,38
1.06666,1000,LEFT,90,false,431388,39
-3.54,1500,LEFT,90,false,431388,40
-1.06666,1000,UP,90,false,431388,41
0.7,1500,LEFT,90,false,431388,42
-4.8,1000,LEFT,90,false,431388,43
-0.7,1500,LEFT,90,false,431388,44
-3.2,1000,LEFT,90,false,431388,45
1.6,1000,LEFT,90,false,431388,46
0.7,1500,DOWN,90,false,431388,47
4.8,1000,UP,90,false,431388,48
0.7,1500,LEFT,90,false,431388,49
3.2,1000,RIGHT,90,false,431388,50
-3.54,1500,UP,90,false,431388,51
-1.4,1500,RIGHT,90,false,431388,52
0,1000,UP,90,false,431388,53
-0.7,1500,LEFT,90,false,431388,54
-0.7,1500,RIGHT,90,false,431388,55
-1.6,1000,RIGHT,90,false,431388,56
0.7,1500,RIGHT,270,false,431388,57
-2.1,1500,DOWN,270,false,431388,58
-0.7,1500,LEFT,270,false,431388,59
-1.6,1000,UP,270,false,431388,60
0.7,1500,DOWN,270,false,431388,61
-3.2,1000,UP,270,false,431388,62
0,1500,LEFT,270,false,431388,63
-0.7,1500,DOWN,270,false,431388,64
-1.6,1000,RIGHT,270,false,431388,65
0,1000,LEFT,270,false,431388,66
-1.4,1500,UP,270,false,431388,67
2.1,1500,UP,270,false,431388,68
-3.54,1500,LEFT,270,false,431388,69
-1.06666,1000,UP,270,false,431388,70
-0.7,1500,RIGHT,270,false,431388,71
-1.06666,1000,LEFT,270,false,431388,72
-0.7,1500,LEFT,270,false,431388,73
-1.4,1500,DOWN,270,false,431388,74
0,1000,DOWN,270,false,431388,75
-1.4,1500,LEFT,270,false,431388,76
-3.2,1000,LEFT,270,false,431388,77
-1.4,1500,RIGHT,270,false,431388,78
4.8,1000,LEFT,270,false,431388,79
0,1000,UP,270,false,431388,80
0,1500,RIGHT,270,false,431388,81
3.54,1500,DOWN,270,false,431388,82
0.7,1500,LEFT,270,false,431388,83
0,1000,RIGHT,270,false,431388,84
0,1500,UP,90,false,431388,85
0,1000,LEFT,90,false,431388,86
0,1500,RIGHT,90,false,431388,87
0,1000,DOWN,90,false,431388,88
-1.4,1500,DOWN,90,false,431388,89
-0.7,1500,UP,90,false,431388,90
3.54,1500,UP,90,false,431388,91
0,1500,DOWN,90,false,431388,92
3.54,1500,RIGHT,90,false,431388,93
-1.4,1500,UP,90,false,431388,94
-3.54,1500,RIGHT,90,false,431388,95
1.06666,1000,RIGHT,90,false,431388,96
0,1500,LEFT,90,false,431388,97
1.6,1000,UP,90,false,431388,98
-1.6,1000,DOWN,90,false,431388,99
-1.6,1000,DOWN,90,false,431388,100
-0.7,1500,UP,90,false,431388,101
1.6,1000,RIGHT,90,false,431388,102
0,1000,UP,90,false,431388,103
-0.7,1500,RIGHT,90,false,431388,104
-0.7,1500,LEFT,90,false,431388,105
0,1500,LEFT,90,false,431388,106
-3.2,1000,UP,90,false,431388,107
-3.2,1000,RIGHT,90,false,431388,108
-4.8,1000,DOWN,90,false,431388,109
1.6,1000,RIGHT,90,false,431388,110
0,1500,RIGHT,90,false,431388,111
1.4,1500,DOWN,90,false,431388,112
-1.6,1000,UP,270,false,431388,113
1.4,1500,RIGHT,270,false,431388,114
1.06666,1000,DOWN,270,false,431388,115
0,1500,UP,270,false,431388,116
3.2,1000,UP,270,false,431388,117
0.7,1500,LEFT,270,false,431388,118
0.7,1500,RIGHT,270,false,431388,119
-0.7,1500,DOWN,270,false,431388,120
1.6,1000,UP,270,false,431388,121
0.7,1500,UP,270,false,431388,122
1.6,1000,DOWN,270,false,431388,123
1.06666,1000,RIGHT,270,false,431388,124
0.7,1500,DOWN,270,false,431388,125
0.7,1500,UP,270,false,431388,126
0,1500,DOWN,270,false,431388,127
4.8,1000,RIGHT,270,false,431388,128
-4.8,1000,UP,270,false,431388,129
-1.4,1500,LEFT,270,false,431388,130
1.6,1000,RIGHT,270,false,431388,131
-1.6,1000,RIGHT,270,false,431388,132
-0.7,1500,UP,270,false,431388,133
2.1,1500,DOWN,270,false,431388,134
-1.6,1000,DOWN,270,false,431388,135
3.2,1000,DOWN,270,false,431388,136
0.7,1500,DOWN,270,false,431388,137
0,1000,UP,270,false,431388,138
0,1500,DOWN,270,false,431388,139
-1.4,1500,DOWN,270,false,431388,140
0,1500,DOWN,90,false,431388,141
4.8,1000,DOWN,90,false,431388,142
-3.54,1500,DOWN,90,false,431388,143
0.7,1500,RIGHT,90,false,431388,144
0,1500,UP,90,false,431388,145
1.4,1500,UP,90,false,431388,146
0.7,1500,LEFT,90,false,431388,147
-1.6,1000,UP,90,false,431388,148
1.4,1500,RIGHT,90,false,431388,149
1.6,1000,DOWN,90,false,431388,150
1.06666,1000,UP,90,false,431388,151
0.7,1500,UP,90,false,431388,152
0.7,1500,DOWN,90,false,431388,153
0,1000,RIGHT,90,false,431388,154
-1.6,1000,LEFT,90,false,431388,155
1.4,1500,UP,90,false,431388,156
0.7,1500,RIGHT,90,false,431388,157
1.4,1500,LEFT,90,false,431388,158
-3.2,1000,DOWN,90,false,431388,159
0.7,1500,DOWN,90,false,431388,160
-1.4,1500,LEFT,90,false,431388,161
1.6,1000,DOWN,90,false,431388,162
-1.6,1000,UP,90,false,431388,163
-2.1,1500,DOWN,90,false,431388,164
-1.06666,1000,DOWN,90,false,431388,165
-2.1,1500,LEFT,90,false,431388,166
2.1,1500,RIGHT,90,false,431388,167
-1.4,1500,LEFT,90,false,431388,168
3.2,1000,LEFT,270,false,431388,169
3.2,1000,RIGHT,270,false,431388,170
-2.1,1500,LEFT,270,false,431388,171
1.4,1500,LEFT,270,false,431388,172
1.6,1000,DOWN,270,false,431388,173
1.06666,1000,UP,270,false,431388,174
2.1,1500,RIGHT,270,false,431388,175
1.6,1000,LEFT,270,false,431388,176
-3.2,1000,RIGHT,270,false,431388,177
0.7,1500,UP,270,false,431388,178
-1.4,1500,UP,270,false,431388,179
-4.8,1000,RIGHT,270,false,431388,180
3.54,1500,RIGHT,270,false,431388,181
-0.7,1500,DOWN,270,false,431388,182
4.8,1000,DOWN,270,false,431388,183
0,1000,RIGHT,270,false,431388,184
1.4,1500,DOWN,270,false,431388,185
1.6,1000,LEFT,270,false,431388,186
-1.6,1000,DOWN,270,false,431388,187
1.4,1500,UP,270,false,431388,188
1.6,1000,UP,270,false,431388,189
1.4,1500,UP,270,false,431388,190
-1.4,1500,RIGHT,270,false,431388,191
1.4,1500,RIGHT,270,false,431388,192
-3.2,1000,DOWN,270,false,431388,193
0,1000,LEFT,270,false,431388,194
0,1000,DOWN,270,false,431388,195
-3.54,1500,DOWN,270,false,431388,196
-4.8,1000,RIGHT,90,false,431388,197
-2.1,1500,RIGHT,90,false,431388,198
-1.6,1000,RIGHT,90,false,431388,199
3.2,1000,UP,90,false,431388,200
0.7,1500,UP,90,false,431388,201
2.1,1500,LEFT,90,false,431388,202
-1.4,1500,DOWN,90,false,431388,203
-2.1,1500,UP,90,false,431388,204
1.4,1500,LEFT,90,false,431388,205
0,1000,DOWN,90,false,431388,206
0.7,1500,UP,90,false,431388,207
4.8,1000,LEFT,90,false,431388,208
-0.7,1500,DOWN,90,false,431388,209
-4.8,1000,UP,90,false,431388,210
-0.7,1500,DOWN,90,false,431388,211
-1.4,1500,RIGHT,90,false,431388,212
3.2,1000,LEFT,90,false,431388,213
-1.6,1000,LEFT,90,false,431388,214
0,1000,LEFT,90,false,431388,215
-1.06666,1000,LEFT,90,false,431388,216
-0.7,1500,RIGHT,90,false,431388,217
2.1,1500,UP,90,false,431388,218
-0.7,1500,DOWN,90,false,431388,219
1.06666,1000,DOWN,90,false,431388,220
3.54,1500,LEFT,90,false,431388,221
1.6,1000,LEFT,90,false,431388,222
1.4,1500,DOWN,90,false,431388,223
1.4,1500,RIGHT,90,false,431388,224
-3.2,1000,DOWN,0,true,431349,1
-2.1,1500,RIGHT,0,true,431349,2
3.2,1000,LEFT,0,true,431349,3
3.2,1000,RIGHT,0,true,431349,4
-3.2,1000,RIGHT,0,true,431349,5
3.2,1000,DOWN,0,true,431349,6
-2.1,1500,LEFT,0,true,431349,7
-2.1,1500,DOWN,0,true,431349,8
-3.2,1000,LEFT,0,true,431349,9
3.2,1000,UP,0,true,431349,10
2.1,1500,LEFT,0,true,431349,11
2.1,1500,UP,0,true,431349,12
2.1,1500,RIGHT,0,true,431349,13
-2.1,1500,UP,0,true,431349,14
2.1,1500,DOWN,0,true,431349,15
-3.2,1000,UP,0,true,431349,16
-1.06666,1000,UP,270,false,431349,1
1.6,1000,RIGHT,270,false,431349,2
0,1000,LEFT,270,false,431349,3
0.7,1500,UP,270,false,431349,4
-0.7,1500,LEFT,270,false,431349,5
-1.6,1000,UP,270,false,431349,6
-0.7,1500,DOWN,270,false,431349,7
0,1000,RIGHT,270,false,431349,8
0.7,1500,LEFT,270,false,431349,9
3.2,1000,UP,270,false,431349,10
-1.06666,1000,LEFT,270,false,431349,11
0.7,1500,DOWN,270,false,431349,12
0.7,1500,RIGHT,270,false,431349,13
0,1000,UP,270,false,431349,14
-4.8,1000,UP,270,false,431349,15
-1.6,1000,UP,270,false,431349,16
-1.4,1500,LEFT,270,false,431349,17
-1.4,1500,RIGHT,270,false,431349,18
4.8,1000,UP,270,false,431349,19
-1.6,1000,RIGHT,270,false,431349,20
-1.6,1000,RIGHT,270,false,431349,21
-0.7,1500,RIGHT,270,false,431349,22
0.7,1500,DOWN,270,false,431349,23
0,1500,LEFT,270,false,431349,24
2.1,1500,UP,270,false,431349,25
0.7,1500,DOWN,270,false,431349,26
3.54,1500,LEFT,270,false,431349,27
0,1000,LEFT,270,false,431349,28
3.54,1500,DOWN,90,false,431349,29
0,1500,DOWN,90,false,431349,30
4.8,1000,RIGHT,90,false,431349,31
-1.06666,1000,LEFT,90,false,431349,32
-3.2,1000,DOWN,90,false,431349,33
-1.06666,1000,RIGHT,90,false,431349,34
0,1500,RIGHT,90,false,431349,35
-1.6,1000,DOWN,90,false,431349,36
-0.7,1500,DOWN,90,false,431349,37
0.7,1500,RIGHT,90,false,431349,38
1.4,1500,RIGHT,90,false,431349,39
0,1500,LEFT,90,false,431349,40
-0.7,1500,DOWN,90,false,431349,41
-0.7,1500,LEFT,90,false,431349,42
1.6,1000,RIGHT,90,false,431349,43
0.7,1500,LEFT,90,false,431349,44
-2.1,1500,UP,90,false,431349,45
-0.7,1500,RIGHT,90,false,431349,46
0,1500,LEFT,90,false,431349,47
3.2,1000,UP,90,false,431349,48
0,1000,RIGHT,90,false,431349,49
2.1,1500,UP,90,false,431349,50
-0.7,1500,RIGHT,90,false,431349,51
1.4,1500,LEFT,90,false,431349,52
-4.8,1000,UP,90,false,431349,53
-0.7,1500,RIGHT,90,false,431349,54
3.54,1500,UP,90,false,431349,55
0,1000,LEFT,90,false,431349,56
-4.8,1000,DOWN,270,false,431349,57
1.4,1500,RIGHT,270,false,431349,58
-3.2,1000,RIGHT,270,false,431349,59
-0.7,1500,RIGHT,270,false,431349,60
0,1500,UP,270,false,431349,61
-0.7,1500,DOWN,270,false,431349,62
1.06666,1000,UP,270,false,431349,63
1.6,1000,RIGHT,270,false,431349,64
0.7,1500,LEFT,270,false,431349,65
0.7,1500,RIGHT,270,false,431349,66
4.8,1000,DOWN,270,false,431349,67
0.7,1500,UP,270,false,431349,68
0.7,1500,RIGHT,270,false,431349,69
1.6,1000,UP,270,false,431349,70
-4.8,1000,RIGHT,270,false,431349,71
0.7,1500,LEFT,270,false,431349,72
-1.6,1000,LEFT,270,false,431349,73
3.54,1500,RIGHT,270,false,431349,74
3.2,1000,RIGHT,270,false,431349,75
-3.2,1000,LEFT,270,false,431349,76
0,1500,RIGHT,270,false,431349,77
1.4,1500,LEFT,270,false,431349,78
-1.06666,1000,RIGHT,270,false,431349,79
-0.7,1500,UP,270,false,431349,80
0.7,1500,UP,270,false,431349,81
-0.7,1500,LEFT,270,false,431349,82
-2.1,1500,DOWN,270,false,431349,83
2.1,1500,DOWN,270,false,431349,84
2.1,1500,RIGHT,90,false,431349,85
3.2,1000,RIGHT,90,false,431349,86
-1.6,1000,RIGHT,90,false,431349,87
0,1000,RIGHT,90,false,431349,88
0.7,1500,RIGHT,90,false,431349,89
-1.4,1500,UP,90,false,431349,90
1.06666,1000,UP,90,false,431349,91
0,1500,DOWN,90,false,431349,92
0.7,1500,UP,90,false,431349,93
1.6,1000,UP,90,false,431349,94
-3.54,1500,LEFT,90,false,431349,95
-3.54,1500,UP,90,false,431349,96
1.06666,1000,DOWN,90,false,431349,97
-1.6,1000,LEFT,90,false,431349,98
-1.4,1500,DOWN,90,false,431349,99
1.4,1500,DOWN,90,false,431349,100
4.8,1000,DOWN,90,false,431349,101
0,1000,UP,90,false,431349,102
-0.7,1500,UP,90,false,431349,103
-4.8,1000,DOWN,90,false,431349,104
-4.8,1000,RIGHT,90,false,431349,105
0.7,1500,UP,90,false,431349,106
0,1000,DOWN,90,false,431349,107
-3.54,1500,DOWN,90,false,431349,108
0.7,1500,DOWN,90,false,431349,109
2.1,1500,LEFT,90,false,431349,110
-1.6,1000,DOWN,90,false,431349,111
-3.54,1500,RIGHT,90,false,431349,112
-1.6,1000,LEFT,270,false,431349,113
0,1500,RIGHT,270,false,431349,114
-1.4,1500,DOWN,270,false,431349,115
0,1000,DOWN,270,false,431349,116
-1.4,1500,DOWN,270,false,431349,117
1.6,1000,UP,270,false,431349,118
1.06666,1000,LEFT,270,false,431349,119
-1.06666,1000,DOWN,270,false,431349,120
2.1,1500,RIGHT,270,false,431349,121
4.8,1000,RIGHT,270,false,431349,122
-3.54,1500,DOWN,270,false,431349,123
-3.54,1500,LEFT,270,false,431349,124
-2.1,1500,UP,270,false,431349,125
-0.7,1500,UP,270,false,431349,126
-0.7,1500,DOWN,270,false,431349,127
-3.54,1500,RIGHT,270,false,431349,128
0,1500,DOWN,270,false,431349,129
2.1,1500,LEFT,270,false,431349,130
0,1500,DOWN,270,false,431349,131
1.6,1000,LEFT,270,false,431349,132
-1.4,1500,UP,270,false,431349,133
-1.4,1500,LEFT,270,false,431349,134
1.06666,1000,RIGHT,270,false,431349,135
-2.1,1500,RIGHT,270,false,431349,136
-0.7,1500,UP,270,false,431349,137
-0.7,1500,LEFT,270,false,431349,138
0,1000,RIGHT,270,false,431349,139
0,1500,LEFT,270,false,431349,140
-1.4,1500,DOWN,90,false,431349,141
-1.4,1500,RIGHT,90,false,431349,142
3.54,1500,RIGHT,90,false,431349,143
0,1500,RIGHT,90,false,431349,144
0,1500,UP,90,false,431349,145
0.7,1500,RIGHT,90,false,431349,146
-0.7,1500,DOWN,90,false,431349,147
-0.7,1500,UP,90,false,431349,148
0.7,1500,DOWN,90,false,431349,149
-0.7,1500,LEFT,90,false,431349,150
1.06666,1000,RIGHT,90,false,431349,151
1.6,1000,UP,90,false,431349,152
-3.2,1000,RIGHT,90,false,431349,153
0.7,1500,LEFT,90,false,431349,154
-1.06666,1000,DOWN,90,false,431349,155
-3.2,1000,LEFT,90,false,431349,156
-2.1,1500,DOWN,90,false,431349,157
3.2,1000,DOWN,90,false,431349,158
-1.6,1000,UP,90,false,431349,159
-1.6,1000,RIGHT,90,false,431349,160
1.6,1000,RIGHT,90,false,431349,161
1.06666,1000,LEFT,90,false,431349,162
0,1500,UP,90,false,431349,163
0.7,1500,UP,90,false,431349,164
1.4,1500,UP,90,false,431349,165
-1.06666,1000,UP,90,false,431349,166
0,1000,DOWN,90,false,431349,167
-1.6,1000,UP,90,false,431349,168
-3.2,1000,UP,270,false,431349,169
0,1500,UP,270,false,431349,170
-0.7,1500,RIGHT,270,false,431349,171
1.4,1500,DOWN,270,false,431349,172
1.4,1500,LEFT,270,false,431349,173
1.06666,1000,DOWN,270,false,431349,174
-3.2,1000,DOWN,270,false,431349,175
0,1000,DOWN,270,false,431349,176
3.2,1000,LEFT,270,false,431349,177
1.4,1500,RIGHT,270,false,431349,178
-1.4,1500,RIGHT,270,false,431349,179
-4.8,1000,LEFT,270,false,431349,180
-1.6,1000,DOWN,270,false,431349,181
-1.4,1500,UP,270,false,431349,182
3.2,1000,DOWN,270,false,431349,183
1.4,1500,UP,270,false,431349,184
1.6,1000,DOWN,270,false,431349,185
3.54,1500,DOWN,270,false,431349,186
4.8,1000,LEFT,270,false,431349,187
1.4,1500,DOWN,270,false,431349,188
-1.6,1000,DOWN,270,false,431349,189
0,1000,UP,270,false,431349,190
3.54,1500,UP,270,false,431349,191
1.4,1500,UP,270,false,431349,192
1.6,1000,LEFT,270,false,431349,193
1.6,1000,DOWN,270,false,431349,194
-3.54,1500,UP,270,false,431349,195
-2.1,1500,LEFT,270,false,431349,196
3.54,1500,LEFT,90,false,431349,197
-0.7,1500,LEFT,90,false,431349,198
0.7,1500,DOWN,90,false,431349,199
1.6,1000,LEFT,90,false,431349,200
-1.4,1500,LEFT,90,false,431349,201
4.8,1000,LEFT,90,false,431349,202
-0.7,1500,UP,90,false,431349,203
1.6,1000,DOWN,90,false,431349,204
0.7,1500,LEFT,90,false,431349,205
1.4,1500,DOWN,90,false,431349,206
1.6,1000,DOWN,90,false,431349,207
4.8,1000,UP,90,false,431349,208
1.6,1000,LEFT,90,false,431349,209
1.4,1500,LEFT,90,false,431349,210
1.4,1500,UP,90,false,431349,211
-3.2,1000,UP,90,false,431349,212
0,1000,UP,90,false,431349,213
1.4,1500,RIGHT,90,false,431349,214
3.2,1000,LEFT,90,false,431349,215
-1.4,1500,RIGHT,90,false,431349,216
0,1000,LEFT,90,false,431349,217
-1.4,1500,UP,90,false,431349,218
-1.4,1500,LEFT,90,false,431349,219
-1.6,1000,LEFT,90,false,431349,220
2.1,1500,DOWN,90,false,431349,221
-2.1,1500,LEFT,90,false,431349,222
-2.1,1500,RIGHT,90,false,431349,223
-4.8,1000,LEFT,90,false,431349,224
3.2,1000,RIGHT,0,true,431461,1
2.1,1500,LEFT,0,true,431461,2
3.2,1000,LEFT,0,true,431461,3
2.1,1500,DOWN,0,true,431461,4
-3.2,1000,RIGHT,0,true,431461,5
-3.2,1000,LEFT,0,true,431461,6
3.2,1000,DOWN,0,true,431461,7
-3.2,1000,UP,0,true,431461,8
3.2,1000,UP,0,true,431461,9
-2.1,1500,UP,0,true,431461,10
-2.1,1500,DOWN,0,true,431461,11
2.1,1500,UP,0,true,431461,12
-2.1,1500,LEFT,0,true,431461,13
-2.1,1500,RIGHT,0,true,431461,14
-3.2,1000,DOWN,0,true,431461,15
2.1,1500,RIGHT,0,true,431461,16
0,1500,DOWN,270,false,431461,1
0,1500,LEFT,270,false,431461,2
-1.6,1000,UP,270,false,431461,3
-1.6,1000,DOWN,270,false,431461,4
3.2,1000,UP,270,false,431461,5
3.2,1000,LEFT,270,false,431461,6
-1.6,1000,UP,270,false,431461,7
1.6,1000,UP,270,false,431461,8
3.2,1000,DOWN,270,false,431461,9
1.6,1000,DOWN,270,false,431461,10
0,1500,UP,270,false,431461,11
0.7,1500,UP,270,false,431461,12
0,1000,RIGHT,270,false,431461,13
1.06666,1000,LEFT,270,false,431461,14
0,1000,RIGHT,270,false,431461,15
2.1,1500,RIGHT,270,false,431461,16
-4.8,1000,UP,270,false,431461,17
0.7,1500,LEFT,270,false,431461,18
-1.06666,1000,LEFT,270,false,431461,19
-2.1,1500,LEFT,270,false,431461,20
0.7,1500,UP,270,false,431461,21
-4.8,1000,DOWN,270,false,431461,22
-0.7,1500,UP,270,false,431461,23
1.6,1000,DOWN,270,false,431461,24
1.4,1500,LEFT,270,false,431461,25
0,1000,DOWN,270,false,431461,26
3.54,1500,RIGHT,270,false,431461,27
-3.2,1000,RIGHT,270,false,431461,28
2.1,1500,LEFT,90,false,431461,29
0.7,1500,DOWN,90,false,431461,30
-1.4,1500,DOWN,90,false,431461,31
-0.7,1500,UP,90,false,431461,32
1.6,1000,DOWN,90,false,431461,33
0.7,1500,RIGHT,90,false,431461,34
1.6,1000,LEFT,90,false,431461,35
-3.54,1500,UP,90,false,431461,36
-4.8,1000,RIGHT,90,false,431461,37
1.4,1500,DOWN,90,false,431461,38
-4.8,1000,DOWN,90,false,431461,39
0,1500,RIGHT,90,false,431461,40
-1.6,1000,DOWN,90,false,431461,41
0.7,1500,UP,90,false,431461,42
-1.06666,1000,LEFT,90,false,431461,43
0.7,1500,LEFT,90,false,431461,44
0.7,1500,UP,90,false,431461,45
1.4,1500,UP,90,false,431461,46
1.6,1000,RIGHT,90,false,431461,47
1.06666,1000,LEFT,90,false,431461,48
-1.6,1000,RIGHT,90,false,431461,49
1.4,1500,RIGHT,90,false,431461,50
3.2,1000,UP,90,false,431461,51
0.7,1500,RIGHT,90,false,431461,52
2.1,1500,DOWN,90,false,431461,53
-0.7,1500,DOWN,90,false,431461,54
0,1500,RIGHT,90,false,431461,55
-1.4,1500,LEFT,90,false,431461,56
2.1,1500,LEFT,270,false,431461,57
-1.6,1000,LEFT,270,false,431461,58
-0.7,1500,UP,270,false,431461,59
-1.6,1000,DOWN,270,false,431461,60
0,1000,UP,270,false,431461,61
-2.1,1500,RIGHT,270,false,431461,62
1.06666,1000,UP,270,false,431461,63
-0.7,1500,RIGHT,270,false,431461,64
1.6,1000,RIGHT,270,false,431461,65
1.4,1500,LEFT,270,false,431461,66
-1.4,1500,RIGHT,270,false,431461,67
0.7,1500,DOWN,270,false,431461,68
3.54,1500,UP,270,false,431461,69
0.7,1500,DOWN,270,false,431461,70
1.4,1500,DOWN,270,false,431461,71
1.4,1500,RIGHT,270,false,431461,72
-1.4,1500,LEFT,270,false,431461,73
-1.4,1500,DOWN,270,false,431461,74
0,1000,LEFT,270,false,431461,75
-3.2,1000,DOWN,270,false,431461,76
-0.7,1500,DOWN,270,false,431461,77
-4.8,1000,RIGHT,270,false,431461,78
0.7,1500,UP,270,false,431461,79
1.6,1000,LEFT,270,false,431461,80
-2.1,1500,UP,270,false,431461,81
-3.54,1500,DOWN,270,false,431461,82
0,1000,DOWN,270,false,431461,83
-0.7,1500,LEFT,270,false,431461,84
-1.6,1000,DOWN,90,false,431461,85
-3.2,1000,RIGHT,90,false,431461,86
3.54,1500,LEFT,90,false,431461,87
3.54,1500,UP,90,false,431461,88
3.2,1000,LEFT,90,false,431461,89
-0.7,1500,DOWN,90,false,431461,90
0,1000,RIGHT,90,false,431461,91
3.2,1000,DOWN,90,false,431461,92
-0.7,1500,LEFT,90,false,431461,93
-0.7,1500,RIGHT,90,false,431461,94
-2.1,1500,DOWN,90,false,431461,95
0,1000,UP,90,false,431461,96
-1.06666,1000,RIGHT,90,false,431461,97
-4.8,1000,UP,90,false,431461,98
-1.6,1000,RIGHT,90,false,431461,99
0,1500,LEFT,90,false,431461,100
-2.1,1500,RIGHT,90,false,431461,101
-1.4,1500,UP,90,false,431461,102
3.54,1500,DOWN,90,false,431461,103
-3.2,1000,DOWN,90,false,431461,104
0.7,1500,DOWN,90,false,431461,105
-1.4,1500,UP,90,false,431461,106
1.6,1000,RIGHT,90,false,431461,107
0.7,1500,DOWN,90,false,431461,108
-0.7,1500,DOWN,90,false,431461,109
-3.2,1000,UP,90,false,431461,110
0,1500,UP,90,false,431461,111
-1.4,1500,RIGHT,90,false,431461,112
-0.7,1500,DOWN,270,false,431461,113
-3.2,1000,UP,270,false,431461,114
-1.6,1000,LEFT,270,false,431461,115
1.4,1500,RIGHT,270,false,431461,116
4.8,1000,LEFT,270,false,431461,117
-2.1,1500,DOWN,270,false,431461,118
-1.4,1500,LEFT,270,false,431461,119
0.7,1500,RIGHT,270,false,431461,120
-0.7,1500,RIGHT,270,false,431461,121
1.6,1000,RIGHT,270,false,431461,122
-1.4,1500,DOWN,270,false,431461,123
1.6,1000,LEFT,270,false,431461,124
-1.4,1500,RIGHT,270,false,431461,125
-1.6,1000,RIGHT,270,false,431461,126
4.8,1000,RIGHT,270,false,431461,127
-1.06666,1000,DOWN,270,false,431461,128
0,1500,RIGHT,270,false,431461,129
-4.8,1000,LEFT,270,false,431461,130
4.8,1000,DOWN,270,false,431461,131
-0.7,1500,RIGHT,270,false,431461,132
0,1500,DOWN,270,false,431461,133
-1.6,1000,RIGHT,270,false,431461,134
-0.7,1500,UP,270,false,431461,135
3.54,1500,DOWN,270,false,431461,136
-1.4,1500,UP,270,false,431461,137
-0.7,1500,LEFT,270,false,431461,138
0,1000,LEFT,270,false,431461,139
0,1500,LEFT,270,false,431461,140
1.6,1000,LEFT,90,false,431461,141
-1.6,1000,LEFT,90,false,431461,142
-0.7,1500,UP,90,false,431461,143
0.7,1500,LEFT,90,false,431461,144
-3.54,1500,LEFT,90,false,431461,145
0,1000,RIGHT,90,false,431461,146
-0.7,1500,RIGHT,90,false,431461,147
1.06666,1000,RIGHT,90,false,431461,148
-1.6,1000,LEFT,90,false,431461,149
1.06666,1000,DOWN,90,false,431461,150
-0.7,1500,RIGHT,90,false,431461,151
4.8,1000,LEFT,90,false,431461,152
-1.4,1500,LEFT,90,false,431461,153
0,1000,DOWN,90,false,431461,154
1.6,1000,DOWN,90,false,431461,155
0,1000,UP,90,false,431461,156
4.8,1000,UP,90,false,431461,157
1.6,1000,UP,90,false,431461,158
1.4,1500,LEFT,90,false,431461,159
-1.4,1500,DOWN,90,false,431461,160
-3.54,1500,DOWN,90,false,431461,161
-0.7,1500,LEFT,90,false,431461,162
-4.8,1000,LEFT,90,false,431461,163
-1.06666,1000,UP,90,false,431461,164
0,1000,DOWN,90,false,431461,165
1.4,1500,LEFT,90,false,431461,166
-0.7,1500,UP,90,false,431461,167
3.2,1000,RIGHT,90,false,431461,168
-0.7,1500,LEFT,270,false,431461,169
2.1,1500,UP,270,false,431461,170
1.6,1000,UP,270,false,431461,171
1.06666,1000,RIGHT,270,false,431461,172
0,1500,UP,270,false,431461,173
3.54,1500,LEFT,270,false,431461,174
4.8,1000,UP,270,false,431461,175
-1.4,1500,UP,270,false,431461,176
0.7,1500,RIGHT,270,false,431461,177
-0.7,1500,DOWN,270,false,431461,178
3.2,1000,RIGHT,270,false,431461,179
2.1,1500,DOWN,270,false,431461,180
0,1500,RIGHT,270,false,431461,181
0.7,1500,LEFT,270,false,431461,182
0.7,1500,LEFT,270,false,431461,183
1.4,1500,UP,270,false,431461,184
-3.54,1500,UP,270,false,431461,185
-3.54,1500,LEFT,270,false,431461,186
-3.54,1500,RIGHT,270,false,431461,187
1.06666,1000,DOWN,270,false,431461,188
1.4,1500,DOWN,270,false,431461,189
0.7,1500,DOWN,270,false,431461,190
0.7,1500,RIGHT,270,false,431461,191
-1.06666,1000,UP,270,false,431461,192
0,1000,UP,270,false,431461,193
-3.2,1000,LEFT,270,false,431461,194
1.4,1500,UP,270,false,431461,195
-1.06666,1000,RIGHT,270,false,431461,196
3.54,1500,RIGHT,90,false,431461,197
-3.54,1500,RIGHT,90,false,431461,198
-0.7,1500,LEFT,90,false,431461,199
-1.6,1000,UP,90,false,431461,200
-2.1,1500,UP,90,false,431461,201
0,1000,LEFT,90,false,431461,202
0.7,1500,UP,90,false,431461,203
0,1500,UP,90,false,431461,204
1.4,1500,RIGHT,90,false,431461,205
0,1000,LEFT,90,false,431461,206
0.7,1500,LEFT,90,false,431461,207
1.4,1500,DOWN,90,false,431461,208
0,1500,DOWN,90,false,431461,209
0.7,1500,RIGHT,90,false,431461,210
1.6,1000,UP,90,false,431461,211
-3.2,1000,LEFT,90,false,431461,212
-1.06666,1000,DOWN,90,false,431461,213
2.1,1500,UP,90,false,431461,214
0,1500,DOWN,90,false,431461,215
2.1,1500,RIGHT,90,false,431461,216
4.8,1000,RIGHT,90,false,431461,217
1.4,1500,UP,90,false,431461,218
0,1500,LEFT,90,false,431461,219
-1.4,1500,RIGHT,90,false,431461,220
-1.6,1000,UP,90,false,431461,221
1.06666,1000,UP,90,false,431461,222
-2.1,1500,LEFT,90,false,431461,223
4.8,1000,DOWN,90,false,431461,224
-3.2,1000,UP,0,true,431453,1
3.2,1000,UP,0,true,431453,2
-2.1,1500,UP,0,true,431453,3
2.1,1500,DOWN,0,true,431453,4
-2.1,1500,DOWN,0,true,431453,5
-2.1,1500,LEFT,0,true,431453,6
3.2,1000,RIGHT,0,true,431453,7
2.1,1500,LEFT,0,true,431453,8
-3.2,1000,DOWN,0,true,431453,9
3.2,1000,LEFT,0,true,431453,10
-2.1,1500,RIGHT,0,true,431453,11
-3.2,1000,RIGHT,0,true,431453,12
2.1,1500,UP,0,true,431453,13
3.2,1000,DOWN,0,true,431453,14
-3.2,1000,LEFT,0,true,431453,15
2.1,1500,RIGHT,0,true,431453,16
0,1000,LEFT,90,false,431453,1
0.7,1500,DOWN,90,false,431453,2
-0.7,1500,RIGHT,90,false,431453,3
3.2,1000,UP,90,false,431453,4
1.6,1000,LEFT,90,false,431453,5
-1.06666,1000,LEFT,90,false,431453,6
-1.06666,1000,UP,90,false,431453,7
-1.6,1000,UP,90,false,431453,8
2.1,1500,LEFT,90,false,431453,9
-1.6,1000,LEFT,90,false,431453,10
-0.7,1500,UP,90,false,431453,11
1.4,1500,DOWN,90,false,431453,12
0.7,1500,UP,90,false,431453,13
3.54,1500,LEFT,90,false,431453,14
0,1500,LEFT,90,false,431453,15
-2.1,1500,LEFT,90,false,431453,16
1.06666,1000,UP,90,false,431453,17
2.1,1500,DOWN,90,false,431453,18
0,1500,UP,90,false,431453,19
-0.7,1500,UP,90,false,431453,20
1.4,1500,LEFT,90,false,431453,21
0.7,1500,LEFT,90,false,431453,22
-1.6,1000,UP,90,false,431453,23
-0.7,1500,RIGHT,90,false,431453,24
-3.2,1000,RIGHT,90,false,431453,25
0.7,1500,UP,90,false,431453,26
-4.8,1000,UP,90,false,431453,27
-2.1,1500,UP,90,false,431453,28
-3.2,1000,LEFT,270,false,431453,29
-1.4,1500,UP,270,false,431453,30
-0.7,1500,DOWN,270,false,431453,31
-0.7,1500,RIGHT,270,false,431453,32
0.7,1500,LEFT,270,false,431453,33
0,1000,LEFT,270,false,431453,34
1.4,1500,RIGHT,270,false,431453,35
0.7,1500,RIGHT,270,false,431453,36
-1.6,1000,LEFT,270,false,431453,37
-0.7,1500,LEFT,270,false,431453,38
-0.7,1500,RIGHT,270,false,431453,39
-1.6,1000,RIGHT,270,false,431453,40
0,1000,LEFT,270,false,431453,41
-1.6,1000,DOWN,270,false,431453,42
-1.6,1000,RIGHT,270,false,431453,43
1.06666,1000,UP,270,false,431453,44
-3.54,1500,LEFT,270,false,431453,45
-3.54,1500,UP,270,false,431453,46
3.54,1500,DOWN,270,false,431453,47
-1.6,1000,UP,270,false,431453,48
-0.7,1500,UP,270,false,431453,49
-0.7,1500,RIGHT,270,false,431453,50
1.4,1500,UP,270,false,431453,51
0.7,1500,UP,270,false,431453,52
2.1,1500,RIGHT,270,false,431453,53
3.54,1500,UP,270,false,431453,54
0.7,1500,DOWN,270,false,431453,55
1.6,1000,LEFT,270,false,431453,56
-0.7,1500,LEFT,90,false,431453,57
0.7,1500,LEFT,90,false,431453,58
-1.06666,1000,RIGHT,90,false,431453,59
1.6,1000,DOWN,90,false,431453,60
0,1500,DOWN,90,false,431453,61
-1.4,1500,UP,90,false,431453,62
0,1500,UP,90,false,431453,63
0,1000,DOWN,90,false,431453,64
0,1000,LEFT,90,false,431453,65
3.2,1000,RIGHT,90,false,431453,66
-3.2,1000,UP,90,false,431453,67
0.7,1500,LEFT,90,false,431453,68
1.4,1500,UP,90,false,431453,69
0,1000,UP,90,false,431453,70
0,1500,RIGHT,90,false,431453,71
4.8,1000,DOWN,90,false,431453,72
-1.6,1000,RIGHT,90,false,431453,73
-3.54,1500,DOWN,90,false,431453,74
-1.4,1500,LEFT,90,false,431453,75
-1.4,1500,DOWN,90,false,431453,76
3.54,1500,RIGHT,90,false,431453,77
-0.7,1500,DOWN,90,false,431453,78
0.7,1500,RIGHT,90,false,431453,79
-1.6,1000,DOWN,90,false,431453,80
0.7,1500,RIGHT,90,false,431453,81
4.8,1000,UP,90,false,431453,82
-3.54,1500,RIGHT,90,false,431453,83
-3.2,1000,DOWN,90,false,431453,84
2.1,1500,LEFT,270,false,431453,85
1.6,1000,RIGHT,270,false,431453,86
0,1500,RIGHT,270,false,431453,87
1.6,1000,UP,270,false,431453,88
4.8,1000,DOWN,270,false,431453,89
3.2,1000,UP,270,false,431453,90
0,1000,DOWN,270,false,431453,91
0,1500,UP,270,false,431453,92
0.7,1500,UP,270,false,431453,93
1.6,1000,DOWN,270,false,431453,94
-1.06666,1000,DOWN,270,false,431453,95
-0.7,1500,DOWN,270,false,431453,96
0.7,1500,RIGHT,270,false,431453,97
1.4,1500,LEFT,270,false,431453,98
1.4,1500,DOWN,270,false,431453,99
1.06666,1000,LEFT,270,false,431453,100
0.7,1500,DOWN,270,false,431453,101
0,1500,DOWN,270,false,431453,102
4.8,1000,LEFT,270,false,431453,103
1.4,1500,LEFT,270,false,431453,104
1.6,1000,RIGHT,270,false,431453,105
0,1500,RIGHT,270,false,431453,106
-3.2,1000,RIGHT,270,false,431453,107
1.4,1500,UP,270,false,431453,108
-4.8,1000,RIGHT,270,false,431453,109
-2.1,1500,RIGHT,270,false,431453,110
0.7,1500,RIGHT,270,false,431453,111
1.4,1500,RIGHT,270,false,431453,112
4.8,1000,LEFT,90,false,431453,113
-1.06666,1000,DOWN,90,false,431453,114
1.6,1000,RIGHT,90,false,431453,115
0,1000,RIGHT,90,false,431453,116
1.6,1000,UP,90,false,431453,117
-1.6,1000,LEFT,90,false,431453,118
-1.4,1500,LEFT,90,false,431453,119
-2.1,1500,RIGHT,90,false,431453,120
0.7,1500,DOWN,90,false,431453,121
2.1,1500,UP,90,false,431453,122
-1.4,1500,RIGHT,90,false,431453,123
2.1,1500,RIGHT,90,false,431453,124
1.4,1500,RIGHT,90,false,431453,125
1.06666,1000,DOWN,90,false,431453,126
1.06666,1000,LEFT,90,false,431453,127
0,1500,LEFT,90,false,431453,128
-3.54,1500,UP,90,false,431453,129
-4.8,1000,RIGHT,90,false,431453,130
-1.4,1500,RIGHT,90,false,431453,131
1.6,1000,UP,90,false,431453,132
0.7,1500,DOWN,90,false,431453,133
-2.1,1500,DOWN,90,false,431453,134
0.7,1500,RIGHT,90,false,431453,135
-0.7,1500,LEFT,90,false,431453,136
1.6,1000,DOWN,90,false,431453,137
1.06666,1000,RIGHT,90,false,431453,138
1.4,1500,DOWN,90,false,431453,139
0,1000,UP,90,false,431453,140
-1.6,1000,LEFT,270,false,431453,141
3.2,1000,RIGHT,270,false,431453,142
-1.4,1500,LEFT,270,false,431453,143
-1.6,1000,DOWN,270,false,431453,144
-3.54,1500,DOWN,270,false,431453,145
-1.06666,1000,LEFT,270,false,431453,146
-1.4,1500,DOWN,270,false,431453,147
4.8,1000,RIGHT,270,false,431453,148
-1.06666,1000,RIGHT,270,false,431453,149
0,1500,LEFT,270,false,431453,150
-1.4,1500,UP,270,false,431453,151
-3.54,1500,RIGHT,270,false,431453,152
3.54,1500,RIGHT,270,false,431453,153
0,1000,RIGHT,270,false,431453,154
-1.4,1500,LEFT,270,false,431453,155
-1.6,1000,UP,270,false,431453,156
-2.1,1500,DOWN,270,false,431453,157
-2.1,1500,LEFT,270,false,431453,158
0.7,1500,UP,270,false,431453,159
-4.8,1000,LEFT,270,false,431453,160
0,1000,RIGHT,270,false,431453,161
3.54,1500,LEFT,270,false,431453,162
1.06666,1000,DOWN,270,false,431453,163
-2.1,1500,UP,270,false,431453,164
0,1500,LEFT,270,false,431453,165
2.1,1500,UP,270,false,431453,166
-0.7,1500,DOWN,270,false,431453,167
0,1000,UP,270,false,431453,168
-0.7,1500,LEFT,90,false,431453,169
3.2,1000,DOWN,90,false,431453,170
1.6,1000,RIGHT,90,false,431453,171
-1.6,1000,RIGHT,90,false,431453,172
1.4,1500,RIGHT,90,false,431453,173
-0.7,1500,DOWN,90,false,431453,174
3.54,1500,DOWN,90,false,431453,175
0,1000,RIGHT,90,false,431453,176
-0.7,1500,RIGHT,90,false,431453,177
-3.54,1500,LEFT,90,false,431453,178
3.2,1000,LEFT,90,false,431453,179
-3.2,1000,LEFT,90,false,431453,180
1.6,1000,LEFT,90,false,431453,181
4.8,1000,RIGHT,90,false,431453,182
0,1500,RIGHT,90,false,431453,183
-0.7,1500,DOWN,90,false,431453,184
0,1500,DOWN,90,false,431453,185
1.4,1500,LEFT,90,false,431453,186
-0.7,1500,UP,90,false,431453,187
3.54,1500,UP,90,false,431453,188
1.4,1500,UP,90,false,431453,189
-4.8,1000,DOWN,90,false,431453,190
0.7,1500,UP,90,false,431453,191
-4.8,1000,LEFT,90,false,431453,192
-1.6,1000,DOWN,90,false,431453,193
-1.4,1500,UP,90,false,431453,194
0,1000,DOWN,90,false,431453,195
-1.4,1500,DOWN,90,false,431453,196
-1.4,1500,RIGHT,270,false,431453,197
-0.7,1500,LEFT,270,false,431453,198
0.7,1500,LEFT,270,false,431453,199
1.6,1000,LEFT,270,false,431453,200
1.06666,1000,RIGHT,270,false,431453,201
-4.8,1000,UP,270,false,431453,202
0.7,1500,DOWN,270,false,431453,203
0,1000,UP,270,false,431453,204
-1.4,1500,DOWN,270,false,431453,205
0,1500,UP,270,false,431453,206
-3.2,1000,DOWN,270,false,431453,207
-3.2,1000,UP,270,false,431453,208
4.8,1000,UP,270,false,431453,209
1.4,1500,DOWN,270,false,431453,210
3.2,1000,DOWN,270,false,431453,211
-0.7,1500,UP,270,false,431453,212
0,1000,DOWN,270,false,431453,213
-0.7,1500,UP,270,false,431453,214
3.2,1000,LEFT,270,false,431453,215
1.6,1000,UP,270,false,431453,216
0.7,1500,LEFT,270,false,431453,217
-4.8,1000,DOWN,270,false,431453,218
-0.7,1500,LEFT,270,false,431453,219
1.6,1000,DOWN,270,false,431453,220
0,1500,DOWN,270,false,431453,221
2.1,1500,DOWN,270,false,431453,222
-1.4,1500,RIGHT,270,false,431453,223
-1.06666,1000,UP,270,false,431453,224
-3.2,1000,RIGHT,0,true,431391,1
3.2,1000,UP,0,true,431391,2
-2.1,1500,LEFT,0,true,431391,3
3.2,1000,LEFT,0,true,431391,4
3.2,1000,DOWN,0,true,431391,5
-3.2,1000,LEFT,0,true,431391,6
-3.2,1000,DOWN,0,true,431391,7
2.1,1500,UP,0,true,431391,8
3.2,1000,RIGHT,0,true,431391,9
-2.1,1500,DOWN,0,true,431391,10
2.1,1500,DOWN,0,true,431391,11
2.1,1500,LEFT,0,true,431391,12
-2.1,1500,UP,0,true,431391,13
-3.2,1000,UP,0,true,431391,14
-2.1,1500,RIGHT,0,true,431391,15
2.1,1500,RIGHT,0,true,431391,16
-1.6,1000,DOWN,270,false,431391,1
4.8,1000,UP,270,false,431391,2
2.1,1500,UP,270,false,431391,3
-3.2,1000,LEFT,270,false,431391,4
1.6,1000,LEFT,270,false,431391,5
4.8,1000,DOWN,270,false,431391,6
0.7,1500,UP,270,false,431391,7
-1.6,1000,DOWN,270,false,431391,8
-1.06666,1000,UP,270,false,431391,9
-1.6,1000,RIGHT,270,false,431391,10
-0.7,1500,UP,270,false,431391,11
-1.4,1500,DOWN,270,false,431391,12
-2.1,1500,UP,270,false,431391,13
0.7,1500,UP,270,false,431391,14
0.7,1500,LEFT,270,false,431391,15
4.8,1000,LEFT,270,false,431391,16
0,1500,UP,270,false,431391,17
0.7,1500,LEFT,270,false,431391,18
-0.7,1500,UP,270,false,431391,19
1.6,1000,UP,270,false,431391,20
-1.4,1500,UP,270,false,431391,21
2.1,1500,DOWN,270,false,431391,22
-0.7,1500,RIGHT,270,false,431391,23
0.7,1500,DOWN,270,false,431391,24
-1.4,1500,RIGHT,270,false,431391,25
-4.8,1000,LEFT,270,false,431391,26
-3.54,1500,DOWN,270,false,431391,27
0,1000,RIGHT,270,false,431391,28
0.7,1500,DOWN,90,false,431391,29
4.8,1000,UP,90,false,431391,30
3.2,1000,LEFT,90,false,431391,31
4.8,1000,LEFT,90,false,431391,32
0,1000,DOWN,90,false,431391,33
0,1500,LEFT,90,false,431391,34
3.54,1500,DOWN,90,false,431391,35
1.4,1500,RIGHT,90,false,431391,36
-3.2,1000,UP,90,false,431391,37
-1.06666,1000,LEFT,90,false,431391,38
0.7,1500,LEFT,90,false,431391,39
-2.1,1500,RIGHT,90,false,431391,40
0.7,1500,DOWN,90,false,431391,41
0,1000,LEFT,90,false,431391,42
-1.4,1500,UP,90,false,431391,43
0,1500,UP,90,false,431391,44
0.7,1500,RIGHT,90,false,431391,45
0.7,1500,UP,90,false,431391,46
-3.2,1000,RIGHT,90,false,431391,47
-0.7,1500,RIGHT,90,false,431391,48
-1.4,1500,RIGHT,90,false,431391,49
0,1000,UP,90,false,431391,50
0,1000,RIGHT,90,false,431391,51
-0.7,1500,DOWN,90,false,431391,52
1.6,1000,UP,90,false,431391,53
0,1500,DOWN,90,false,431391,54
3.54,1500,RIGHT,90,false,431391,55
-0.7,1500,RIGHT,90,false,431391,56
-3.2,1000,UP,270,false,431391,57
1.6,1000,DOWN,270,false,431391,58
2.1,1500,LEFT,270,false,431391,59
1.4,1500,RIGHT,270,false,431391,60
1.06666,1000,UP,270,false,431391,61
0,1500,LEFT,270,false,431391,62
-0.7,1500,RIGHT,270,false,431391,63
1.4,1500,LEFT,270,false,431391,64
0.7,1500,LEFT,270,false,431391,65
0.7,1500,RIGHT,270,false,431391,66
-1.4,1500,RIGHT,270,false,431391,67
1.4,1500,DOWN,270,false,431391,68
0,1000,DOWN,270,false,431391,69
-1.4,1500,LEFT,270,false,431391,70
-1.4,1500,DOWN,270,false,431391,71
-2.1,1500,RIGHT,270,false,431391,72
-0.7,1500,LEFT,270,false,431391,73
3.54,1500,DOWN,270,false,431391,74
-1.6,1000,RIGHT,270,false,431391,75
-4.8,1000,RIGHT,270,false,431391,76
-3.2,1000,RIGHT,270,false,431391,77
0,1000,LEFT,270,false,431391,78
3.2,1000,DOWN,270,false,431391,79
-3.54,1500,LEFT,270,false,431391,80
-1.6,1000,UP,270,false,431391,81
4.8,1000,RIGHT,270,false,431391,82
0.7,1500,DOWN,270,false,431391,83
-3.54,1500,RIGHT,270,false,431391,84
1.6,1000,DOWN,90,false,431391,85
-1.6,1000,DOWN,90,false,431391,86
-2.1,1500,UP,90,false,431391,87
0,1000,RIGHT,90,false,431391,88
-0.7,1500,DOWN,90,false,431391,89
-1.06666,1000,RIGHT,90,false,431391,90
-0.7,1500,LEFT,90,false,431391,91
-0.7,1500,LEFT,90,false,431391,92
2.1,1500,RIGHT,90,false,431391,93
1.6,1000,LEFT,90,false,431391,94
0.7,1500,LEFT,90,false,431391,95
1.4,1500,DOWN,90,false,431391,96
-0.7,1500,UP,90,false,431391,97
1.6,1000,RIGHT,90,false,431391,98
0.7,1500,UP,90,false,431391,99
0.7,1500,LEFT,90,false,431391,100
-1.4,1500,RIGHT,90,false,431391,101
1.4,1500,UP,90,false,431391,102
1.4,1500,DOWN,90,false,431391,103
-1.6,1000,LEFT,90,false,431391,104
2.1,1500,DOWN,90,false,431391,105
-1.6,1000,UP,90,false,431391,106
2.1,1500,LEFT,90,false,431391,107
-3.54,1500,UP,90,false,431391,108
1.06666,1000,UP,90,false,431391,109
0.7,1500,RIGHT,90,false,431391,110
-4.8,1000,LEFT,90,false,431391,111
1.4,1500,RIGHT,90,false,431391,112
0.7,1500,DOWN,270,false,431391,113
1.4,1500,UP,270,false,431391,114
-3.54,1500,UP,270,false,431391,115
0.7,1500,RIGHT,270,false,431391,116
-0.7,1500,UP,270,false,431391,117
3.2,1000,RIGHT,270,false,431391,118
-1.4,1500,UP,270,false,431391,119
3.2,1000,LEFT,270,false,431391,120
1.6,1000,DOWN,270,false,431391,121
1.06666,1000,RIGHT,270,false,431391,122
0,1000,LEFT,270,false,431391,123
-0.7,1500,DOWN,270,false,431391,124
0,1500,UP,270,false,431391,125
1.6,1000,RIGHT,270,false,431391,126
-4.8,1000,UP,270,false,431391,127
1.06666,1000,DOWN,270,false,431391,128
0.7,1500,UP,270,false,431391,129
-1.6,1000,LEFT,270,false,431391,130
0,1000,UP,270,false,431391,131
-1.6,1000,LEFT,270,false,431391,132
0.7,1500,RIGHT,270,false,431391,133
-1.4,1500,LEFT,270,false,431391,134
1.4,1500,UP,270,false,431391,135
0,1500,DOWN,270,false,431391,136
-3.2,1000,DOWN,270,false,431391,137
-1.06666,1000,LEFT,270,false,431391,138
-4.8,1000,DOWN,270,false,431391,139
2.1,1500,RIGHT,270,false,431391,140
0.7,1500,RIGHT,90,false,431391,141
0.7,1500,UP,90,false,431391,142
-1.06666,1000,DOWN,90,false,431391,143
-0.7,1500,LEFT,90,false,431391,144
3.54,1500,UP,90,false,431391,145
-4.8,1000,DOWN,90,false,431391,146
0,1500,RIGHT,90,false,431391,147
-1.4,1500,LEFT,90,false,431391,148
-0.7,1500,UP,90,false,431391,149
0,1500,DOWN,90,false,431391,150
-3.54,1500,LEFT,90,false,431391,151
-1.06666,1000,UP,90,false,431391,152
3.2,1000,DOWN,90,false,431391,153
0,1000,UP,90,false,431391,154
-2.1,1500,DOWN,90,false,431391,155
-1.4,1500,DOWN,90,false,431391,156
3.54,1500,LEFT,90,false,431391,157
0,1000,DOWN,90,false,431391,158
0,1000,LEFT,90,false,431391,159
-1.6,1000,LEFT,90,false,431391,160
-1.6,1000,RIGHT,90,false,431391,161
-1.6,1000,UP,90,false,431391,162
-2.1,1500,LEFT,90,false,431391,163
1.06666,1000,RIGHT,90,false,431391,164
-1.6,1000,DOWN,90,false,431391,165
0,1500,UP,90,false,431391,166
0,1500,RIGHT,90,false,431391,167
1.06666,1000,LEFT,90,false,431391,168
1.4,1500,LEFT,270,false,431391,169
0,1000,UP,270,false,431391,170
0,1500,LEFT,270,false,431391,171
3.54,1500,LEFT,270,false,431391,172
-1.6,1000,UP,270,false,431391,173
0,1500,DOWN,270,false,431391,174
-2.1,1500,DOWN,270,false,431391,175
0,1000,RIGHT,270,false,431391,176
-1.06666,1000,DOWN,270,false,431391,177
1.4,1500,DOWN,270,false,431391,178
3.2,1000,UP,270,false,431391,179
3.54,1500,UP,270,false,431391,180
1.4,1500,RIGHT,270,false,431391,181
1.6,1000,UP,270,false,431391,182
-0.7,1500,DOWN,270,false,431391,183
-2.1,1500,LEFT,270,false,431391,184
-0.7,1500,LEFT,270,false,431391,185
-0.7,1500,LEFT,270,false,431391,186
0,1000,DOWN,270,false,431391,187
-0.7,1500,RIGHT,270,false,431391,188
1.6,1000,RIGHT,270,false,431391,189
0,1500,RIGHT,270,false,431391,190
0,1500,RIGHT,270,false,431391,191
1.06666,1000,LEFT,270,false,431391,192
-0.7,1500,DOWN,270,false,431391,193
-1.06666,1000,RIGHT,270,false,431391,194
1.6,1000,LEFT,270,false,431391,195
3.54,1500,RIGHT,270,false,431391,196
-1.4,1500,UP,90,false,431391,197
-3.2,1000,LEFT,90,false,431391,198
1.4,1500,UP,90,false,431391,199
-1.4,1500,DOWN,90,false,431391,200
4.8,1000,DOWN,90,false,431391,201
4.8,1000,RIGHT,90,false,431391,202
-3.54,1500,RIGHT,90,false,431391,203
-0.7,1500,DOWN,90,false,431391,204
3.2,1000,UP,90,false,431391,205
1.06666,1000,DOWN,90,false,431391,206
-0.7,1500,RIGHT,90,false,431391,207
-4.8,1000,RIGHT,90,false,431391,208
-4.8,1000,UP,90,false,431391,209
-0.7,1500,UP,90,false,431391,210
1.6,1000,RIGHT,90,false,431391,211
-1.4,1500,LEFT,90,false,431391,212
3.2,1000,RIGHT,90,false,431391,213
1.6,1000,UP,90,false,431391,214
2.1,1500,UP,90,false,431391,215
1.6,1000,DOWN,90,false,431391,216
1.4,1500,LEFT,90,false,431391,217
1.6,1000,LEFT,90,false,431391,218
1.4,1500,LEFT,90,false,431391,219
-3.2,1000,DOWN,90,false,431391,220
0.7,1500,DOWN,90,false,431391,221
-3.54,1500,DOWN,90,false,431391,222
-1.6,1000,RIGHT,90,false,431391,223
0,1500,LEFT,90,false,431391,224
-2.1,1500,DOWN,0,true,431467,1
2.1,1500,RIGHT,0,true,431467,2
2.1,1500,LEFT,0,true,431467,3
-2.1,1500,UP,0,true,431467,4
2.1,1500,UP,0,true,431467,5
3.2,1000,RIGHT,0,true,431467,6
3.2,1000,UP,0,true,431467,7
3.2,1000,LEFT,0,true,431467,8
-3.2,1000,DOWN,0,true,431467,9
3.2,1000,DOWN,0,true,431467,10
-3.2,1000,UP,0,true,431467,11
-2.1,1500,LEFT,0,true,431467,12
-3.2,1000,LEFT,0,true,431467,13
-3.2,1000,RIGHT,0,true,431467,14
2.1,1500,DOWN,0,true,431467,15
-2.1,1500,RIGHT,0,true,431467,16
-2.1,1500,DOWN,90,false,431467,1
-0.7,1500,LEFT,90,false,431467,2
-1.06666,1000,DOWN,90,false,431467,3
4.8,1000,LEFT,90,false,431467,4
-0.7,1500,DOWN,90,false,431467,5
-1.4,1500,LEFT,90,false,431467,6
-4.8,1000,DOWN,90,false,431467,7
0.7,1500,DOWN,90,false,431467,8
-0.7,1500,DOWN,90,false,431467,9
-0.7,1500,UP,90,false,431467,10
-1.6,1000,LEFT,90,false,431467,11
3.54,1500,DOWN,90,false,431467,12
-0.7,1500,RIGHT,90,false,431467,13
1.6,1000,UP,90,false,431467,14
-4.8,1000,LEFT,90,false,431467,15
1.4,1500,UP,90,false,431467,16
1.4,1500,UP,90,false,431467,17
0,1000,UP,90,false,431467,18
-0.7,1500,RIGHT,90,false,431467,19
1.4,1500,DOWN,90,false,431467,20
-1.06666,1000,LEFT,90,false,431467,21
4.8,1000,DOWN,90,false,431467,22
0,1000,DOWN,90,false,431467,23
3.2,1000,LEFT,90,false,431467,24
2.1,1500,UP,90,false,431467,25
1.4,1500,RIGHT,90,false,431467,26
-1.6,1000,DOWN,90,false,431467,27
-1.4,1500,UP,90,false,431467,28
-0.7,1500,RIGHT,270,false,431467,29
1.06666,1000,LEFT,270,false,431467,30
0,1000,DOWN,270,false,431467,31
4.8,1000,DOWN,270,false,431467,32
-0.7,1500,LEFT,270,false,431467,33
1.6,1000,LEFT,270,false,431467,34
-3.54,1500,DOWN,270,false,431467,35
0.7,1500,RIGHT,270,false,431467,36
4.8,1000,UP,270,false,431467,37
-3.54,1500,UP,270,false,431467,38
-4.8,1000,DOWN,270,false,431467,39
0,1500,RIGHT,270,false,431467,40
0,1000,DOWN,270,false,431467,41
-0.7,1500,DOWN,270,false,431467,42
1.06666,1000,DOWN,270,false,431467,43
0,1500,RIGHT,270,false,431467,44
3.54,1500,DOWN,270,false,431467,45
1.4,1500,DOWN,270,false,431467,46
3.54,1500,RIGHT,270,false,431467,47
-1.6,1000,DOWN,270,false,431467,48
0,1000,UP,270,false,431467,49
-1.4,1500,RIGHT,270,false,431467,50
-1.06666,1000,RIGHT,270,false,431467,51
0,1000,RIGHT,270,false,431467,52
0,1500,UP,270,false,431467,53
0.7,1500,RIGHT,270,false,431467,54
2.1,1500,DOWN,270,false,431467,55
2.1,1500,UP,270,false,431467,56
4.8,1000,RIGHT,90,false,431467,57
1.06666,1000,UP,90,false,431467,58
0,1000,DOWN,90,false,431467,59
-1.6,1000,UP,90,false,431467,60
-0.7,1500,RIGHT,90,false,431467,61
-1.4,1500,UP,90,false,431467,62
-2.1,1500,RIGHT,90,false,431467,63
-1.6,1000,RIGHT,90,false,431467,64
3.2,1000,DOWN,90,false,431467,65
3.2,1000,UP,90,false,431467,66
0.7,1500,UP,90,false,431467,67
1.6,1000,LEFT,90,false,431467,68
1.6,1000,DOWN,90,false,431467,69
1.4,1500,DOWN,90,false,431467,70
2.1,1500,RIGHT,90,false,431467,71
-0.7,1500,LEFT,90,false,431467,72
-1.4,1500,DOWN,90,false,431467,73
0,1500,LEFT,90,false,431467,74
-0.7,1500,LEFT,90,false,431467,75
1.4,1500,LEFT,90,false,431467,76
0,1500,LEFT,90,false,431467,77
0.7,1500,RIGHT,90,false,431467,78
1.4,1500,LEFT,90,false,431467,79
0,1000,UP,90,false,431467,80
0.7,1500,LEFT,90,false,431467,81
1.06666,1000,DOWN,90,false,431467,82
-1.4,1500,LEFT,90,false,431467,83
2.1,1500,LEFT,90,false,431467,84
1.6,1000,RIGHT,270,false,431467,85
-4.8,1000,LEFT,270,false,431467,86
0,1000,UP,270,false,431467,87
-1.4,1500,LEFT,270,false,431467,88
-1.4,1500,RIGHT,270,false,431467,89
1.4,1500,RIGHT,270,false,431467,90
3.2,1000,LEFT,270,false,431467,91
-1.4,1500,LEFT,270,false,431467,92
1.6,1000,DOWN,270,false,431467,93
1.6,1000,LEFT,270,false,431467,94
-1.6,1000,LEFT,270,false,431467,95
-1.6,1000,RIGHT,270,false,431467,96
-2.1,1500,UP,270,false,431467,97
-3.2,1000,LEFT,270,false,431467,98
1.4,1500,UP,270,false,431467,99
-1.4,1500,DOWN,270,false,431467,100
3.2,1000,DOWN,270,false,431467,101
-1.6,1000,RIGHT,270,false,431467,102
-1.06666,1000,UP,270,false,431467,103
0.7,1500,UP,270,false,431467,104
-1.06666,1000,DOWN,270,false,431467,105
3.2,1000,RIGHT,270,false,431467,106
0,1500,LEFT,270,false,431467,107
-2.1,1500,LEFT,270,false,431467,108
0,1000,RIGHT,270,false,431467,109
0,1000,LEFT,270,false,431467,110
-3.2,1000,UP,270,false,431467,111
-1.6,1000,UP,270,false,431467,112
0,1000,RIGHT,90,false,431467,113
0.7,1500,RIGHT,90,false,431467,114
-3.54,1500,DOWN,90,false,431467,115
-0.7,1500,DOWN,90,false,431467,116
-3.2,1000,UP,90,false,431467,117
-3.2,1000,RIGHT,90,false,431467,118
-2.1,1500,LEFT,90,false,431467,119
0.7,1500,LEFT,90,false,431467,120
0,1000,LEFT,90,false,431467,121
-1.6,1000,RIGHT,90,false,431467,122
-1.6,1000,LEFT,90,false,431467,123
1.6,1000,LEFT,90,false,431467,124
0,1500,UP,90,false,431467,125
-1.6,1000,DOWN,90,false,431467,126
4.8,1000,UP,90,false,431467,127
1.4,1500,RIGHT,90,false,431467,128
0.7,1500,LEFT,90,false,431467,129
-4.8,1000,UP,90,false,431467,130
0.7,1500,UP,90,false,431467,131
0.7,1500,RIGHT,90,false,431467,132
0,1500,DOWN,90,false,431467,133
1.06666,1000,LEFT,90,false,431467,134
-1.4,1500,DOWN,90,false,431467,135
0,1000,RIGHT,90,false,431467,136
0,1500,UP,90,false,431467,137
3.54,1500,UP,90,false,431467,138
0.7,1500,DOWN,90,false,431467,139
1.06666,1000,RIGHT,90,false,431467,140
1.4,1500,UP,270,false,431467,141
-3.54,1500,LEFT,270,false,431467,142
-0.7,1500,RIGHT,270,false,431467,143
0,1500,LEFT,270,false,431467,144
0.7,1500,DOWN,270,false,431467,145
-3.54,1500,RIGHT,270,false,431467,146
1.4,1500,DOWN,270,false,431467,147
-0.7,1500,DOWN,270,false,431467,148
-1.06666,1000,LEFT,270,false,431467,149
0,1500,DOWN,270,false,431467,150
4.8,1000,LEFT,270,false,431467,151
-2.1,1500,DOWN,270,false,431467,152
-0.7,1500,LEFT,270,false,431467,153
-1.4,1500,UP,270,false,431467,154
3.54,1500,LEFT,270,false,431467,155
0.7,1500,LEFT,270,false,431467,156
1.4,1500,RIGHT,270,false,431467,157
0,1500,DOWN,270,false,431467,158
1.4,1500,LEFT,270,false,431467,159
1.6,1000,DOWN,270,false,431467,160
1.4,1500,LEFT,270,false,431467,161
1.6,1000,RIGHT,270,false,431467,162
1.6,1000,UP,270,false,431467,163
1.06666,1000,RIGHT,270,false,431467,164
-2.1,1500,RIGHT,270,false,431467,165
3.2,1000,UP,270,false,431467,166
-0.7,1500,RIGHT,270,false,431467,167
-0.7,1500,LEFT,270,false,431467,168
0.7,1500,UP,90,false,431467,169
-1.06666,1000,UP,90,false,431467,170
1.6,1000,RIGHT,90,false,431467,171
-1.4,1500,RIGHT,90,false,431467,172
0,1500,DOWN,90,false,431467,173
1.6,1000,RIGHT,90,false,431467,174
3.54,1500,LEFT,90,false,431467,175
-2.1,1500,UP,90,false,431467,176
-0.7,1500,UP,90,false,431467,177
0.7,1500,DOWN,90,false,431467,178
0,1500,RIGHT,90,false,431467,179
1.6,1000,DOWN,90,false,431467,180
1.6,1000,UP,90,false,431467,181
-3.2,1000,LEFT,90,false,431467,182
-3.54,1500,UP,90,false,431467,183
-1.4,1500,RIGHT,90,false,431467,184
0,1500,RIGHT,90,false,431467,185
-3.54,1500,RIGHT,90,false,431467,186
-3.54,1500,LEFT,90,false,431467,187
0,1000,LEFT,90,false,431467,188
-4.8,1000,RIGHT,90,false,431467,189
-3.2,1000,DOWN,90,false,431467,190
-1.06666,1000,RIGHT,90,false,431467,191
-1.6,1000,UP,90,false,431467,192
3.2,1000,RIGHT,90,false,431467,193
3.54,1500,RIGHT,90,false,431467,194
2.1,1500,DOWN,90,false,431467,195
-0.7,1500,UP,90,false,431467,196
0.7,1500,UP,270,false,431467,197
0.7,1500,DOWN,270,false,431467,198
2.1,1500,LEFT,270,false,431467,199
0,1500,UP,270,false,431467,200
-1.4,1500,DOWN,270,false,431467,201
0.7,1500,LEFT,270,false,431467,202
1.06666,1000,UP,270,false,431467,203
-3.2,1000,DOWN,270,false,431467,204
1.6,1000,UP,270,false,431467,205
-4.8,1000,UP,270,false,431467,206
4.8,1000,RIGHT,270,false,431467,207
0,1000,LEFT,270,false,431467,208
2.1,1500,RIGHT,270,false,431467,209
-1.6,1000,UP,270,false,431467,210
0.7,1500,UP,270,false,431467,211
-0.7,1500,DOWN,270,false,431467,212
3.54,1500,UP,270,false,431467,213
-1.4,1500,UP,270,false,431467,214
0.7,1500,LEFT,270,false,431467,215
-1.6,1000,LEFT,270,false,431467,216
0.7,1500,RIGHT,270,false,431467,217
-0.7,1500,UP,270,false,431467,218
-4.8,1000,RIGHT,270,false,431467,219
-0.7,1500,UP,270,false,431467,220
-1.6,1000,DOWN,270,false,431467,221
-3.2,1000,RIGHT,270,false,431467,222
0.7,1500,DOWN,270,false,431467,223
-0.7,1500,UP,270,false,431467,224
-2.1,1500,UP,0,true,431471,1
-2.1,1500,RIGHT,0,true,431471,2
-3.2,1000,LEFT,0,true,431471,3
-3.2,1000,RIGHT,0,true,431471,4
2.1,1500,DOWN,0,true,431471,5
-3.2,1000,DOWN,0,true,431471,6
3.2,1000,RIGHT,0,true,431471,7
3.2,1000,DOWN,0,true,431471,8
3.2,1000,LEFT,0,true,431471,9
3.2,1000,UP,0,true,431471,10
-3.2,1000,UP,0,true,431471,11
-2.1,1500,LEFT,0,true,431471,12
2.1,1500,LEFT,0,true,431471,13
2.1,1500,RIGHT,0,true,431471,14
-2.1,1500,DOWN,0,true,431471,15
2.1,1500,UP,0,true,431471,16
-4.8,1000,RIGHT,270,false,431471,1
-4.8,1000,DOWN,270,false,431471,2
0,1000,RIGHT,270,false,431471,3
-1.4,1500,UP,270,false,431471,4
1.6,1000,DOWN,270,false,431471,5
3.54,1500,UP,270,false,431471,6
1.4,1500,RIGHT,270,false,431471,7
1.4,1500,RIGHT,270,false,431471,8
1.4,1500,UP,270,false,431471,9
1.4,1500,DOWN,270,false,431471,10
0.7,1500,UP,270,false,431471,11
-0.7,1500,LEFT,270,false,431471,12
1.06666,1000,UP,270,false,431471,13
4.8,1000,RIGHT,270,false,431471,14
-3.2,1000,LEFT,270,false,431471,15
0,1500,LEFT,270,false,431471,16
-1.4,1500,RIGHT,270,false,431471,17
-3.54,1500,LEFT,270,false,431471,18
1.06666,1000,RIGHT,270,false,431471,19
3.54,1500,LEFT,270,false,431471,20
0,1000,LEFT,270,false,431471,21
3.2,1000,LEFT,270,false,431471,22
-1.06666,1000,DOWN,270,false,431471,23
0.7,1500,LEFT,270,false,431471,24
1.6,1000,RIGHT,270,false,431471,25
-1.4,1500,UP,270,false,431471,26
-1.6,1000,UP,270,false,431471,27
0.7,1500,RIGHT,270,false,431471,28
-0.7,1500,RIGHT,90,false,431471,29
0,1000,UP,90,false,431471,30
0,1500,UP,90,false,431471,31
-2.1,1500,RIGHT,90,false,431471,32
-0.7,1500,RIGHT,90,false,431471,33
1.6,1000,LEFT,90,false,431471,34
0.7,1500,LEFT,90,false,431471,35
-3.2,1000,UP,90,false,431471,36
0,1000,DOWN,90,false,431471,37
-3.2,1000,RIGHT,90,false,431471,38
-1.4,1500,DOWN,90,false,431471,39
-0.7,1500,LEFT,90,false,431471,40
-1.6,1000,DOWN,90,false,431471,41
-3.2,1000,LEFT,90,false,431471,42
-2.1,1500,LEFT,90,false,431471,43
2.1,1500,DOWN,90,false,431471,44
0,1500,LEFT,90,false,431471,45
0.7,1500,RIGHT,90,false,431471,46
-0.7,1500,LEFT,90,false,431471,47
0.7,1500,UP,90,false,431471,48
0.7,1500,UP,90,false,431471,49
-1.06666,1000,DOWN,90,false,431471,50
-0.7,1500,RIGHT,90,false,431471,51
-4.8,1000,UP,90,false,431471,52
-1.4,1500,RIGHT,90,false,431471,53
0.7,1500,RIGHT,90,false,431471,54
0.7,1500,DOWN,90,false,431471,55
-0.7,1500,DOWN,90,false,431471,56
1.6,1000,DOWN,270,false,431471,57
-1.6,1000,RIGHT,270,false,431471,58
0.7,1500,LEFT,270,false,431471,59
0,1500,DOWN,270,false,431471,60
-3.2,1000,DOWN,270,false,431471,61
-4.8,1000,UP,270,false,431471,62
-0.7,1500,RIGHT,270,false,431471,63
0.7,1500,RIGHT,270,false,431471,64
0,1000,DOWN,270,false,431471,65
-0.7,1500,RIGHT,270,false,431471,66
-0.7,1500,LEFT,270,false,431471,67
2.1,1500,DOWN,270,false,431471,68
-4.8,1000,LEFT,270,false,431471,69
0,1000,RIGHT,270,false,431471,70
-0.7,1500,LEFT,270,false,431471,71
1.4,1500,DOWN,270,false,431471,72
3.2,1000,RIGHT,270,false,431471,73
-0.7,1500,UP,270,false,431471,74
1.6,1000,UP,270,false,431471,75
-1.06666,1000,RIGHT,270,false,431471,76
0,1500,LEFT,270,false,431471,77
1.4,1500,LEFT,270,false,431471,78
0,1500,RIGHT,270,false,431471,79
-3.54,1500,RIGHT,270,false,431471,80
-2.1,1500,RIGHT,270,false,431471,81
2.1,1500,RIGHT,270,false,431471,82
0,1500,UP,270,false,431471,83
1.4,1500,UP,270,false,431471,84
1.6,1000,LEFT,90,false,431471,85
0,1500,DOWN,90,false,431471,86
3.2,1000,LEFT,90,false,431471,87
1.6,1000,DOWN,90,false,431471,88
-1.6,1000,DOWN,90,false,431471,89
3.2,1000,UP,90,false,431471,90
-3.54,1500,RIGHT,90,false,431471,91
2.1,1500,RIGHT,90,false,431471,92
-1.06666,1000,RIGHT,90,false,431471,93
1.4,1500,DOWN,90,false,431471,94
4.8,1000,LEFT,90,false,431471,95
2.1,1500,UP,90,false,431471,96
-1.4,1500,LEFT,90,false,431471,97
3.54,1500,UP,90,false,431471,98
-1.6,1000,UP,90,false,431471,99
-1.6,1000,LEFT,90,false,431471,100
0,1500,RIGHT,90,false,431471,101
-1.06666,1000,LEFT,90,false,431471,102
0.7,1500,UP,90,false,431471,103
-3.54,1500,LEFT,90,false,431471,104
-1.4,1500,LEFT,90,false,431471,105
1.6,1000,UP,90,false,431471,106
-2.1,1500,UP,90,false,431471,107
1.4,1500,UP,90,false,431471,108
-1.4,1500,DOWN,90,false,431471,109
-4.8,1000,RIGHT,90,false,431471,110
1.6,1000,RIGHT,90,false,431471,111
0.7,1500,LEFT,90,false,431471,112
-1.4,1500,RIGHT,270,false,431471,113
1.6,1000,UP,270,false,431471,114
0,1000,UP,270,false,431471,115
0,1500,RIGHT,270,false,431471,116
1.6,1000,RIGHT,270,false,431471,117
1.6,1000,LEFT,270,false,431471,118
-1.4,1500,DOWN,270,false,431471,119
2.1,1500,LEFT,270,false,431471,120
-1.6,1000,UP,270,false,431471,121
4.8,1000,UP,270,false,431471,122
3.54,1500,DOWN,270,false,431471,123
-1.4,1500,LEFT,270,false,431471,124
-1.6,1000,DOWN,270,false,431471,125
-1.6,1000,DOWN,270,false,431471,126
3.2,1000,DOWN,270,false,431471,127
-3.54,1500,DOWN,270,false,431471,128
0,1500,DOWN,270,false,431471,129
-3.2,1000,RIGHT,270,false,431471,130
0.7,1500,LEFT,270,false,431471,131
-1.6,1000,RIGHT,270,false,431471,132
0.7,1500,DOWN,270,false,431471,133
-0.7,1500,UP,270,false,431471,134
-1.4,1500,LEFT,270,false,431471,135
0,1000,UP,270,false,431471,136
1.06666,1000,LEFT,270,false,431471,137
-1.06666,1000,UP,270,false,431471,138
-0.7,1500,DOWN,270,false,431471,139
0.7,1500,UP,270,false,431471,140
0.7,1500,RIGHT,90,false,431471,141
3.54,1500,RIGHT,90,false,431471,142
-1.4,1500,UP,90,false,431471,143
1.4,1500,RIGHT,90,false,431471,144
1.6,1000,RIGHT,90,false,431471,145
1.4,1500,UP,90,false,431471,146
1.6,1000,UP,90,false,431471,147
1.4,1500,LEFT,90,false,431471,148
0,1500,DOWN,90,false,431471,149
0,1000,RIGHT,90,false,431471,150
0,1500,LEFT,90,false,431471,151
0,1500,UP,90,false,431471,152
1.06666,1000,DOWN,90,false,431471,153
3.2,1000,DOWN,90,false,431471,154
-3.2,1000,DOWN,90,false,431471,155
3.54,1500,DOWN,90,false,431471,156
1.4,1500,RIGHT,90,false,431471,157
-4.8,1000,LEFT,90,false,431471,158
3.2,1000,RIGHT,90,false,431471,159
-4.8,1000,DOWN,90,false,431471,160
-3.54,1500,DOWN,90,false,431471,161
0,1500,RIGHT,90,false,431471,162
1.6,1000,DOWN,90,false,431471,163
-0.7,1500,LEFT,90,false,431471,164
0,1000,RIGHT,90,false,431471,165
-0.7,1500,UP,90,false,431471,166
-1.6,1000,LEFT,90,false,431471,167
-1.6,1000,RIGHT,90,false,431471,168
-1.06666,1000,LEFT,270,false,431471,169
-3.2,1000,UP,270,false,431471,170
0,1000,DOWN,270,false,431471,171
0.7,1500,RIGHT,270,false,431471,172
-3.54,1500,UP,270,false,431471,173
1.06666,1000,DOWN,270,false,431471,174
0,1000,LEFT,270,false,431471,175
-1.4,1500,DOWN,270,false,431471,176
-1.6,1000,LEFT,270,false,431471,177
2.1,1500,UP,270,false,431471,178
-0.7,1500,UP,270,false,431471,179
-1.6,1000,LEFT,270,false,431471,180
0.7,1500,DOWN,270,false,431471,181
1.4,1500,LEFT,270,false,431471,182
3.2,1000,UP,270,false,431471,183
0,1500,UP,270,false,431471,184
3.54,1500,RIGHT,270,false,431471,185
0.7,1500,DOWN,270,false,431471,186
4.8,1000,LEFT,270,false,431471,187
-2.1,1500,LEFT,270,false,431471,188
0.7,1500,UP,270,false,431471,189
4.8,1000,DOWN,270,false,431471,190
-2.1,1500,DOWN,270,false,431471,191
-0.7,1500,DOWN,270,false,431471,192
-0.7,1500,RIGHT,270,false,431471,193
-2.1,1500,UP,270,false,431471,194
-0.7,1500,DOWN,270,false,431471,195
1.6,1000,LEFT,270,false,431471,196
-0.7,1500,DOWN,90,false,431471,197
-3.54,1500,UP,90,false,431471,198
0.7,1500,DOWN,90,false,431471,199
3.54,1500,LEFT,90,false,431471,200
4.8,1000,DOWN,90,false,431471,201
-0.7,1500,UP,90,false,431471,202
0,1000,DOWN,90,false,431471,203
1.4,1500,DOWN,90,false,431471,204
4.8,1000,RIGHT,90,false,431471,205
-1.6,1000,RIGHT,90,false,431471,206
2.1,1500,LEFT,90,false,431471,207
-0.7,1500,DOWN,90,false,431471,208
0,1000,LEFT,90,false,431471,209
-1.6,1000,UP,90,false,431471,210
0,1000,UP,90,false,431471,211
-1.4,1500,UP,90,false,431471,212
-1.06666,1000,UP,90,false,431471,213
-2.1,1500,DOWN,90,false,431471,214
0,1000,LEFT,90,false,431471,215
0.7,1500,DOWN,90,false,431471,216
1.06666,1000,LEFT,90,false,431471,217
0.7,1500,LEFT,90,false,431471,218
-1.4,1500,RIGHT,90,false,431471,219
-0.7,1500,UP,90,false,431471,220
1.06666,1000,UP,90,false,431471,221
1.4,1500,LEFT,90,false,431471,222
1.06666,1000,RIGHT,90,false,431471,223
4.8,1000,UP,90,false,431471,224
3.2,1000,DOWN,0,true,431478,1
-3.2,1000,UP,0,true,431478,2
-3.2,1000,DOWN,0,true,431478,3
2.1,1500,RIGHT,0,true,431478,4
-3.2,1000,LEFT,0,true,431478,5
3.2,1000,LEFT,0,true,431478,6
-2.1,1500,DOWN,0,true,431478,7
3.2,1000,RIGHT,0,true,431478,8
-2.1,1500,UP,0,true,431478,9
2.1,1500,DOWN,0,true,431478,10
3.2,1000,UP,0,true,431478,11
-2.1,1500,LEFT,0,true,431478,12
2.1,1500,LEFT,0,true,431478,13
-2.1,1500,RIGHT,0,true,431478,14
2.1,1500,UP,0,true,431478,15
-3.2,1000,RIGHT,0,true,431478,16
-2.1,1500,DOWN,90,false,431478,1
3.2,1000,DOWN,90,false,431478,2
-1.4,1500,RIGHT,90,false,431478,3
-3.2,1000,DOWN,90,false,431478,4
0,1500,DOWN,90,false,431478,5
3.54,1500,UP,90,false,431478,6
1.06666,1000,RIGHT,90,false,431478,7
-1.4,1500,LEFT,90,false,431478,8
-0.7,1500,RIGHT,90,false,431478,9
-1.4,1500,UP,90,false,431478,10
0.7,1500,RIGHT,90,false,431478,11
-1.6,1000,LEFT,90,false,431478,12
0,1500,RIGHT,90,false,431478,13
0,1000,UP,90,false,431478,14
1.06666,1000,DOWN,90,false,431478,15
0.7,1500,RIGHT,90,false,431478,16
-3.2,1000,RIGHT,90,false,431478,17
1.06666,1000,UP,90,false,431478,18
0.7,1500,RIGHT,90,false,431478,19
2.1,1500,LEFT,90,false,431478,20
-1.6,1000,LEFT,90,false,431478,21
1.6,1000,LEFT,90,false,431478,22
0,1500,UP,90,false,431478,23
-1.4,1500,DOWN,90,false,431478,24
-0.7,1500,RIGHT,90,false,431478,25
-1.4,1500,DOWN,90,false,431478,26
3.2,1000,LEFT,90,false,431478,27
0.7,1500,DOWN,90,false,431478,28
-1.06666,1000,UP,270,false,431478,29
0.7,1500,LEFT,270,false,431478,30
-0.7,1500,RIGHT,270,false,431478,31
1.4,1500,UP,270,false,431478,32
0,1500,RIGHT,270,false,431478,33
0,1500,RIGHT,270,false,431478,34
2.1,1500,DOWN,270,false,431478,35
4.8,1000,RIGHT,270,false,431478,36
0.7,1500,DOWN,270,false,431478,37
-1.06666,1000,LEFT,270,false,431478,38
3.54,1500,UP,270,false,431478,39
1.6,1000,UP,270,false,431478,40
1.6,1000,RIGHT,270,false,431478,41
1.6,1000,RIGHT,270,false,431478,42
-1.4,1500,UP,270,false,431478,43
3.2,1000,DOWN,270,false,431478,44
-1.4,1500,DOWN,270,false,431478,45
-3.2,1000,DOWN,270,false,431478,46
3.2,1000,RIGHT,270,false,431478,47
-1.4,1500,UP,270,false,431478,48
0,1000,RIGHT,270,false,431478,49
-0.7,1500,UP,270,false,431478,50
1.06666,1000,RIGHT,270,false,431478,51
-2.1,1500,DOWN,270,false,431478,52
-0.7,1500,UP,270,false,431478,53
0.7,1500,RIGHT,270,false,431478,54
-3.54,1500,UP,270,false,431478,55
-1.6,1000,LEFT,270,false,431478,56
2.1,1500,UP,90,false,431478,57
-1.4,1500,LEFT,90,false,431478,58
1.06666,1000,LEFT,90,false,431478,59
-1.6,1000,DOWN,90,false,431478,60
4.8,1000,LEFT,90,false,431478,61
4.8,1000,DOWN,90,false,431478,62
0.7,1500,LEFT,90,false,431478,63
1.4,1500,RIGHT,90,false,431478,64
1.6,1000,RIGHT,90,false,431478,65
0.7,1500,UP,90,false,431478,66
-3.54,1500,RIGHT,90,false,431478,67
-1.06666,1000,DOWN,90,false,431478,68
-3.54,1500,UP,90,false,431478,69
-0.7,1500,DOWN,90,false,431478,70
1.6,1000,DOWN,90,false,431478,71
-4.8,1000,RIGHT,90,false,431478,72
1.4,1500,LEFT,90,false,431478,73
0,1500,DOWN,90,false,431478,74
3.54,1500,DOWN,90,false,431478,75
3.2,1000,RIGHT,90,false,431478,76
1.6,1000,UP,90,false,431478,77
4.8,1000,RIGHT,90,false,431478,78
1.6,1000,RIGHT,90,false,431478,79
1.6,1000,UP,90,false,431478,80
1.4,1500,RIGHT,90,false,431478,81
-1.6,1000,UP,90,false,431478,82
-1.6,1000,UP,90,false,431478,83
3.54,1500,RIGHT,90,false,431478,84
4.8,1000,UP,270,false,431478,85
0,1000,UP,270,false,431478,86
-4.8,1000,RIGHT,270,false,431478,87
0.7,1500,RIGHT,270,false,431478,88
1.6,1000,UP,270,false,431478,89
0.7,1500,RIGHT,270,false,431478,90
1.4,1500,RIGHT,270,false,431478,91
-1.4,1500,RIGHT,270,false,431478,92
1.06666,1000,DOWN,270,false,431478,93
0,1000,UP,270,false,431478,94
0,1500,UP,270,false,431478,95
1.4,1500,LEFT,270,false,431478,96
1.6,1000,LEFT,270,false,431478,97
-0.7,1500,RIGHT,270,false,431478,98
-1.4,1500,LEFT,270,false,431478,99
0,1000,LEFT,270,false,431478,100
0.7,1500,LEFT,270,false,431478,101
-1.6,1000,UP,270,false,431478,102
-3.54,1500,RIGHT,270,false,431478,103
-3.54,1500,DOWN,270,false,431478,104
4.8,1000,DOWN,270,false,431478,105
-1.6,1000,LEFT,270,false,431478,106
-4.8,1000,UP,270,false,431478,107
0,1000,DOWN,270,false,431478,108
-1.4,1500,DOWN,270,false,431478,109
-1.4,1500,RIGHT,270,false,431478,110
0,1500,DOWN,270,false,431478,111
1.6,1000,DOWN,270,false,431478,112
-1.6,1000,DOWN,90,false,431478,113
0,1500,LEFT,90,false,431478,114
-4.8,1000,UP,90,false,431478,115
-0.7,1500,DOWN,90,false,431478,116
0,1500,LEFT,90,false,431478,117
-3.54,1500,DOWN,90,false,431478,118
0,1000,LEFT,90,false,431478,119
-1.4,1500,UP,90,false,431478,120
1.6,1000,LEFT,90,false,431478,121
3.54,1500,LEFT,90,false,431478,122
0,1500,RIGHT,90,false,431478,123
-2.1,1500,RIGHT,90,false,431478,124
4.8,1000,UP,90,false,431478,125
0.7,1500,DOWN,90,false,431478,126
0.7,1500,LEFT,90,false,431478,127
-4.8,1000,LEFT,90,false,431478,128
1.4,1500,DOWN,90,false,431478,129
3.2,1000,UP,90,false,431478,130
-0.7,1500,UP,90,false,431478,131
1.4,1500,DOWN,90,false,431478,132
0.7,1500,UP,90,false,431478,133
-0.7,1500,LEFT,90,false,431478,134
-1.4,1500,RIGHT,90,false,431478,135
-0.7,1500,LEFT,90,false,431478,136
0.7,1500,UP,90,false,431478,137
-1.06666,1000,RIGHT,90,false,431478,138
1.4,1500,UP,90,false,431478,139
-0.7,1500,DOWN,90,false,431478,140
0,1000,LEFT,270,false,431478,141
0.7,1500,UP,270,false,431478,142
-1.6,1000,UP,270,false,431478,143
-3.2,1000,LEFT,270,false,431478,144
0,1000,RIGHT,270,false,431478,145
-1.4,1500,LEFT,270,false,431478,146
2.1,1500,UP,270,false,431478,147
1.4,1500,RIGHT,270,false,431478,148
-1.6,1000,DOWN,270,false,431478,149
-2.1,1500,RIGHT,270,false,431478,150
-0.7,1500,UP,270,false,431478,151
-1.06666,1000,DOWN,270,false,431478,152
0,1000,DOWN,270,false,431478,153
-3.2,1000,UP,270,false,431478,154
0,1500,DOWN,270,false,431478,155
2.1,1500,RIGHT,270,false,431478,156
-4.8,1000,DOWN,270,false,431478,157
3.2,1000,UP,270,false,431478,158
1.6,1000,DOWN,270,false,431478,159
0,1500,UP,270,false,431478,160
0,1500,LEFT,270,false,431478,161
2.1,1500,LEFT,270,false,431478,162
1.4,1500,DOWN,270,false,431478,163
1.06666,1000,LEFT,270,false,431478,164
3.54,1500,RIGHT,270,false,431478,165
-0.7,1500,RIGHT,270,false,431478,166
-1.06666,1000,RIGHT,270,false,431478,167
0.7,1500,DOWN,270,false,431478,168
-0.7,1500,LEFT,90,false,431478,169
0.7,1500,DOWN,90,false,431478,170
-3.54,1500,LEFT,90,false,431478,171
-0.7,1500,RIGHT,90,false,431478,172
0,1000,DOWN,90,false,431478,173
-3.2,1000,LEFT,90,false,431478,174
0,1000,DOWN,90,false,431478,175
2.1,1500,RIGHT,90,false,431478,176
-0.7,1500,UP,90,false,431478,177
-1.06666,1000,LEFT,90,false,431478,178
0,1000,UP,90,false,431478,179
1.4,1500,LEFT,90,false,431478,180
-2.1,1500,LEFT,90,false,431478,181
-4.8,1000,DOWN,90,false,431478,182
-1.6,1000,RIGHT,90,false,431478,183
1.4,1500,UP,90,false,431478,184
0.7,1500,LEFT,90,false,431478,185
0,1000,RIGHT,90,false,431478,186
1.6,1000,DOWN,90,false,431478,187
-0.7,1500,UP,90,false,431478,188
-1.6,1000,RIGHT,90,false,431478,189
0,1000,RIGHT,90,false,431478,190
2.1,1500,DOWN,90,false,431478,191
0,1500,UP,90,false,431478,192
-2.1,1500,UP,90,false,431478,193
0,1000,LEFT,90,false,431478,194
-1.06666,1000,UP,90,false,431478,195
-3.2,1000,UP,90,false,431478,196
3.2,1000,LEFT,270,false,431478,197
0,1500,LEFT,270,false,431478,198
1.4,1500,DOWN,270,false,431478,199
-3.2,1000,RIGHT,270,false,431478,200
0.7,1500,UP,270,false,431478,201
3.54,1500,LEFT,270,false,431478,202
-0.7,1500,DOWN,270,false,431478,203
0.7,1500,LEFT,270,false,431478,204
-2.1,1500,UP,270,false,431478,205
-0.7,1500,LEFT,270,false,431478,206
-4.8,1000,LEFT,270,false,431478,207
0.7,1500,UP,270,false,431478,208
1.06666,1000,UP,270,false,431478,209
-2.1,1500,LEFT,270,false,431478,210
4.8,1000,LEFT,270,false,431478,211
-3.54,1500,LEFT,270,false,431478,212
-0.7,1500,LEFT,270,false,431478,213
0.7,1500,DOWN,270,false,431478,214
-0.7,1500,DOWN,270,false,431478,215
-0.7,1500,LEFT,270,false,431478,216
-1.6,1000,RIGHT,270,false,431478,217
3.54,1500,DOWN,270,false,431478,218
1.4,1500,UP,270,false,431478,219
-1.6,1000,RIGHT,270,false,431478,220
-0.7,1500,DOWN,270,false,431478,221
1.6,1000,LEFT,270,false,431478,222
1.4,1500,LEFT,270,false,431478,223
-1.6,1000,DOWN,270,false,431478,224
-2.1,1500,UP,0,true,431327,1
3.2,1000,RIGHT,0,true,431327,2
3.2,1000,LEFT,0,true,431327,3
2.1,1500,DOWN,0,true,431327,4
-2.1,1500,RIGHT,0,true,431327,5
2.1,1500,RIGHT,0,true,431327,6
-2.1,1500,DOWN,0,true,431327,7
-2.1,1500,LEFT,0,true,431327,8
3.2,1000,UP,0,true,431327,9
-3.2,1000,RIGHT,0,true,431327,10
2.1,1500,UP,0,true,431327,11
-3.2,1000,UP,0,true,431327,12
-3.2,1000,LEFT,0,true,431327,13
3.2,1000,DOWN,0,true,431327,14
-3.2,1000,DOWN,0,true,431327,15
2.1,1500,LEFT,0,true,431327,16
-3.2,1000,LEFT,90,false,431327,1
0.7,1500,RIGHT,90,false,431327,2
2.1,1500,RIGHT,90,false,431327,3
-4.8,1000,LEFT,90,false,431327,4
-2.1,1500,DOWN,90,false,431327,5
-2.1,1500,UP,90,false,431327,6
1.4,1500,RIGHT,90,false,431327,7
0.7,1500,LEFT,90,false,431327,8
-3.2,1000,DOWN,90,false,431327,9
0.7,1500,LEFT,90,false,431327,10
0.7,1500,DOWN,90,false,431327,11
0,1500,DOWN,90,false,431327,12
1.06666,1000,UP,90,false,431327,13
3.2,1000,LEFT,90,false,431327,14
1.06666,1000,RIGHT,90,false,431327,15
0,1500,UP,90,false,431327,16
-2.1,1500,RIGHT,90,false,431327,17
1.4,1500,RIGHT,90,false,431327,18
-0.7,1500,UP,90,false,431327,19
0,1000,UP,90,false,431327,20
-0.7,1500,RIGHT,90,false,431327,21
-2.1,1500,LEFT,90,false,431327,22
1.4,1500,DOWN,90,false,431327,23
-1.6,1000,RIGHT,90,false,431327,24
-1.6,1000,DOWN,90,false,431327,25
4.8,1000,LEFT,90,false,431327,26
-1.4,1500,LEFT,90,false,431327,27
1.4,1500,LEFT,90,false,431327,28
-1.6,1000,RIGHT,270,false,431327,29
-3.54,1500,LEFT,270,false,431327,30
-1.6,1000,UP,270,false,431327,31
1.6,1000,RIGHT,270,false,431327,32
-1.4,1500,RIGHT,270,false,431327,33
0,1500,DOWN,270,false,431327,34
-3.2,1000,UP,270,false,431327,35
1.6,1000,RIGHT,270,false,431327,36
-1.6,1000,RIGHT,270,false,431327,37
-1.06666,1000,DOWN,270,false,431327,38
-3.2,1000,DOWN,270,false,431327,39
-4.8,1000,UP,270,false,431327,40
3.54,1500,DOWN,270,false,431327,41
-3.54,1500,RIGHT,270,false,431327,42
0,1500,DOWN,270,false,431327,43
0,1000,UP,270,false,431327,44
0,1500,LEFT,270,false,431327,45
0,1500,UP,270,false,431327,46
-2.1,1500,DOWN,270,false,431327,47
-1.6,1000,UP,270,false,431327,48
-0.7,1500,LEFT,270,false,431327,49
2.1,1500,RIGHT,270,false,431327,50
-0.7,1500,UP,270,false,431327,51
0.7,1500,DOWN,270,false,431327,52
1.06666,1000,DOWN,270,false,431327,53
1.4,1500,RIGHT,270,false,431327,54
0,1000,RIGHT,270,false,431327,55
0,1500,LEFT,270,false,431327,56
0.7,1500,DOWN,90,false,431327,57
0,1500,UP,90,false,431327,58
1.6,1000,UP,90,false,431327,59
1.6,1000,RIGHT,90,false,431327,60
1.06666,1000,DOWN,90,false,431327,61
1.6,1000,LEFT,90,false,431327,62
0,1500,DOWN,90,false,431327,63
0,1000,UP,90,false,431327,64
-1.06666,1000,LEFT,90,false,431327,65
-4.8,1000,RIGHT,90,false,431327,66
0,1500,RIGHT,90,false,431327,67
-0.7,1500,UP,90,false,431327,68
4.8,1000,DOWN,90,false,431327,69
0,1000,RIGHT,90,false,431327,70
-0.7,1500,LEFT,90,false,431327,71
0,1500,LEFT,90,false,431327,72
1.6,1000,UP,90,false,431327,73
0,1000,DOWN,90,false,431327,74
-0.7,1500,DOWN,90,false,431327,75
-1.4,1500,UP,90,false,431327,76
-1.6,1000,UP,90,false,431327,77
3.54,1500,LEFT,90,false,431327,78
0,1000,LEFT,90,false,431327,79
3.54,1500,DOWN,90,false,431327,80
3.2,1000,RIGHT,90,false,431327,81
-0.7,1500,RIGHT,90,false,431327,82
-1.6,1000,UP,90,false,431327,83
-1.6,1000,LEFT,90,false,431327,84
-0.7,1500,UP,270,false,431327,85
3.54,1500,LEFT,270,false,431327,86
0,1500,RIGHT,270,false,431327,87
4.8,1000,LEFT,270,false,431327,88
0.7,1500,RIGHT,270,false,431327,89
-0.7,1500,UP,270,false,431327,90
1.4,1500,DOWN,270,false,431327,91
1.6,1000,UP,270,false,431327,92
0.7,1500,LEFT,270,false,431327,93
-3.2,1000,LEFT,270,false,431327,94
1.6,1000,UP,270,false,431327,95
1.4,1500,UP,270,false,431327,96
4.8,1000,DOWN,270,false,431327,97
-0.7,1500,LEFT,270,false,431327,98
0,1500,RIGHT,270,false,431327,99
-1.6,1000,DOWN,270,false,431327,100
1.4,1500,UP,270,false,431327,101
-3.54,1500,DOWN,270,false,431327,102
3.2,1000,RIGHT,270,false,431327,103
-4.8,1000,DOWN,270,false,431327,104
1.4,1500,LEFT,270,false,431327,105
-0.7,1500,DOWN,270,false,431327,106
-1.06666,1000,LEFT,270,false,431327,107
-3.2,1000,RIGHT,270,false,431327,108
0.7,1500,LEFT,270,false,431327,109
-0.7,1500,RIGHT,270,false,431327,110
-1.6,1000,LEFT,270,false,431327,111
-0.7,1500,DOWN,270,false,431327,112
0,1000,DOWN,90,false,431327,113
2.1,1500,UP,90,false,431327,114
1.4,1500,DOWN,90,false,431327,115
1.4,1500,LEFT,90,false,431327,116
1.06666,1000,LEFT,90,false,431327,117
4.8,1000,RIGHT,90,false,431327,118
1.4,1500,UP,90,false,431327,119
-4.8,1000,UP,90,false,431327,120
-1.4,1500,LEFT,90,false,431327,121
0.7,1500,UP,90,false,431327,122
0.7,1500,DOWN,90,false,431327,123
-1.6,1000,DOWN,90,false,431327,124
1.6,1000,DOWN,90,false,431327,125
1.4,1500,UP,90,false,431327,126
0.7,1500,RIGHT,90,false,431327,127
0,1000,LEFT,90,false,431327,128
1.6,1000,LEFT,90,false,431327,129
0.7,1500,UP,90,false,431327,130
-0.7,1500,DOWN,90,false,431327,131
-1.06666,1000,DOWN,90,false,431327,132
-0.7,1500,UP,90,false,431327,133
3.2,1000,UP,90,false,431327,134
-1.06666,1000,RIGHT,90,false,431327,135
0.7,1500,RIGHT,90,false,431327,136
0,1000,RIGHT,90,false,431327,137
3.54,1500,UP,90,false,431327,138
-3.54,1500,UP,90,false,431327,139
-1.4,1500,DOWN,90,false,431327,140
1.06666,1000,RIGHT,270,false,431327,141
-0.7,1500,LEFT,270,false,431327,142
0,1000,RIGHT,270,false,431327,143
2.1,1500,UP,270,false,431327,144
0,1000,LEFT,270,false,431327,145
0,1000,LEFT,270,false,431327,146
3.54,1500,UP,270,false,431327,147
-1.4,1500,DOWN,270,false,431327,148
0.7,1500,RIGHT,270,false,431327,149
3.2,1000,UP,270,false,431327,150
-1.4,1500,RIGHT,270,false,431327,151
0.7,1500,LEFT,270,false,431327,152
-4.8,1000,RIGHT,270,false,431327,153
-2.1,1500,UP,270,false,431327,154
0,1000,DOWN,270,false,431327,155
4.8,1000,UP,270,false,431327,156
1.6,1000,LEFT,270,false,431327,157
1.4,1500,RIGHT,270,false,431327,158
3.2,1000,DOWN,270,false,431327,159
-2.1,1500,LEFT,270,false,431327,160
-0.7,1500,RIGHT,270,false,431327,161
0.7,1500,UP,270,false,431327,162
1.6,1000,DOWN,270,false,431327,163
0,1000,UP,270,false,431327,164
0,1000,DOWN,270,false,431327,165
-2.1,1500,RIGHT,270,false,431327,166
1.06666,1000,LEFT,270,false,431327,167
2.1,1500,LEFT,270,false,431327,168
0.7,1500,LEFT,90,false,431327,169
0,1500,RIGHT,90,false,431327,170
0,1500,LEFT,90,false,431327,171
4.8,1000,UP,90,false,431327,172
-1.4,1500,RIGHT,90,false,431327,173
3.2,1000,DOWN,90,false,431327,174
-3.2,1000,RIGHT,90,false,431327,175
0.7,1500,UP,90,false,431327,176
-3.2,1000,UP,90,false,431327,177
-0.7,1500,DOWN,90,false,431327,178
-3.54,1500,DOWN,90,false,431327,179
-3.54,1500,LEFT,90,false,431327,180
-0.7,1500,LEFT,90,false,431327,181
-1.6,1000,LEFT,90,false,431327,182
-3.54,1500,RIGHT,90,false,431327,183
3.54,1500,RIGHT,90,false,431327,184
-0.7,1500,LEFT,90,false,431327,185
-1.4,1500,DOWN,90,false,431327,186
-4.8,1000,DOWN,90,false,431327,187
-1.6,1000,RIGHT,90,false,431327,188
-1.4,1500,RIGHT,90,false,431327,189
2.1,1500,LEFT,90,false,431327,190
1.6,1000,DOWN,90,false,431327,191
-1.4,1500,UP,90,false,431327,192
-0.7,1500,RIGHT,90,false,431327,193
-1.06666,1000,UP,90,false,431327,194
2.1,1500,DOWN,90,false,431327,195
1.6,1000,RIGHT,90,false,431327,196
0,1500,UP,270,false,431327,197
1.4,1500,LEFT,270,false,431327,198
-0.7,1500,DOWN,270,false,431327,199
-4.8,1000,LEFT,270,false,431327,200
1.6,1000,DOWN,270,false,431327,201
0.7,1500,DOWN,270,false,431327,202
1.4,1500,DOWN,270,false,431327,203
-1.4,1500,UP,270,false,431327,204
0.7,1500,RIGHT,270,false,431327,205
-1.06666,1000,UP,270,false,431327,206
-1.6,1000,LEFT,270,false,431327,207
3.54,1500,RIGHT,270,false,431327,208
-3.54,1500,UP,270,false,431327,209
0.7,1500,UP,270,false,431327,210
-1.06666,1000,RIGHT,270,false,431327,211
-1.4,1500,DOWN,270,false,431327,212
-1.4,1500,LEFT,270,false,431327,213
1.6,1000,LEFT,270,false,431327,214
3.2,1000,LEFT,270,false,431327,215
-0.7,1500,RIGHT,270,false,431327,216
-1.6,1000,DOWN,270,false,431327,217
1.06666,1000,UP,270,false,431327,218
0.7,1500,UP,270,false,431327,219
2.1,1500,DOWN,270,false,431327,220
-1.4,1500,LEFT,270,false,431327,221
0.7,1500,DOWN,270,false,431327,222
-1.4,1500,UP,270,false,431327,223
4.8,1000,RIGHT,270,false,431327,224
3.2,1000,LEFT,0,true,431326,1
2.1,1500,LEFT,0,true,431326,2
-2.1,1500,DOWN,0,true,431326,3
-3.2,1000,LEFT,0,true,431326,4
-2.1,1500,LEFT,0,true,431326,5
-2.1,1500,RIGHT,0,true,431326,6
3.2,1000,UP,0,true,431326,7
-3.2,1000,RIGHT,0,true,431326,8
-2.1,1500,UP,0,true,431326,9
2.1,1500,DOWN,0,true,431326,10
2.1,1500,RIGHT,0,true,431326,11
-3.2,1000,DOWN,0,true,431326,12
-3.2,1000,UP,0,true,431326,13
3.2,1000,DOWN,0,true,431326,14
2.1,1500,UP,0,true,431326,15
3.2,1000,RIGHT,0,true,431326,16
-0.7,1500,UP,90,false,431326,1
-2.1,1500,LEFT,90,false,431326,2
0.7,1500,LEFT,90,false,431326,3
3.54,1500,DOWN,90,false,431326,4
0,1000,DOWN,90,false,431326,5
-0.7,1500,LEFT,90,false,431326,6
2.1,1500,DOWN,90,false,431326,7
-1.06666,1000,UP,90,false,431326,8
-1.6,1000,UP,90,false,431326,9
-1.4,1500,DOWN,90,false,431326,10
-3.2,1000,DOWN,90,false,431326,11
1.6,1000,RIGHT,90,false,431326,12
-1.6,1000,LEFT,90,false,431326,13
-3.54,1500,RIGHT,90,false,431326,14
3.2,1000,LEFT,90,false,431326,15
-2.1,1500,DOWN,90,false,431326,16
-4.8,1000,DOWN,90,false,431326,17
-1.6,1000,RIGHT,90,false,431326,18
-0.7,1500,RIGHT,90,false,431326,19
0,1500,UP,90,false,431326,20
-0.7,1500,RIGHT,90,false,431326,21
3.54,1500,RIGHT,90,false,431326,22
-0.7,1500,LEFT,90,false,431326,23
-0.7,1500,DOWN,90,false,431326,24
-0.7,1500,RIGHT,90,false,431326,25
1.6,1000,DOWN,90,false,431326,26
3.2,1000,DOWN,90,false,431326,27
-1.4,1500,RIGHT,90,false,431326,28
4.8,1000,LEFT,270,false,431326,29
-1.6,1000,UP,270,false,431326,30
0.7,1500,RIGHT,270,false,431326,31
-1.06666,1000,DOWN,270,false,431326,32
0.7,1500,RIGHT,270,false,431326,33
-3.2,1000,UP,270,false,431326,34
0.7,1500,RIGHT,270,false,431326,35
3.2,1000,RIGHT,270,false,431326,36
-0.7,1500,RIGHT,270,false,431326,37
-1.6,1000,LEFT,270,false,431326,38
1.4,1500,UP,270,false,431326,39
-1.06666,1000,UP,270,false,431326,40
-1.6,1000,RIGHT,270,false,431326,41
-1.4,1500,LEFT,270,false,431326,42
-1.4,1500,UP,270,false,431326,43
0,1500,DOWN,270,false,431326,44
0.7,1500,UP,270,false,431326,45
0,1000,RIGHT,270,false,431326,46
0,1500,UP,270,false,431326,47
-0.7,1500,UP,270,false,431326,48
-3.54,1500,DOWN,270,false,431326,49
-1.6,1000,UP,270,false,431326,50
4.8,1000,RIGHT,270,false,431326,51
-1.4,1500,DOWN,270,false,431326,52
-1.6,1000,DOWN,270,false,431326,53
-0.7,1500,RIGHT,270,false,431326,54
0,1000,DOWN,270,false,431326,55
1.06666,1000,RIGHT,270,false,431326,56
0,1500,DOWN,90,false,431326,57
0,1000,UP,90,false,431326,58
0,1000,DOWN,90,false,431326,59
0.7,1500,LEFT,90,false,431326,60
-1.4,1500,LEFT,90,false,431326,61
1.6,1000,LEFT,90,false,431326,62
1.6,1000,UP,90,false,431326,63
-1.06666,1000,DOWN,90,false,431326,64
1.06666,1000,LEFT,90,false,431326,65
-4.8,1000,LEFT,90,false,431326,66
-2.1,1500,UP,90,false,431326,67
1.4,1500,UP,90,false,431326,68
0,1000,RIGHT,90,false,431326,69
1.06666,1000,RIGHT,90,false,431326,70
0,1500,UP,90,false,431326,71
0.7,1500,DOWN,90,false,431326,72
0.7,1500,DOWN,90,false,431326,73
0,1500,RIGHT,90,false,431326,74
-1.6,1000,RIGHT,90,false,431326,75
-1.06666,1000,RIGHT,90,false,431326,76
0,1000,LEFT,90,false,431326,77
1.4,1500,LEFT,90,false,431326,78
0.7,1500,RIGHT,90,false,431326,79
1.4,1500,UP,90,false,431326,80
0.7,1500,UP,90,false,431326,81
0,1500,RIGHT,90,false,431326,82
-3.2,1000,UP,90,false,431326,83
4.8,1000,RIGHT,90,false,431326,84
-1.4,1500,LEFT,270,false,431326,85
1.4,1500,LEFT,270,false,431326,86
0.7,1500,LEFT,270,false,431326,87
-4.8,1000,RIGHT,270,false,431326,88
0,1500,UP,270,false,431326,89
2.1,1500,DOWN,270,false,431326,90
-1.06666,1000,RIGHT,270,false,431326,91
2.1,1500,LEFT,270,false,431326,92
4.8,1000,UP,270,false,431326,93
-0.7,1500,RIGHT,270,false,431326,94
0,1000,RIGHT,270,false,431326,95
-3.54,1500,RIGHT,270,false,431326,96
-1.6,1000,LEFT,270,false,431326,97
0,1000,LEFT,270,false,431326,98
0.7,1500,LEFT,270,false,431326,99
-3.54,1500,UP,270,false,431326,100
1.4,1500,RIGHT,270,false,431326,101
0,1000,UP,270,false,431326,102
3.54,1500,LEFT,270,false,431326,103
3.54,1500,DOWN,270,false,431326,104
1.4,1500,UP,270,false,431326,105
0,1500,LEFT,270,false,431326,106
3.54,1500,UP,270,false,431326,107
0,1000,LEFT,270,false,431326,108
1.6,1000,UP,270,false,431326,109
-0.7,1500,DOWN,270,false,431326,110
-2.1,1500,LEFT,270,false,431326,111
1.4,1500,DOWN,270,false,431326,112
-3.54,1500,DOWN,90,false,431326,113
1.6,1000,LEFT,90,false,431326,114
1.6,1000,DOWN,90,false,431326,115
0,1000,LEFT,90,false,431326,116
2.1,1500,RIGHT,90,false,431326,117
0,1000,RIGHT,90,false,431326,118
0,1500,DOWN,90,false,431326,119
1.4,1500,RIGHT,90,false,431326,120
1.06666,1000,UP,90,false,431326,121
1.4,1500,DOWN,90,false,431326,122
-4.8,1000,RIGHT,90,false,431326,123
0,1500,LEFT,90,false,431326,124
4.8,1000,LEFT,90,false,431326,125
3.2,1000,RIGHT,90,false,431326,126
-1.6,1000,DOWN,90,false,431326,127
-0.7,1500,DOWN,90,false,431326,128
4.8,1000,DOWN,90,false,431326,129
-0.7,1500,LEFT,90,false,431326,130
3.54,1500,LEFT,90,false,431326,131
-1.4,1500,UP,90,false,431326,132
0.7,1500,LEFT,90,false,431326,133
1.06666,1000,DOWN,90,false,431326,134
1.4,1500,DOWN,90,false,431326,135
0.7,1500,RIGHT,90,false,431326,136
-1.4,1500,DOWN,90,false,431326,137
1.6,1000,UP,90,false,431326,138
-1.4,1500,RIGHT,90,false,431326,139
1.4,1500,RIGHT,90,false,431326,140
0,1000,UP,270,false,431326,141
1.6,1000,LEFT,270,false,431326,142
0.7,1500,LEFT,270,false,431326,143
-4.8,1000,UP,270,false,431326,144
3.2,1000,UP,270,false,431326,145
4.8,1000,DOWN,270,false,431326,146
1.4,1500,RIGHT,270,false,431326,147
-1.06666,1000,LEFT,270,false,431326,148
0,1500,DOWN,270,false,431326,149
-2.1,1500,UP,270,false,431326,150
-3.2,1000,LEFT,270,false,431326,151
-0.7,1500,UP,270,false,431326,152
-2.1,1500,DOWN,270,false,431326,153
-4.8,1000,LEFT,270,false,431326,154
-3.2,1000,RIGHT,270,false,431326,155
1.6,1000,RIGHT,270,false,431326,156
-0.7,1500,LEFT,270,false,431326,157
-1.6,1000,RIGHT,270,false,431326,158
0,1000,DOWN,270,false,431326,159
1.6,1000,UP,270,false,431326,160
3.2,1000,DOWN,270,false,431326,161
0.7,1500,DOWN,270,false,431326,162
-0.7,1500,DOWN,270,false,431326,163
1.4,1500,LEFT,270,false,431326,164
-0.7,1500,UP,270,false,431326,165
1.06666,1000,UP,270,false,431326,166
-0.7,1500,LEFT,270,false,431326,167
-2.1,1500,RIGHT,270,false,431326,168
4.8,1000,UP,90,false,431326,169
0.7,1500,RIGHT,90,false,431326,170
0,1500,LEFT,90,false,431326,171
0,1000,UP,90,false,431326,172
-3.54,1500,UP,90,false,431326,173
0.7,1500,UP,90,false,431326,174
-3.2,1000,RIGHT,90,false,431326,175
-1.6,1000,DOWN,90,false,431326,176
2.1,1500,LEFT,90,false,431326,177
-1.6,1000,UP,90,false,431326,178
-4.8,1000,UP,90,false,431326,179
0.7,1500,DOWN,90,false,431326,180
-1.4,1500,UP,90,false,431326,181
1.6,1000,RIGHT,90,false,431326,182
-3.54,1500,LEFT,90,false,431326,183
-2.1,1500,RIGHT,90,false,431326,184
3.54,1500,UP,90,false,431326,185
1.4,1500,LEFT,90,false,431326,186
2.1,1500,UP,90,false,431326,187
-0.7,1500,DOWN,90,false,431326,188
3.2,1000,UP,90,false,431326,189
-0.7,1500,UP,90,false,431326,190
-1.4,1500,LEFT,90,false,431326,191
-1.06666,1000,LEFT,90,false,431326,192
-3.2,1000,LEFT,90,false,431326,193
0.7,1500,UP,90,false,431326,194
-0.7,1500,UP,90,false,431326,195
-1.6,1000,LEFT,90,false,431326,196
-1.6,1000,DOWN,270,false,431326,197
-1.4,1500,RIGHT,270,false,431326,198
-3.2,1000,DOWN,270,false,431326,199
0.7,1500,UP,270,false,431326,200
-0.7,1500,DOWN,270,false,431326,201
1.6,1000,RIGHT,270,false,431326,202
1.6,1000,LEFT,270,false,431326,203
2.1,1500,UP,270,false,431326,204
1.6,1000,DOWN,270,false,431326,205
2.1,1500,RIGHT,270,false,431326,206
0.7,1500,UP,270,false,431326,207
1.4,1500,DOWN,270,false,431326,208
0.7,1500,DOWN,270,false,431326,209
1.06666,1000,DOWN,270,false,431326,210
3.54,1500,RIGHT,270,false,431326,211
0,1500,LEFT,270,false,431326,212
0,1500,RIGHT,270,false,431326,213
1.6,1000,DOWN,270,false,431326,214
3.2,1000,LEFT,270,false,431326,215
0,1500,RIGHT,270,false,431326,216
-1.4,1500,RIGHT,270,false,431326,217
-1.4,1500,DOWN,270,false,431326,218
-3.54,1500,LEFT,270,false,431326,219
1.06666,1000,LEFT,270,false,431326,220
-1.4,1500,UP,270,false,431326,221
0.7,1500,DOWN,270,false,431326,222
-0.7,1500,LEFT,270,false,431326,223
-4.8,1000,DOWN,270,false,431326,224
-3.2,1000,RIGHT,0,true,431328,1
-2.1,1500,DOWN,0,true,431328,2
2.1,1500,DOWN,0,true,431328,3
3.2,1000,DOWN,0,true,431328,4
2.1,1500,LEFT,0,true,431328,5
3.2,1000,LEFT,0,true,431328,6
-3.2,1000,DOWN,0,true,431328,7
-3.2,1000,LEFT,0,true,431328,8
-2.1,1500,UP,0,true,431328,9
-3.2,1000,UP,0,true,431328,10
-2.1,1500,LEFT,0,true,431328,11
3.2,1000,RIGHT,0,true,431328,12
2.1,1500,RIGHT,0,true,431328,13
3.2,1000,UP,0,true,431328,14
2.1,1500,UP,0,true,431328,15
-2.1,1500,RIGHT,0,true,431328,16
0.7,1500,DOWN,270,false,431328,1
0,1000,LEFT,270,false,431328,2
-0.7,1500,RIGHT,270,false,431328,3
-3.54,1500,UP,270,false,431328,4
1.4,1500,DOWN,270,false,431328,5
0.7,1500,LEFT,270,false,431328,6
0,1500,RIGHT,270,false,431328,7
1.4,1500,UP,270,false,431328,8
3.54,1500,DOWN,270,false,431328,9
0,1000,UP,270,false,431328,10
-2.1,1500,RIGHT,270,false,431328,11
-1.6,1000,DOWN,270,false,431328,12
3.2,1000,RIGHT,270,false,431328,13
0,1500,DOWN,270,false,431328,14
1.4,1500,LEFT,270,false,431328,15
-0.7,1500,UP,270,false,431328,16
1.4,1500,UP,270,false,431328,17
0.7,1500,RIGHT,270,false,431328,18
0,1500,LEFT,270,false,431328,19
3.2,1000,LEFT,270,false,431328,20
-2.1,1500,LEFT,270,false,431328,21
2.1,1500,RIGHT,270,false,431328,22
-3.54,1500,RIGHT,270,false,431328,23
-3.54,1500,DOWN,270,false,431328,24
-0.7,1500,LEFT,270,false,431328,25
4.8,1000,UP,270,false,431328,26
-0.7,1500,DOWN,270,false,431328,27
1.06666,1000,RIGHT,270,false,431328,28
1.4,1500,LEFT,90,false,431328,29
1.06666,1000,UP,90,false,431328,30
0,1500,RIGHT,90,false,431328,31
-0.7,1500,DOWN,90,false,431328,32
1.6,1000,DOWN,90,false,431328,33
0,1500,UP,90,false,431328,34
2.1,1500,RIGHT,90,false,431328,35
-1.4,1500,DOWN,90,false,431328,36
1.6,1000,UP,90,false,431328,37
3.54,1500,RIGHT,90,false,431328,38
-0.7,1500,UP,90,false,431328,39
0.7,1500,UP,90,false,431328,40
3.54,1500,LEFT,90,false,431328,41
0.7,1500,RIGHT,90,false,431328,42
-3.2,1000,RIGHT,90,false,431328,43
3.2,1000,DOWN,90,false,431328,44
0,1000,DOWN,90,false,431328,45
0.7,1500,RIGHT,90,false,431328,46
-3.54,1500,DOWN,90,false,431328,47
-2.1,1500,LEFT,90,false,431328,48
-0.7,1500,DOWN,90,false,431328,49
-2.1,1500,UP,90,false,431328,50
-1.4,1500,RIGHT,90,false,431328,51
-0.7,1500,UP,90,false,431328,52
1.4,1500,DOWN,90,false,431328,53
-0.7,1500,LEFT,90,false,431328,54
-1.06666,1000,RIGHT,90,false,431328,55
3.2,1000,LEFT,90,false,431328,56
0,1000,LEFT,270,false,431328,57
1.4,1500,LEFT,270,false,431328,58
4.8,1000,LEFT,270,false,431328,59
0,1000,RIGHT,270,false,431328,60
-1.06666,1000,DOWN,270,false,431328,61
2.1,1500,LEFT,270,false,431328,62
0.7,1500,RIGHT,270,false,431328,63
-4.8,1000,LEFT,270,false,431328,64
-2.1,1500,DOWN,270,false,431328,65
-0.7,1500,RIGHT,270,false,431328,66
3.54,1500,LEFT,270,false,431328,67
2.1,1500,UP,270,false,431328,68
1.06666,1000,DOWN,270,false,431328,69
-4.8,1000,DOWN,270,false,431328,70
0.7,1500,UP,270,false,431328,71
-0.7,1500,RIGHT,270,false,431328,72
-0.7,1500,DOWN,270,false,431328,73
-1.6,1000,LEFT,270,false,431328,74
-0.7,1500,DOWN,270,false,431328,75
1.6,1000,DOWN,270,false,431328,76
0.7,1500,LEFT,270,false,431328,77
-1.4,1500,UP,270,false,431328,78
-1.4,1500,LEFT,270,false,431328,79
0,1000,DOWN,270,false,431328,80
-1.4,1500,RIGHT,270,false,431328,81
-1.6,1000,UP,270,false,431328,82
4.8,1000,DOWN,270,false,431328,83
1.06666,1000,UP,270,false,431328,84
0,1500,LEFT,90,false,431328,85
0,1000,LEFT,90,false,431328,86
-2.1,1500,RIGHT,90,false,431328,87
-0.7,1500,LEFT,90,false,431328,88
-1.4,1500,UP,90,false,431328,89
-1.6,1000,RIGHT,90,false,431328,90
3.54,1500,UP,90,false,431328,91
0.7,1500,DOWN,90,false,431328,92
-1.6,1000,DOWN,90,false,431328,93
0,1000,RIGHT,90,false,431328,94
0.7,1500,DOWN,90,false,431328,95
0,1500,UP,90,false,431328,96
-1.4,1500,RIGHT,90,false,431328,97
-2.1,1500,DOWN,90,false,431328,98
1.6,1000,LEFT,90,false,431328,99
1.4,1500,RIGHT,90,false,431328,100
0,1500,DOWN,90,false,431328,101
-0.7,1500,DOWN,90,false,431328,102
-1.6,1000,UP,90,false,431328,103
-3.2,1000,DOWN,90,false,431328,104
0.7,1500,LEFT,90,false,431328,105
-1.6,1000,RIGHT,90,false,431328,106
2.1,1500,UP,90,false,431328,107
-0.7,1500,UP,90,false,431328,108
0,1500,LEFT,90,false,431328,109
-0.7,1500,RIGHT,90,false,431328,110
-1.4,1500,LEFT,90,false,431328,111
4.8,1000,DOWN,90,false,431328,112
-3.54,1500,LEFT,270,false,431328,113
0.7,1500,DOWN,270,false,431328,114
1.4,1500,RIGHT,270,false,431328,115
-1.6,1000,RIGHT,270,false,431328,116
0,1500,DOWN,270,false,431328,117
1.4,1500,RIGHT,270,false,431328,118
4.8,1000,RIGHT,270,false,431328,119
0.7,1500,UP,270,false,431328,120
-1.4,1500,DOWN,270,false,431328,121
3.54,1500,UP,270,false,431328,122
3.2,1000,UP,270,false,431328,123
-2.1,1500,UP,270,false,431328,124
-0.7,1500,UP,270,false,431328,125
0,1000,RIGHT,270,false,431328,126
1.6,1000,LEFT,270,false,431328,127
1.6,1000,DOWN,270,false,431328,128
-1.4,1500,LEFT,270,false,431328,129
1.6,1000,UP,270,false,431328,130
2.1,1500,DOWN,270,false,431328,131
-4.8,1000,UP,270,false,431328,132
3.54,1500,RIGHT,270,false,431328,133
0.7,1500,LEFT,270,false,431328,134
-1.4,1500,DOWN,270,false,431328,135
-3.2,1000,DOWN,270,false,431328,136
-4.8,1000,RIGHT,270,false,431328,137
0,1500,UP,270,false,431328,138
0.7,1500,RIGHT,270,false,431328,139
1.4,1500,DOWN,270,false,431328,140
1.4,1500,DOWN,90,false,431328,141
4.8,1000,RIGHT,90,false,431328,142
1.4,1500,UP,90,false,431328,143
-1.4,1500,LEFT,90,false,431328,144
-1.6,1000,LEFT,90,false,431328,145
0,1000,RIGHT,90,false,431328,146
-1.06666,1000,DOWN,90,false,431328,147
-4.8,1000,LEFT,90,false,431328,148
0,1000,UP,90,false,431328,149
1.4,1500,RIGHT,90,false,431328,150
1.06666,1000,LEFT,90,false,431328,151
3.54,1500,DOWN,90,false,431328,152
1.4,1500,UP,90,false,431328,153
0.7,1500,UP,90,false,431328,154
4.8,1000,UP,90,false,431328,155
-1.06666,1000,LEFT,90,false,431328,156
0,1000,UP,90,false,431328,157
3.2,1000,RIGHT,90,false,431328,158
-1.06666,1000,UP,90,false,431328,159
2.1,1500,LEFT,90,false,431328,160
-3.2,1000,UP,90,false,431328,161
1.6,1000,RIGHT,90,false,431328,162
0.7,1500,DOWN,90,false,431328,163
-0.7,1500,RIGHT,90,false,431328,164
-1.6,1000,LEFT,90,false,431328,165
-1.4,1500,DOWN,90,false,431328,166
2.1,1500,DOWN,90,false,431328,167
1.4,1500,LEFT,90,false,431328,168
0,1500,UP,270,false,431328,169
1.6,1000,RIGHT,270,false,431328,170
-1.06666,1000,UP,270,false,431328,171
-0.7,1500,UP,270,false,431328,172
0,1000,DOWN,270,false,431328,173
-1.4,1500,UP,270,false,431328,174
-1.06666,1000,LEFT,270,false,431328,175
-1.6,1000,UP,270,false,431328,176
-1.4,1500,RIGHT,270,false,431328,177
-1.06666,1000,RIGHT,270,false,431328,178
1.6,1000,RIGHT,270,false,431328,179
-1.6,1000,LEFT,270,false,431328,180
0,1000,UP,270,false,431328,181
-3.2,1000,RIGHT,270,false,431328,182
1.06666,1000,LEFT,270,false,431328,183
-0.7,1500,LEFT,270,false,431328,184
0.7,1500,DOWN,270,false,431328,185
-1.6,1000,DOWN,270,false,431328,186
3.2,1000,DOWN,270,false,431328,187
0.7,1500,UP,270,false,431328,188
-3.2,1000,UP,270,false,431328,189
-3.2,1000,LEFT,270,false,431328,190
0,1500,RIGHT,270,false,431328,191
-1.6,1000,RIGHT,270,false,431328,192
1.6,1000,UP,270,false,431328,193
0,1500,LEFT,270,false,431328,194
-0.7,1500,LEFT,270,false,431328,195
1.6,1000,LEFT,270,false,431328,196
0,1000,LEFT,90,false,431328,197
-4.8,1000,UP,90,false,431328,198
-0.7,1500,LEFT,90,false,431328,199
0.7,1500,LEFT,90,false,431328,200
0.7,1500,RIGHT,90,false,431328,201
1.06666,1000,RIGHT,90,false,431328,202
-0.7,1500,RIGHT,90,false,431328,203
0,1500,RIGHT,90,false,431328,204
3.2,1000,UP,90,false,431328,205
1.6,1000,RIGHT,90,false,431328,206
-3.54,1500,UP,90,false,431328,207
1.06666,1000,DOWN,90,false,431328,208
0.7,1500,LEFT,90,false,431328,209
0,1000,DOWN,90,false,431328,210
-4.8,1000,DOWN,90,false,431328,211
-3.54,1500,RIGHT,90,false,431328,212
1.6,1000,UP,90,false,431328,213
-3.54,1500,LEFT,90,false,431328,214
4.8,1000,LEFT,90,false,431328,215
-3.2,1000,LEFT,90,false,431328,216
0,1500,DOWN,90,false,431328,217
-1.4,1500,UP,90,false,431328,218
-4.8,1000,RIGHT,90,false,431328,219
-1.6,1000,DOWN,90,false,431328,220
-1.6,1000,UP,90,false,431328,221
1.6,1000,DOWN,90,false,431328,222
0.7,1500,UP,90,false,431328,223
1.6,1000,LEFT,90,false,431328,224
3.2,1000,UP,0,true,431399,1
-3.2,1000,LEFT,0,true,431399,2
2.1,1500,DOWN,0,true,431399,3
-3.2,1000,RIGHT,0,true,431399,4
2.1,1500,LEFT,0,true,431399,5
-2.1,1500,RIGHT,0,true,431399,6
-3.2,1000,DOWN,0,true,431399,7
-3.2,1000,UP,0,true,431399,8
3.2,1000,RIGHT,0,true,431399,9
-2.1,1500,LEFT,0,true,431399,10
-2.1,1500,UP,0,true,431399,11
2.1,1500,UP,0,true,431399,12
3.2,1000,LEFT,0,true,431399,13
3.2,1000,DOWN,0,true,431399,14
-2.1,1500,DOWN,0,true,431399,15
2.1,1500,RIGHT,0,true,431399,16
-1.4,1500,LEFT,90,false,431399,1
1.4,1500,LEFT,90,false,431399,2
-1.6,1000,DOWN,90,false,431399,3
0,1000,LEFT,90,false,431399,4
-1.6,1000,RIGHT,90,false,431399,5
0,1500,DOWN,90,false,431399,6
-1.06666,1000,LEFT,90,false,431399,7
-0.7,1500,UP,90,false,431399,8
-3.2,1000,RIGHT,90,false,431399,9
4.8,1000,DOWN,90,false,431399,10
-1.06666,1000,DOWN,90,false,431399,11
0.7,1500,UP,90,false,431399,12
0.7,1500,DOWN,90,false,431399,13
1.06666,1000,RIGHT,90,false,431399,14
1.06666,1000,UP,90,false,431399,15
-4.8,1000,LEFT,90,false,431399,16
0,1500,LEFT,90,false,431399,17
-1.4,1500,UP,90,false,431399,18
-2.1,1500,RIGHT,90,false,431399,19
0,1000,RIGHT,90,false,431399,20
2.1,1500,RIGHT,90,false,431399,21
-1.6,1000,RIGHT,90,false,431399,22
1.4,1500,LEFT,90,false,431399,23
1.06666,1000,LEFT,90,false,431399,24
1.6,1000,DOWN,90,false,431399,25
1.6,1000,DOWN,90,false,431399,26
-0.7,1500,RIGHT,90,false,431399,27
0,1500,DOWN,90,false,431399,28
0,1500,LEFT,270,false,431399,29
-0.7,1500,DOWN,270,false,431399,30
-1.06666,1000,LEFT,270,false,431399,31
1.06666,1000,UP,270,false,431399,32
-1.6,1000,LEFT,270,false,431399,33
-3.54,1500,RIGHT,270,false,431399,34
-0.7,1500,DOWN,270,false,431399,35
-2.1,1500,LEFT,270,false,431399,36
0.7,1500,RIGHT,270,false,431399,37
1.4,1500,UP,270,false,431399,38
-0.7,1500,LEFT,270,false,431399,39
-4.8,1000,UP,270,false,431399,40
3.54,1500,DOWN,270,false,431399,41
1.4,1500,UP,270,false,431399,42
0,1000,DOWN,270,false,431399,43
-1.6,1000,UP,270,false,431399,44
1.6,1000,RIGHT,270,false,431399,45
3.54,1500,RIGHT,270,false,431399,46
-1.4,1500,UP,270,false,431399,47
-4.8,1000,LEFT,270,false,431399,48
-0.7,1500,LEFT,270,false,431399,49
4.8,1000,UP,270,false,431399,50
0.7,1500,UP,270,false,431399,51
0.7,1500,RIGHT,270,false,431399,52
0,1500,UP,270,false,431399,53
-1.4,1500,DOWN,270,false,431399,54
1.4,1500,RIGHT,270,false,431399,55
3.2,1000,DOWN,270,false,431399,56
0.7,1500,LEFT,90,false,431399,57
1.4,1500,DOWN,90,false,431399,58
0,1500,RIGHT,90,false,431399,59
1.4,1500,UP,90,false,431399,60
0.7,1500,UP,90,false,431399,61
-3.2,1000,DOWN,90,false,431399,62
0.7,1500,RIGHT,90,false,431399,63
0,1000,LEFT,90,false,431399,64
2.1,1500,LEFT,90,false,431399,65
1.6,1000,RIGHT,90,false,431399,66
0,1000,UP,90,false,431399,67
3.2,1000,RIGHT,90,false,431399,68
-1.6,1000,LEFT,90,false,431399,69
0.7,1500,UP,90,false,431399,70
-2.1,1500,UP,90,false,431399,71
1.4,1500,DOWN,90,false,431399,72
4.8,1000,RIGHT,90,false,431399,73
-0.7,1500,LEFT,90,false,431399,74
-1.4,1500,LEFT,90,false,431399,75
0,1000,DOWN,90,false,431399,76
-1.4,1500,RIGHT,90,false,431399,77
3.54,1500,RIGHT,90,false,431399,78
0,1000,RIGHT,90,false,431399,79
-0.7,1500,RIGHT,90,false,431399,80
-1.6,1000,UP,90,false,431399,81
3.2,1000,UP,90,false,431399,82
-1.4,1500,RIGHT,90,false,431399,83
-3.2,1000,UP,90,false,431399,84
1.6,1000,DOWN,270,false,431399,85
-0.7,1500,UP,270,false,431399,86
-1.4,1500,LEFT,270,false,431399,87
3.54,1500,LEFT,270,false,431399,88
0.7,1500,DOWN,270,false,431399,89
-1.06666,1000,UP,270,false,431399,90
0,1500,LEFT,270,false,431399,91
4.8,1000,LEFT,270,false,431399,92
-0.7,1500,UP,270,false,431399,93
0.7,1500,UP,270,false,431399,94
0,1500,DOWN,270,false,431399,95
-0.7,1500,LEFT,270,false,431399,96
-1.06666,1000,RIGHT,270,false,431399,97
2.1,1500,LEFT,270,false,431399,98
-1.6,1000,LEFT,270,false,431399,99
-4.8,1000,DOWN,270,false,431399,100
0.7,1500,LEFT,270,false,431399,101
3.2,1000,RIGHT,270,false,431399,102
-0.7,1500,RIGHT,270,false,431399,103
-1.6,1000,RIGHT,270,false,431399,104
0.7,1500,LEFT,270,false,431399,105
1.06666,1000,RIGHT,270,false,431399,106
0,1500,DOWN,270,false,431399,107
1.06666,1000,LEFT,270,false,431399,108
4.8,1000,DOWN,270,false,431399,109
1.4,1500,LEFT,270,false,431399,110
2.1,1500,DOWN,270,false,431399,111
1.4,1500,DOWN,270,false,431399,112
0.7,1500,DOWN,90,false,431399,113
-1.06666,1000,RIGHT,90,false,431399,114
-0.7,1500,LEFT,90,false,431399,115
0,1000,DOWN,90,false,431399,116
3.54,1500,DOWN,90,false,431399,117
0.7,1500,RIGHT,90,false,431399,118
0,1500,UP,90,false,431399,119
4.8,1000,UP,90,false,431399,120
3.54,1500,LEFT,90,false,431399,121
4.8,1000,LEFT,90,false,431399,122
1.4,1500,RIGHT,90,false,431399,123
-3.54,1500,DOWN,90,false,431399,124
1.6,1000,LEFT,90,false,431399,125
0,1500,UP,90,false,431399,126
0.7,1500,LEFT,90,false,431399,127
-1.6,1000,UP,90,false,431399,128
1.6,1000,LEFT,90,false,431399,129
1.06666,1000,DOWN,90,false,431399,130
2.1,1500,UP,90,false,431399,131
-0.7,1500,RIGHT,90,false,431399,132
-1.06666,1000,UP,90,false,431399,133
2.1,1500,DOWN,90,false,431399,134
-2.1,1500,LEFT,90,false,431399,135
1.4,1500,RIGHT,90,false,431399,136
-4.8,1000,UP,90,false,431399,137
0,1500,LEFT,90,false,431399,138
-3.2,1000,LEFT,90,false,431399,139
-1.6,1000,LEFT,90,false,431399,140
-3.54,1500,LEFT,270,false,431399,141
1.6,1000,LEFT,270,false,431399,142
-3.54,1500,UP,270,false,431399,143
-2.1,1500,DOWN,270,false,431399,144
-1.4,1500,RIGHT,270,false,431399,145
-1.06666,1000,DOWN,270,false,431399,146
1.6,1000,UP,270,false,431399,147
-0.7,1500,RIGHT,270,false,431399,148
0,1500,RIGHT,270,false,431399,149
0.7,1500,UP,270,false,431399,150
0,1500,UP,270,false,431399,151
0,1000,RIGHT,270,false,431399,152
-4.8,1000,RIGHT,270,false,431399,153
0.7,1500,RIGHT,270,false,431399,154
-3.2,1000,LEFT,270,false,431399,155
-1.4,1500,LEFT,270,false,431399,156
-2.1,1500,RIGHT,270,false,431399,157
-1.4,1500,UP,270,false,431399,158
-0.7,1500,RIGHT,270,false,431399,159
-1.6,1000,DOWN,270,false,431399,160
-0.7,1500,UP,270,false,431399,161
1.6,1000,LEFT,270,false,431399,162
0,1500,RIGHT,270,false,431399,163
1.06666,1000,DOWN,270,false,431399,164
0,1000,LEFT,270,false,431399,165
-1.6,1000,DOWN,270,false,431399,166
-0.7,1500,DOWN,270,false,431399,167
1.4,1500,RIGHT,270,false,431399,168
1.6,1000,RIGHT,90,false,431399,169
1.6,1000,UP,90,false,431399,170
0.7,1500,RIGHT,90,false,431399,171
3.2,1000,DOWN,90,false,431399,172
-0.7,1500,LEFT,90,false,431399,173
0.7,1500,DOWN,90,false,431399,174
-0.7,1500,UP,90,false,431399,175
0,1000,UP,90,false,431399,176
-1.4,1500,DOWN,90,false,431399,177
-0.7,1500,DOWN,90,false,431399,178
0.7,1500,LEFT,90,false,431399,179
-3.54,1500,RIGHT,90,false,431399,180
1.4,1500,UP,90,false,431399,181
-0.7,1500,UP,90,false,431399,182
-3.54,1500,LEFT,90,false,431399,183
-3.54,1500,UP,90,false,431399,184
-0.7,1500,DOWN,90,false,431399,185
-2.1,1500,DOWN,90,false,431399,186
1.6,1000,UP,90,false,431399,187
-4.8,1000,DOWN,90,false,431399,188
3.2,1000,LEFT,90,false,431399,189
-4.8,1000,RIGHT,90,false,431399,190
-0.7,1500,DOWN,90,false,431399,191
3.54,1500,UP,90,false,431399,192
-1.4,1500,DOWN,90,false,431399,193
-1.6,1000,DOWN,90,false,431399,194
0,1500,RIGHT,90,false,431399,195
-1.4,1500,UP,90,false,431399,196
3.2,1000,UP,270,false,431399,197
-1.4,1500,DOWN,270,false,431399,198
-1.4,1500,RIGHT,270,false,431399,199
-3.2,1000,DOWN,270,false,431399,200
1.4,1500,LEFT,270,false,431399,201
0.7,1500,LEFT,270,false,431399,202
0,1000,DOWN,270,false,431399,203
0,1000,LEFT,270,false,431399,204
3.54,1500,UP,270,false,431399,205
2.1,1500,UP,270,false,431399,206
4.8,1000,RIGHT,270,false,431399,207
-1.6,1000,RIGHT,270,false,431399,208
-2.1,1500,UP,270,false,431399,209
2.1,1500,RIGHT,270,false,431399,210
0,1000,UP,270,false,431399,211
1.6,1000,DOWN,270,false,431399,212
-1.6,1000,UP,270,false,431399,213
1.6,1000,RIGHT,270,false,431399,214
0,1000,UP,270,false,431399,215
1.6,1000,UP,270,false,431399,216
0,1000,RIGHT,270,false,431399,217
3.2,1000,LEFT,270,false,431399,218
0.7,1500,DOWN,270,false,431399,219
1.4,1500,DOWN,270,false,431399,220
-3.54,1500,DOWN,270,false,431399,221
-3.2,1000,UP,270,false,431399,222
0.7,1500,DOWN,270,false,431399,223
-3.2,1000,RIGHT,270,false,431399,224
3.2,1000,RIGHT,0,true,431325,1
-3.2,1000,UP,0,true,431325,2
3.2,1000,LEFT,0,true,431325,3
-2.1,1500,LEFT,0,true,431325,4
-2.1,1500,UP,0,true,431325,5
-2.1,1500,DOWN,0,true,431325,6
-3.2,1000,DOWN,0,true,431325,7
2.1,1500,LEFT,0,true,431325,8
2.1,1500,UP,0,true,431325,9
2.1,1500,RIGHT,0,true,431325,10
2.1,1500,DOWN,0,true,431325,11
3.2,1000,UP,0,true,431325,12
-3.2,1000,RIGHT,0,true,431325,13
3.2,1000,DOWN,0,true,431325,14
-3.2,1000,LEFT,0,true,431325,15
-2.1,1500,RIGHT,0,true,431325,16
0,1500,LEFT,90,false,431325,1
-0.7,1500,DOWN,90,false,431325,2
1.4,1500,LEFT,90,false,431325,3
0,1500,DOWN,90,false,431325,4
3.2,1000,RIGHT,90,false,431325,5
-0.7,1500,RIGHT,90,false,431325,6
-1.6,1000,RIGHT,90,false,431325,7
-1.4,1500,UP,90,false,431325,8
1.6,1000,UP,90,false,431325,9
0,1000,RIGHT,90,false,431325,10
-1.06666,1000,UP,90,false,431325,11
-1.6,1000,DOWN,90,false,431325,12
-4.8,1000,UP,90,false,431325,13
1.06666,1000,LEFT,90,false,431325,14
0,1000,DOWN,90,false,431325,15
2.1,1500,RIGHT,90,false,431325,16
2.1,1500,UP,90,false,431325,17
0,1500,UP,90,false,431325,18
-3.2,1000,DOWN,90,false,431325,19
1.4,1500,LEFT,90,false,431325,20
-1.6,1000,RIGHT,90,false,431325,21
1.4,1500,RIGHT,90,false,431325,22
0.7,1500,DOWN,90,false,431325,23
-2.1,1500,LEFT,90,false,431325,24
-1.6,1000,DOWN,90,false,431325,25
1.6,1000,UP,90,false,431325,26
0,1000,LEFT,90,false,431325,27
0,1000,UP,90,false,431325,28
1.6,1000,RIGHT,270,false,431325,29
0.7,1500,UP,270,false,431325,30
2.1,1500,LEFT,270,false,431325,31
-3.2,1000,LEFT,270,false,431325,32
-3.54,1500,DOWN,270,false,431325,33
1.4,1500,DOWN,270,false,431325,34
1.4,1500,LEFT,270,false,431325,35
-1.6,1000,LEFT,270,false,431325,36
0,1000,DOWN,270,false,431325,37
-0.7,1500,RIGHT,270,false,431325,38
-3.2,1000,UP,270,false,431325,39
4.8,1000,DOWN,270,false,431325,40
0,1500,RIGHT,270,false,431325,41
-1.6,1000,RIGHT,270,false,431325,42
0,1500,RIGHT,270,false,431325,43
2.1,1500,RIGHT,270,false,431325,44
-1.6,1000,UP,270,false,431325,45
-0.7,1500,LEFT,270,false,431325,46
3.54,1500,LEFT,270,false,431325,47
0,1500,UP,270,false,431325,48
-3.54,1500,UP,270,false,431325,49
-1.6,1000,DOWN,270,false,431325,50
1.4,1500,DOWN,270,false,431325,51
-1.06666,1000,DOWN,270,false,431325,52
-0.7,1500,DOWN,270,false,431325,53
1.6,1000,UP,270,false,431325,54
-0.7,1500,RIGHT,270,false,431325,55
-3.54,1500,RIGHT,270,false,431325,56
1.6,1000,RIGHT,90,false,431325,57
0,1000,RIGHT,90,false,431325,58
-3.54,1500,DOWN,90,false,431325,59
0.7,1500,RIGHT,90,false,431325,60
0.7,1500,UP,90,false,431325,61
-4.8,1000,LEFT,90,false,431325,62
1.6,1000,LEFT,90,false,431325,63
1.6,1000,DOWN,90,false,431325,64
1.06666,1000,RIGHT,90,false,431325,65
-1.06666,1000,RIGHT,90,false,431325,66
3.2,1000,UP,90,false,431325,67
1.6,1000,LEFT,90,false,431325,68
-2.1,1500,UP,90,false,431325,69
0.7,1500,LEFT,90,false,431325,70
-3.54,1500,RIGHT,90,false,431325,71
-0.7,1500,LEFT,90,false,431325,72
-3.2,1000,UP,90,false,431325,73
0,1500,RIGHT,90,false,431325,74
-1.4,1500,RIGHT,90,false,431325,75
-3.2,1000,RIGHT,90,false,431325,76
1.4,1500,UP,90,false,431325,77
1.4,1500,UP,90,false,431325,78
2.1,1500,DOWN,90,false,431325,79
3.2,1000,LEFT,90,false,431325,80
-1.4,1500,LEFT,90,false,431325,81
0.7,1500,LEFT,90,false,431325,82
-0.7,1500,UP,90,false,431325,83
1.06666,1000,DOWN,90,false,431325,84
-1.4,1500,DOWN,270,false,431325,85
-1.06666,1000,UP,270,false,431325,86
0,1500,LEFT,270,false,431325,87
0,1000,DOWN,270,false,431325,88
1.06666,1000,UP,270,false,431325,89
0.7,1500,UP,270,false,431325,90
2.1,1500,UP,270,false,431325,91
0.7,1500,DOWN,270,false,431325,92
1.6,1000,LEFT,270,false,431325,93
1.4,1500,LEFT,270,false,431325,94
1.06666,1000,DOWN,270,false,431325,95
1.06666,1000,RIGHT,270,false,431325,96
-3.2,1000,DOWN,270,false,431325,97
0.7,1500,UP,270,false,431325,98
-0.7,1500,UP,270,false,431325,99
0,1500,UP,270,false,431325,100
-1.6,1000,DOWN,270,false,431325,101
-1.4,1500,LEFT,270,false,431325,102
-1.6,1000,LEFT,270,false,431325,103
0.7,1500,LEFT,270,false,431325,104
-1.06666,1000,RIGHT,270,false,431325,105
1.4,1500,RIGHT,270,false,431325,106
1.4,1500,RIGHT,270,false,431325,107
-0.7,1500,DOWN,270,false,431325,108
0,1500,LEFT,270,false,431325,109
-1.06666,1000,LEFT,270,false,431325,110
0,1500,DOWN,270,false,431325,111
3.2,1000,RIGHT,270,false,431325,112
-1.4,1500,DOWN,90,false,431325,113
-0.7,1500,DOWN,90,false,431325,114
0,1000,UP,90,false,431325,115
-3.54,1500,LEFT,90,false,431325,116
0,1500,UP,90,false,431325,117
-1.4,1500,LEFT,90,false,431325,118
-0.7,1500,LEFT,90,false,431325,119
1.4,1500,RIGHT,90,false,431325,120
-1.4,1500,DOWN,90,false,431325,121
1.6,1000,DOWN,90,false,431325,122
1.4,1500,DOWN,90,false,431325,123
-2.1,1500,RIGHT,90,false,431325,124
0.7,1500,UP,90,false,431325,125
0.7,1500,DOWN,90,false,431325,126
-1.4,1500,UP,90,false,431325,127
0,1000,LEFT,90,false,431325,128
3.2,1000,DOWN,90,false,431325,129
-1.6,1000,UP,90,false,431325,130
-0.7,1500,RIGHT,90,false,431325,131
-1.06666,1000,DOWN,90,false,431325,132
4.8,1000,DOWN,90,false,431325,133
-0.7,1500,UP,90,false,431325,134
4.8,1000,LEFT,90,false,431325,135
3.54,1500,LEFT,90,false,431325,136
-1.6,1000,LEFT,90,false,431325,137
0,1500,RIGHT,90,false,431325,138
0.7,1500,UP,90,false,431325,139
-1.6,1000,LEFT,90,false,431325,140
-1.6,1000,RIGHT,270,false,431325,141
-0.7,1500,RIGHT,270,false,431325,142
-0.7,1500,LEFT,270,false,431325,143
-3.2,1000,RIGHT,270,false,431325,144
3.2,1000,LEFT,270,false,431325,145
-1.4,1500,UP,270,false,431325,146
-0.7,1500,DOWN,270,false,431325,147
-1.4,1500,UP,270,false,431325,148
1.6,1000,RIGHT,270,false,431325,149
2.1,1500,DOWN,270,false,431325,150
0.7,1500,DOWN,270,false,431325,151
0.7,1500,DOWN,270,false,431325,152
4.8,1000,UP,270,false,431325,153
1.6,1000,DOWN,270,false,431325,154
-2.1,1500,RIGHT,270,false,431325,155
-4.8,1000,RIGHT,270,false,431325,156
1.06666,1000,LEFT,270,false,431325,157
-1.4,1500,LEFT,270,false,431325,158
0,1000,UP,270,false,431325,159
3.54,1500,RIGHT,270,false,431325,160
0,1000,RIGHT,270,false,431325,161
0,1000,UP,270,false,431325,162
0.7,1500,LEFT,270,false,431325,163
-2.1,1500,UP,270,false,431325,164
0.7,1500,LEFT,270,false,431325,165
-0.7,1500,LEFT,270,false,431325,166
1.6,1000,UP,270,false,431325,167
-4.8,1000,UP,270,false,431325,168
-1.06666,1000,LEFT,90,false,431325,169
-1.6,1000,UP,90,false,431325,170
0.7,1500,RIGHT,90,false,431325,171
0.7,1500,DOWN,90,false,431325,172
3.54,1500,DOWN,90,false,431325,173
-0.7,1500,UP,90,false,431325,174
-4.8,1000,DOWN,90,false,431325,175
1.06666,1000,UP,90,false,431325,176
-3.54,1500,UP,90,false,431325,177
3.54,1500,UP,90,false,431325,178
3.54,1500,RIGHT,90,false,431325,179
-3.2,1000,LEFT,90,false,431325,180
-4.8,1000,RIGHT,90,false,431325,181
0,1500,DOWN,90,false,431325,182
4.8,1000,RIGHT,90,false,431325,183
1.6,1000,RIGHT,90,false,431325,184
2.1,1500,LEFT,90,false,431325,185
-0.7,1500,LEFT,90,false,431325,186
0,1000,DOWN,90,false,431325,187
-1.4,1500,RIGHT,90,false,431325,188
-0.7,1500,RIGHT,90,false,431325,189
0.7,1500,RIGHT,90,false,431325,190
0.7,1500,LEFT,90,false,431325,191
4.8,1000,UP,90,false,431325,192
-2.1,1500,DOWN,90,false,431325,193
-0.7,1500,DOWN,90,false,431325,194
0,1500,LEFT,90,false,431325,195
1.4,1500,DOWN,90,false,431325,196
-0.7,1500,UP,270,false,431325,197
3.2,1000,UP,270,false,431325,198
1.4,1500,UP,270,false,431325,199
4.8,1000,LEFT,270,false,431325,200
-2.1,1500,DOWN,270,false,431325,201
0.7,1500,RIGHT,270,false,431325,202
4.8,1000,RIGHT,270,false,431325,203
-1.6,1000,UP,270,false,431325,204
1.6,1000,DOWN,270,false,431325,205
0.7,1500,RIGHT,270,false,431325,206
-3.54,1500,LEFT,270,false,431325,207
1.4,1500,UP,270,false,431325,208
0,1000,LEFT,270,false,431325,209
-1.4,1500,RIGHT,270,false,431325,210
-4.8,1000,DOWN,270,false,431325,211
1.6,1000,LEFT,270,false,431325,212
0,1000,RIGHT,270,false,431325,213
0,1000,LEFT,270,false,431325,214
-0.7,1500,UP,270,false,431325,215
-1.4,1500,DOWN,270,false,431325,216
3.2,1000,DOWN,270,false,431325,217
0,1500,DOWN,270,false,431325,218
-4.8,1000,LEFT,270,false,431325,219
0.7,1500,RIGHT,270,false,431325,220
-2.1,1500,LEFT,270,false,431325,221
-1.4,1500,RIGHT,270,false,431325,222
3.54,1500,DOWN,270,false,431325,223
3.54,1500,UP,270,false,431325,224
-2.1,1500,DOWN,0,true,431412,1
-2.1,1500,RIGHT,0,true,431412,2
3.2,1000,LEFT,0,true,431412,3
3.2,1000,DOWN,0,true,431412,4
-3.2,1000,LEFT,0,true,431412,5
-3.2,1000,RIGHT,0,true,431412,6
3.2,1000,RIGHT,0,true,431412,7
-2.1,1500,UP,0,true,431412,8
2.1,1500,RIGHT,0,true,431412,9
2.1,1500,LEFT,0,true,431412,10
3.2,1000,UP,0,true,431412,11
-3.2,1000,DOWN,0,true,431412,12
2.1,1500,UP,0,true,431412,13
-3.2,1000,UP,0,true,431412,14
2.1,1500,DOWN,0,true,431412,15
-2.1,1500,LEFT,0,true,431412,16
1.4,1500,DOWN,270,false,431412,1
2.1,1500,LEFT,270,false,431412,2
3.54,1500,LEFT,270,false,431412,3
-2.1,1500,RIGHT,270,false,431412,4
-2.1,1500,UP,270,false,431412,5
-1.06666,1000,RIGHT,270,false,431412,6
0.7,1500,DOWN,270,false,431412,7
1.06666,1000,RIGHT,270,false,431412,8
-0.7,1500,RIGHT,270,false,431412,9
1.06666,1000,LEFT,270,false,431412,10
0.7,1500,LEFT,270,false,431412,11
-3.54,1500,UP,270,false,431412,12
0,1000,UP,270,false,431412,13
0,1500,RIGHT,270,false,431412,14
1.6,1000,RIGHT,270,false,431412,15
-3.54,1500,LEFT,270,false,431412,16
2.1,1500,DOWN,270,false,431412,17
-3.2,1000,RIGHT,270,false,431412,18
-1.6,1000,RIGHT,270,false,431412,19
-1.4,1500,UP,270,false,431412,20
-3.54,1500,RIGHT,270,false,431412,21
-1.06666,1000,DOWN,270,false,431412,22
-4.8,1000,DOWN,270,false,431412,23
0,1500,UP,270,false,431412,24
-1.4,1500,DOWN,270,false,431412,25
0,1000,DOWN,270,false,431412,26
0,1000,DOWN,270,false,431412,27
4.8,1000,RIGHT,270,false,431412,28
3.2,1000,RIGHT,90,false,431412,29
1.4,1500,DOWN,90,false,431412,30
-1.6,1000,LEFT,90,false,431412,31
-1.4,1500,LEFT,90,false,431412,32
0.7,1500,UP,90,false,431412,33
0.7,1500,LEFT,90,false,431412,34
-0.7,1500,LEFT,90,false,431412,35
3.54,1500,DOWN,90,false,431412,36
-0.7,1500,LEFT,90,false,431412,37
0.7,1500,RIGHT,90,false,431412,38
-1.4,1500,DOWN,90,false,431412,39
0.7,1500,RIGHT,90,false,431412,40
-0.7,1500,UP,90,false,431412,41
1.6,1000,DOWN,90,false,431412,42
-2.1,1500,RIGHT,90,false,431412,43
-1.4,1500,UP,90,false,431412,44
0,1000,DOWN,90,false,431412,45
3.54,1500,UP,90,false,431412,46
1.06666,1000,DOWN,90,false,431412,47
0,1000,RIGHT,90,false,431412,48
4.8,1000,DOWN,90,false,431412,49
-0.7,1500,RIGHT,90,false,431412,50
-4.8,1000,UP,90,false,431412,51
1.6,1000,LEFT,90,false,431412,52
-1.4,1500,RIGHT,90,false,431412,53
1.6,1000,RIGHT,90,false,431412,54
-0.7,1500,RIGHT,90,false,431412,55
1.4,1500,UP,90,false,431412,56
0,1500,DOWN,270,false,431412,57
1.4,1500,LEFT,270,false,431412,58
0,1000,UP,270,false,431412,59
0.7,1500,UP,270,false,431412,60
0,1000,RIGHT,270,false,431412,61
0,1500,DOWN,270,false,431412,62
-4.8,1000,LEFT,270,false,431412,63
-3.2,1000,UP,270,false,431412,64
-2.1,1500,LEFT,270,false,431412,65
3.2,1000,DOWN,270,false,431412,66
-2.1,1500,DOWN,270,false,431412,67
0,1000,LEFT,270,false,431412,68
2.1,1500,RIGHT,270,false,431412,69
-1.6,1000,LEFT,270,false,431412,70
0.7,1500,DOWN,270,false,431412,71
1.4,1500,DOWN,270,false,431412,72
1.6,1000,DOWN,270,false,431412,73
3.54,1500,DOWN,270,false,431412,74
-0.7,1500,DOWN,270,false,431412,75
-0.7,1500,UP,270,false,431412,76
-0.7,1500,LEFT,270,false,431412,77
3.2,1000,UP,270,false,431412,78
1.4,1500,UP,270,false,431412,79
3.54,1500,RIGHT,270,false,431412,80
-0.7,1500,RIGHT,270,false,431412,81
3.54,1500,UP,270,false,431412,82
-0.7,1500,UP,270,false,431412,83
1.4,1500,LEFT,270,false,431412,84
0,1500,DOWN,90,false,431412,85
-1.06666,1000,LEFT,90,false,431412,86
-0.7,1500,RIGHT,90,false,431412,87
-1.06666,1000,DOWN,90,false,431412,88
-1.6,1000,DOWN,90,false,431412,89
-1.6,1000,LEFT,90,false,431412,90
-1.6,1000,DOWN,90,false,431412,91
-1.06666,1000,RIGHT,90,false,431412,92
0,1500,UP,90,false,431412,93
1.06666,1000,LEFT,90,false,431412,94
4.8,1000,UP,90,false,431412,95
-0.7,1500,DOWN,90,false,431412,96
-2.1,1500,UP,90,false,431412,97
-0.7,1500,UP,90,false,431412,98
0.7,1500,LEFT,90,false,431412,99
0.7,1500,UP,90,false,431412,100
-3.2,1000,RIGHT,90,false,431412,101
1.6,1000,RIGHT,90,false,431412,102
-0.7,1500,LEFT,90,false,431412,103
-3.2,1000,DOWN,90,false,431412,104
1.6,1000,UP,90,false,431412,105
0,1000,LEFT,90,false,431412,106
1.06666,1000,RIGHT,90,false,431412,107
-4.8,1000,LEFT,90,false,431412,108
0,1500,RIGHT,90,false,431412,109
0,1000,DOWN,90,false,431412,110
1.6,1000,DOWN,90,false,431412,111
1.6,1000,UP,90,false,431412,112
0.7,1500,RIGHT,270,false,431412,113
-1.4,1500,LEFT,270,false,431412,114
0.7,1500,DOWN,270,false,431412,115
0.7,1500,RIGHT,270,false,431412,116
-1.4,1500,RIGHT,270,false,431412,117
1.6,1000,DOWN,270,false,431412,118
-1.4,1500,LEFT,270,false,431412,119
-3.54,1500,DOWN,270,false,431412,120
0,1000,LEFT,270,false,431412,121
0,1000,RIGHT,270,false,431412,122
1.4,1500,RIGHT,270,false,431412,123
1.4,1500,UP,270,false,431412,124
4.8,1000,UP,270,false,431412,125
-1.06666,1000,UP,270,false,431412,126
1.06666,1000,UP,270,false,431412,127
3.2,1000,RIGHT,270,false,431412,128
1.6,1000,RIGHT,270,false,431412,129
-1.6,1000,DOWN,270,false,431412,130
4.8,1000,LEFT,270,false,431412,131
1.4,1500,RIGHT,270,false,431412,132
1.6,1000,UP,270,false,431412,133
-4.8,1000,RIGHT,270,false,431412,134
0.7,1500,UP,270,false,431412,135
-0.7,1500,LEFT,270,false,431412,136
0,1500,UP,270,false,431412,137
-3.2,1000,LEFT,270,false,431412,138
0.7,1500,UP,270,false,431412,139
0.7,1500,LEFT,270,false,431412,140
0.7,1500,RIGHT,90,false,431412,141
1.4,1500,RIGHT,90,false,431412,142
0.7,1500,DOWN,90,false,431412,143
0,1000,UP,90,false,431412,144
1.6,1000,LEFT,90,false,431412,145
0,1500,DOWN,90,false,431412,146
0,1500,LEFT,90,false,431412,147
-3.54,1500,UP,90,false,431412,148
1.4,1500,LEFT,90,false,431412,149
-1.6,1000,RIGHT,90,false,431412,150
0.7,1500,LEFT,90,false,431412,151
0.7,1500,UP,90,false,431412,152
-1.4,1500,LEFT,90,false,431412,153
-4.8,1000,DOWN,90,false,431412,154
3.2,1000,DOWN,90,false,431412,155
-2.1,1500,DOWN,90,false,431412,156
3.54,1500,LEFT,90,false,431412,157
-1.4,1500,DOWN,90,false,431412,158
-1.6,1000,UP,90,false,431412,159
-1.4,1500,UP,90,false,431412,160
-3.2,1000,LEFT,90,false,431412,161
0,1500,UP,90,false,431412,162
2.1,1500,RIGHT,90,false,431412,163
-3.2,1000,UP,90,false,431412,164
0,1000,LEFT,90,false,431412,165
-3.54,1500,DOWN,90,false,431412,166
-1.06666,1000,UP,90,false,431412,167
2.1,1500,DOWN,90,false,431412,168
0,1500,LEFT,270,false,431412,169
-1.4,1500,UP,270,false,431412,170
1.6,1000,UP,270,false,431412,171
-0.7,1500,DOWN,270,false,431412,172
-1.6,1000,UP,270,false,431412,173
0.7,1500,LEFT,270,false,431412,174
1.6,1000,LEFT,270,false,431412,175
-1.6,1000,LEFT,270,false,431412,176
1.06666,1000,DOWN,270,false,431412,177
3.2,1000,LEFT,270,false,431412,178
-0.7,1500,UP,270,false,431412,179
2.1,1500,UP,270,false,431412,180
0.7,1500,RIGHT,270,false,431412,181
-0.7,1500,LEFT,270,false,431412,182
-1.06666,1000,LEFT,270,false,431412,183
-1.4,1500,DOWN,270,false,431412,184
-1.4,1500,RIGHT,270,false,431412,185
-3.2,1000,DOWN,270,false,431412,186
0,1500,LEFT,270,false,431412,187
1.6,1000,LEFT,270,false,431412,188
-1.6,1000,RIGHT,270,false,431412,189
-1.6,1000,UP,270,false,431412,190
-1.6,1000,DOWN,270,false,431412,191
-4.8,1000,UP,270,false,431412,192
-0.7,1500,DOWN,270,false,431412,193
-0.7,1500,RIGHT,270,false,431412,194
0,1500,RIGHT,270,false,431412,195
4.8,1000,DOWN,270,false,431412,196
2.1,1500,LEFT,90,false,431412,197
-3.54,1500,LEFT,90,false,431412,198
1.06666,1000,UP,90,false,431412,199
0,1500,LEFT,90,false,431412,200
-4.8,1000,RIGHT,90,false,431412,201
-3.54,1500,RIGHT,90,false,431412,202
1.4,1500,DOWN,90,false,431412,203
-0.7,1500,UP,90,false,431412,204
-1.6,1000,RIGHT,90,false,431412,205
1.4,1500,RIGHT,90,false,431412,206
0.7,1500,DOWN,90,false,431412,207
3.2,1000,UP,90,false,431412,208
0.7,1500,DOWN,90,false,431412,209
4.8,1000,RIGHT,90,false,431412,210
3.2,1000,LEFT,90,false,431412,211
-2.1,1500,LEFT,90,false,431412,212
-1.6,1000,UP,90,false,431412,213
-0.7,1500,DOWN,90,false,431412,214
3.54,1500,RIGHT,90,false,431412,215
-0.7,1500,DOWN,90,false,431412,216
2.1,1500,UP,90,false,431412,217
1.4,1500,UP,90,false,431412,218
-1.4,1500,RIGHT,90,false,431412,219
1.4,1500,LEFT,90,false,431412,220
0,1000,RIGHT,90,false,431412,221
0,1500,RIGHT,90,false,431412,222
4.8,1000,LEFT,90,false,431412,223
0,1000,UP,90,false,431412,224
-2.1,1500,LEFT,0,true,431404,1
2.1,1500,RIGHT,0,true,431404,2
-3.2,1000,UP,0,true,431404,3
-2.1,1500,UP,0,true,431404,4
-3.2,1000,DOWN,0,true,431404,5
2.1,1500,LEFT,0,true,431404,6
3.2,1000,RIGHT,0,true,431404,7
3.2,1000,DOWN,0,true,431404,8
3.2,1000,LEFT,0,true,431404,9
-3.2,1000,LEFT,0,true,431404,10
-2.1,1500,DOWN,0,true,431404,11
2.1,1500,UP,0,true,431404,12
-3.2,1000,RIGHT,0,true,431404,13
-2.1,1500,RIGHT,0,true,431404,14
2.1,1500,DOWN,0,true,431404,15
3.2,1000,UP,0,true,431404,16
-3.2,1000,DOWN,270,false,431404,1
-3.54,1500,RIGHT,270,false,431404,2
3.54,1500,UP,270,false,431404,3
1.6,1000,LEFT,270,false,431404,4
1.6,1000,UP,270,false,431404,5
0.7,1500,RIGHT,270,false,431404,6
-1.06666,1000,LEFT,270,false,431404,7
0,1000,RIGHT,270,false,431404,8
0,1000,DOWN,270,false,431404,9
-0.7,1500,UP,270,false,431404,10
0.7,1500,RIGHT,270,false,431404,11
1.06666,1000,UP,270,false,431404,12
-1.4,1500,RIGHT,270,false,431404,13
0,1000,UP,270,false,431404,14
1.6,1000,LEFT,270,false,431404,15
0,1500,UP,270,false,431404,16
1.4,1500,RIGHT,270,false,431404,17
1.4,1500,DOWN,270,false,431404,18
-0.7,1500,LEFT,270,false,431404,19
-1.06666,1000,UP,270,false,431404,20
-4.8,1000,LEFT,270,false,431404,21
-1.4,1500,UP,270,false,431404,22
2.1,1500,DOWN,270,false,431404,23
-1.6,1000,DOWN,270,false,431404,24
0.7,1500,UP,270,false,431404,25
2.1,1500,UP,270,false,431404,26
1.4,1500,UP,270,false,431404,27
-4.8,1000,UP,270,false,431404,28
4.8,1000,LEFT,90,false,431404,29
3.54,1500,RIGHT,90,false,431404,30
-2.1,1500,RIGHT,90,false,431404,31
-1.4,1500,RIGHT,90,false,431404,32
-0.7,1500,UP,90,false,431404,33
-3.54,1500,LEFT,90,false,431404,34
-0.7,1500,UP,90,false,431404,35
-0.7,1500,LEFT,90,false,431404,36
0,1000,DOWN,90,false,431404,37
1.6,1000,LEFT,90,false,431404,38
-2.1,1500,UP,90,false,431404,39
-0.7,1500,RIGHT,90,false,431404,40
2.1,1500,LEFT,90,false,431404,41
-1.6,1000,LEFT,90,false,431404,42
-1.06666,1000,DOWN,90,false,431404,43
0,1000,LEFT,90,false,431404,44
-1.4,1500,UP,90,false,431404,45
-2.1,1500,DOWN,90,false,431404,46
-1.4,1500,DOWN,90,false,431404,47
0.7,1500,RIGHT,90,false,431404,48
-3.2,1000,UP,90,false,431404,49
1.06666,1000,LEFT,90,false,431404,50
3.2,1000,RIGHT,90,false,431404,51
-3.54,1500,DOWN,90,false,431404,52
1.4,1500,LEFT,90,false,431404,53
0,1000,RIGHT,90,false,431404,54
-1.4,1500,UP,90,false,431404,55
0.7,1500,LEFT,90,false,431404,56
3.54,1500,DOWN,270,false,431404,57
-0.7,1500,RIGHT,270,false,431404,58
-2.1,1500,LEFT,270,false,431404,59
-3.2,1000,UP,270,false,431404,60
3.2,1000,LEFT,270,false,431404,61
-0.7,1500,DOWN,270,false,431404,62
1.6,1000,RIGHT,270,false,431404,63
0,1500,LEFT,270,false,431404,64
-0.7,1500,LEFT,270,false,431404,65
0.7,1500,DOWN,270,false,431404,66
0,1500,UP,270,false,431404,67
2.1,1500,RIGHT,270,false,431404,68
4.8,1000,UP,270,false,431404,69
-1.6,1000,UP,270,false,431404,70
4.8,1000,LEFT,270,false,431404,71
0.7,1500,UP,270,false,431404,72
1.6,1000,DOWN,270,false,431404,73
1.6,1000,DOWN,270,false,431404,74
0,1500,DOWN,270,false,431404,75
-1.06666,1000,DOWN,270,false,431404,76
-2.1,1500,DOWN,270,false,431404,77
0,1500,RIGHT,270,false,431404,78
0.7,1500,LEFT,270,false,431404,79
-3.2,1000,LEFT,270,false,431404,80
-1.6,1000,RIGHT,270,false,431404,81
-1.4,1500,LEFT,270,false,431404,82
-3.54,1500,DOWN,270,false,431404,83
-1.6,1000,LEFT,270,false,431404,84
-4.8,1000,DOWN,90,false,431404,85
-0.7,1500,UP,90,false,431404,86
0,1500,UP,90,false,431404,87
-1.06666,1000,UP,90,false,431404,88
1.06666,1000,UP,90,false,431404,89
0.7,1500,LEFT,90,false,431404,90
1.4,1500,DOWN,90,false,431404,91
2.1,1500,DOWN,90,false,431404,92
0,1500,RIGHT,90,false,431404,93
-0.7,1500,LEFT,90,false,431404,94
-1.4,1500,RIGHT,90,false,431404,95
-1.06666,1000,LEFT,90,false,431404,96
1.06666,1000,RIGHT,90,false,431404,97
-4.8,1000,UP,90,false,431404,98
0,1500,UP,90,false,431404,99
-1.06666,1000,RIGHT,90,false,431404,100
-3.54,1500,UP,90,false,431404,101
0,1500,DOWN,90,false,431404,102
-4.8,1000,RIGHT,90,false,431404,103
-3.2,1000,DOWN,90,false,431404,104
-1.6,1000,UP,90,false,431404,105
0,1000,UP,90,false,431404,106
1.4,1500,LEFT,90,false,431404,107
-3.2,1000,LEFT,90,false,431404,108
1.4,1500,UP,90,false,431404,109
2.1,1500,RIGHT,90,false,431404,110
0,1000,RIGHT,90,false,431404,111
3.54,1500,UP,90,false,431404,112
-2.1,1500,RIGHT,270,false,431404,113
1.4,1500,LEFT,270,false,431404,114
-4.8,1000,DOWN,270,false,431404,115
4.8,1000,DOWN,270,false,431404,116
1.6,1000,RIGHT,270,false,431404,117
-1.4,1500,DOWN,270,false,431404,118
-1.4,1500,UP,270,false,431404,119
-1.6,1000,LEFT,270,false,431404,120
-1.6,1000,UP,270,false,431404,121
1.06666,1000,LEFT,270,false,431404,122
-1.6,1000,RIGHT,270,false,431404,123
1.4,1500,UP,270,false,431404,124
-0.7,1500,DOWN,270,false,431404,125
3.54,1500,RIGHT,270,false,431404,126
-2.1,1500,UP,270,false,431404,127
0.7,1500,DOWN,270,false,431404,128
0,1500,DOWN,270,false,431404,129
-0.7,1500,DOWN,270,false,431404,130
1.6,1000,UP,270,false,431404,131
1.4,1500,DOWN,270,false,431404,132
-3.2,1000,RIGHT,270,false,431404,133
0,1000,DOWN,270,false,431404,134
0,1000,LEFT,270,false,431404,135
-4.8,1000,RIGHT,270,false,431404,136
-0.7,1500,RIGHT,270,false,431404,137
3.54,1500,LEFT,270,false,431404,138
0.7,1500,LEFT,270,false,431404,139
0,1500,LEFT,270,false,431404,140
-1.6,1000,LEFT,90,false,431404,141
1.4,1500,RIGHT,90,false,431404,142
0,1000,LEFT,90,false,431404,143
1.4,1500,RIGHT,90,false,431404,144
0.7,1500,DOWN,90,false,431404,145
3.2,1000,DOWN,90,false,431404,146
-2.1,1500,LEFT,90,false,431404,147
1.6,1000,RIGHT,90,false,431404,148
4.8,1000,UP,90,false,431404,149
-1.4,1500,LEFT,90,false,431404,150
0,1500,LEFT,90,false,431404,151
-1.6,1000,DOWN,90,false,431404,152
-0.7,1500,RIGHT,90,false,431404,153
0.7,1500,LEFT,90,false,431404,154
0,1500,RIGHT,90,false,431404,155
4.8,1000,RIGHT,90,false,431404,156
0.7,1500,DOWN,90,false,431404,157
3.2,1000,UP,90,false,431404,158
0,1500,LEFT,90,false,431404,159
-3.2,1000,RIGHT,90,false,431404,160
1.6,1000,UP,90,false,431404,161
0.7,1500,DOWN,90,false,431404,162
2.1,1500,UP,90,false,431404,163
1.06666,1000,DOWN,90,false,431404,164
1.6,1000,UP,90,false,431404,165
-1.6,1000,UP,90,false,431404,166
0.7,1500,UP,90,false,431404,167
-1.6,1000,DOWN,90,false,431404,168
3.2,1000,DOWN,270,false,431404,169
-3.54,1500,UP,270,false,431404,170
-1.4,1500,DOWN,270,false,431404,171
0.7,1500,LEFT,270,false,431404,172
-1.6,1000,DOWN,270,false,431404,173
-1.4,1500,RIGHT,270,false,431404,174
-0.7,1500,UP,270,false,431404,175
0.7,1500,UP,270,false,431404,176
1.4,1500,RIGHT,270,false,431404,177
-3.54,1500,LEFT,270,false,431404,178
3.2,1000,UP,270,false,431404,179
0,1500,RIGHT,270,false,431404,180
-0.7,1500,UP,270,false,431404,181
-0.7,1500,LEFT,270,false,431404,182
1.4,1500,LEFT,270,false,431404,183
0.7,1500,DOWN,270,false,431404,184
1.06666,1000,RIGHT,270,false,431404,185
2.1,1500,LEFT,270,false,431404,186
4.8,1000,RIGHT,270,false,431404,187
0,1000,UP,270,false,431404,188
-1.4,1500,LEFT,270,false,431404,189
1.06666,1000,DOWN,270,false,431404,190
0,1000,RIGHT,270,false,431404,191
0,1000,LEFT,270,false,431404,192
-1.06666,1000,RIGHT,270,false,431404,193
0.7,1500,RIGHT,270,false,431404,194
-0.7,1500,RIGHT,270,false,431404,195
3.2,1000,RIGHT,270,false,431404,196
-1.6,1000,RIGHT,90,false,431404,197
1.6,1000,DOWN,90,false,431404,198
-0.7,1500,LEFT,90,false,431404,199
-1.4,1500,DOWN,90,false,431404,200
0.7,1500,RIGHT,90,false,431404,201
0,1000,UP,90,false,431404,202
1.6,1000,DOWN,90,false,431404,203
1.4,1500,UP,90,false,431404,204
4.8,1000,DOWN,90,false,431404,205
-0.7,1500,DOWN,90,false,431404,206
0,1500,DOWN,90,false,431404,207
0.7,1500,UP,90,false,431404,208
0.7,1500,RIGHT,90,false,431404,209
-4.8,1000,LEFT,90,false,431404,210
3.54,1500,DOWN,90,false,431404,211
1.4,1500,DOWN,90,false,431404,212
-3.54,1500,RIGHT,90,false,431404,213
-0.7,1500,DOWN,90,false,431404,214
-1.6,1000,RIGHT,90,false,431404,215
3.54,1500,LEFT,90,false,431404,216
3.2,1000,LEFT,90,false,431404,217
-0.7,1500,RIGHT,90,false,431404,218
1.6,1000,LEFT,90,false,431404,219
0.7,1500,UP,90,false,431404,220
0,1000,DOWN,90,false,431404,221
-0.7,1500,DOWN,90,false,431404,222
1.6,1000,RIGHT,90,false,431404,223
-1.4,1500,LEFT,90,false,431404,224
-3.2,1000,DOWN,0,true,431407,1
-2.1,1500,UP,0,true,431407,2
2.1,1500,DOWN,0,true,431407,3
3.2,1000,DOWN,0,true,431407,4
2.1,1500,RIGHT,0,true,431407,5
-3.2,1000,RIGHT,0,true,431407,6
-2.1,1500,RIGHT,0,true,431407,7
-3.2,1000,UP,0,true,431407,8
3.2,1000,LEFT,0,true,431407,9
2.1,1500,LEFT,0,true,431407,10
2.1,1500,UP,0,true,431407,11
-3.2,1000,LEFT,0,true,431407,12
-2.1,1500,DOWN,0,true,431407,13
3.2,1000,UP,0,true,431407,14
-2.1,1500,LEFT,0,true,431407,15
3.2,1000,RIGHT,0,true,431407,16
0.7,1500,LEFT,90,false,431407,1
-2.1,1500,UP,90,false,431407,2
-1.6,1000,UP,90,false,431407,3
1.06666,1000,DOWN,90,false,431407,4
2.1,1500,UP,90,false,431407,5
1.6,1000,DOWN,90,false,431407,6
3.54,1500,DOWN,90,false,431407,7
1.4,1500,UP,90,false,431407,8
1.06666,1000,UP,90,false,431407,9
-3.2,1000,DOWN,90,false,431407,10
-2.1,1500,LEFT,90,false,431407,11
-1.06666,1000,DOWN,90,false,431407,12
0,1500,RIGHT,90,false,431407,13
-1.6,1000,LEFT,90,false,431407,14
2.1,1500,RIGHT,90,false,431407,15
1.6,1000,UP,90,false,431407,16
-1.06666,1000,RIGHT,90,false,431407,17
3.2,1000,LEFT,90,false,431407,18
-3.54,1500,RIGHT,90,false,431407,19
0.7,1500,RIGHT,90,false,431407,20
3.2,1000,DOWN,90,false,431407,21
-0.7,1500,LEFT,90,false,431407,22
-3.54,1500,DOWN,90,false,431407,23
0,1000,DOWN,90,false,431407,24
-0.7,1500,LEFT,90,false,431407,25
1.6,1000,RIGHT,90,false,431407,26
0,1000,LEFT,90,false,431407,27
-2.1,1500,RIGHT,90,false,431407,28
-3.2,1000,DOWN,270,false,431407,29
0.7,1500,LEFT,270,false,431407,30
1.4,1500,DOWN,270,false,431407,31
1.06666,1000,LEFT,270,false,431407,32
3.54,1500,RIGHT,270,false,431407,33
0.7,1500,UP,270,false,431407,34
-0.7,1500,LEFT,270,false,431407,35
1.06666,1000,UP,270,false,431407,36
-3.2,1000,UP,270,false,431407,37
-0.7,1500,DOWN,270,false,431407,38
-4.8,1000,UP,270,false,431407,39
-1.4,1500,UP,270,false,431407,40
1.4,1500,LEFT,270,false,431407,41
0,1500,LEFT,270,false,431407,42
0.7,1500,RIGHT,270,false,431407,43
-0.7,1500,DOWN,270,false,431407,44
1.6,1000,UP,270,false,431407,45
1.6,1000,DOWN,270,false,431407,46
-3.54,1500,RIGHT,270,false,431407,47
-1.6,1000,DOWN,270,false,431407,48
-1.4,1500,LEFT,270,false,431407,49
-2.1,1500,UP,270,false,431407,50
-0.7,1500,DOWN,270,false,431407,51
1.6,1000,LEFT,270,false,431407,52
0,1500,DOWN,270,false,431407,53
-1.6,1000,RIGHT,270,false,431407,54
-4.8,1000,DOWN,270,false,431407,55
1.6,1000,LEFT,270,false,431407,56
0,1000,LEFT,90,false,431407,57
0,1500,DOWN,90,false,431407,58
0,1000,DOWN,90,false,431407,59
-1.6,1000,RIGHT,90,false,431407,60
-3.54,1500,UP,90,false,431407,61
-1.4,1500,UP,90,false,431407,62
3.2,1000,UP,90,false,431407,63
0,1500,LEFT,90,false,431407,64
-1.6,1000,UP,90,false,431407,65
-3.2,1000,RIGHT,90,false,431407,66
0.7,1500,LEFT,90,false,431407,67
0,1500,UP,90,false,431407,68
4.8,1000,RIGHT,90,false,431407,69
-1.4,1500,UP,90,false,431407,70
0.7,1500,RIGHT,90,false,431407,71
-3.2,1000,UP,90,false,431407,72
0.7,1500,UP,90,false,431407,73
4.8,1000,DOWN,90,false,431407,74
-4.8,1000,UP,90,false,431407,75
-0.7,1500,DOWN,90,false,431407,76
3.54,1500,LEFT,90,false,431407,77
0,1000,RIGHT,90,false,431407,78
0.7,1500,UP,90,false,431407,79
-1.4,1500,DOWN,90,false,431407,80
-1.4,1500,RIGHT,90,false,431407,81
-0.7,1500,RIGHT,90,false,431407,82
1.06666,1000,RIGHT,90,false,431407,83
-0.7,1500,UP,90,false,431407,84
-0.7,1500,UP,270,false,431407,85
4.8,1000,UP,270,false,431407,86
-1.6,1000,LEFT,270,false,431407,87
4.8,1000,LEFT,270,false,431407,88
1.06666,1000,DOWN,270,false,431407,89
0,1000,RIGHT,270,false,431407,90
-1.06666,1000,DOWN,270,false,431407,91
0.7,1500,DOWN,270,false,431407,92
1.4,1500,RIGHT,270,false,431407,93
1.4,1500,UP,270,false,431407,94
1.6,1000,UP,270,false,431407,95
-1.4,1500,LEFT,270,false,431407,96
3.2,1000,DOWN,270,false,431407,97
0,1500,LEFT,270,false,431407,98
1.6,1000,RIGHT,270,false,431407,99
1.6,1000,DOWN,270,false,431407,100
0.7,1500,LEFT,270,false,431407,101
3.2,1000,LEFT,270,false,431407,102
0.7,1500,LEFT,270,false,431407,103
-4.8,1000,RIGHT,270,false,431407,104
0.7,1500,UP,270,false,431407,105
-3.54,1500,LEFT,270,false,431407,106
3.54,1500,UP,270,false,431407,107
-1.6,1000,UP,270,false,431407,108
1.4,1500,RIGHT,270,false,431407,109
-1.4,1500,DOWN,270,false,431407,110
0.7,1500,UP,270,false,431407,111
0,1500,UP,270,false,431407,112
0.7,1500,LEFT,90,false,431407,113
1.06666,1000,LEFT,90,false,431407,114
1.4,1500,RIGHT,90,false,431407,115
4.8,1000,LEFT,90,false,431407,116
-1.6,1000,DOWN,90,false,431407,117
-1.06666,1000,UP,90,false,431407,118
-2.1,1500,DOWN,90,false,431407,119
-4.8,1000,LEFT,90,false,431407,120
0.7,1500,RIGHT,90,false,431407,121
0,1500,DOWN,90,false,431407,122
-0.7,1500,LEFT,90,false,431407,123
-1.4,1500,LEFT,90,false,431407,124
-0.7,1500,DOWN,90,false,431407,125
-0.7,1500,RIGHT,90,false,431407,126
-0.7,1500,UP,90,false,431407,127
1.6,1000,DOWN,90,false,431407,128
0.7,1500,DOWN,90,false,431407,129
-1.4,1500,DOWN,90,false,431407,130
1.6,1000,RIGHT,90,false,431407,131
3.54,1500,UP,90,false,431407,132
3.54,1500,RIGHT,90,false,431407,133
0,1500,RIGHT,90,false,431407,134
1.4,1500,RIGHT,90,false,431407,135
-1.6,1000,DOWN,90,false,431407,136
-3.2,1000,LEFT,90,false,431407,137
2.1,1500,LEFT,90,false,431407,138
-1.6,1000,RIGHT,90,false,431407,139
1.4,1500,DOWN,90,false,431407,140
-1.6,1000,DOWN,270,false,431407,141
-0.7,1500,UP,270,false,431407,142
-1.4,1500,UP,270,false,431407,143
0.7,1500,RIGHT,270,false,431407,144
3.54,1500,DOWN,270,false,431407,145
1.4,1500,DOWN,270,false,431407,146
0,1500,RIGHT,270,false,431407,147
-1.4,1500,RIGHT,270,false,431407,148
-1.6,1000,LEFT,270,false,431407,149
2.1,1500,LEFT,270,false,431407,150
4.8,1000,RIGHT,270,false,431407,151
2.1,1500,RIGHT,270,false,431407,152
-0.7,1500,LEFT,270,false,431407,153
-1.4,1500,DOWN,270,false,431407,154
-2.1,1500,DOWN,270,false,431407,155
0,1000,RIGHT,270,false,431407,156
0,1000,DOWN,270,false,431407,157
0.7,1500,DOWN,270,false,431407,158
-0.7,1500,UP,270,false,431407,159
-3.54,1500,DOWN,270,false,431407,160
0,1000,DOWN,270,false,431407,161
0,1000,LEFT,270,false,431407,162
-2.1,1500,RIGHT,270,false,431407,163
3.2,1000,RIGHT,270,false,431407,164
0,1500,UP,270,false,431407,165
-1.4,1500,RIGHT,270,false,431407,166
-1.6,1000,RIGHT,270,false,431407,167
-1.06666,1000,RIGHT,270,false,431407,168
0.7,1500,DOWN,90,false,431407,169
-1.06666,1000,LEFT,90,false,431407,170
1.4,1500,LEFT,90,false,431407,171
-4.8,1000,RIGHT,90,false,431407,172
-0.7,1500,UP,90,false,431407,173
1.6,1000,LEFT,90,false,431407,174
0,1500,LEFT,90,false,431407,175
1.6,1000,UP,90,false,431407,176
-4.8,1000,DOWN,90,false,431407,177
1.4,1500,UP,90,false,431407,178
-1.4,1500,LEFT,90,false,431407,179
1.4,1500,LEFT,90,false,431407,180
-1.6,1000,LEFT,90,false,431407,181
-0.7,1500,RIGHT,90,false,431407,182
-1.4,1500,RIGHT,90,false,431407,183
0,1000,UP,90,false,431407,184
-0.7,1500,DOWN,90,false,431407,185
0.7,1500,DOWN,90,false,431407,186
0,1000,RIGHT,90,false,431407,187
2.1,1500,DOWN,90,false,431407,188
3.2,1000,RIGHT,90,false,431407,189
1.6,1000,LEFT,90,false,431407,190
0,1500,UP,90,false,431407,191
1.4,1500,DOWN,90,false,431407,192
4.8,1000,UP,90,false,431407,193
0.7,1500,UP,90,false,431407,194
-3.54,1500,LEFT,90,false,431407,195
0,1000,UP,90,false,431407,196
-3.2,1000,RIGHT,270,false,431407,197
-1.06666,1000,UP,270,false,431407,198
-4.8,1000,LEFT,270,false,431407,199
-2.1,1500,LEFT,270,false,431407,200
0.7,1500,DOWN,270,false,431407,201
1.6,1000,RIGHT,270,false,431407,202
0,1000,UP,270,false,431407,203
2.1,1500,DOWN,270,false,431407,204
1.06666,1000,RIGHT,270,false,431407,205
2.1,1500,UP,270,false,431407,206
-3.2,1000,LEFT,270,false,431407,207
0,1500,DOWN,270,false,431407,208
1.4,1500,LEFT,270,false,431407,209
0,1000,UP,270,false,431407,210
4.8,1000,DOWN,270,false,431407,211
-0.7,1500,RIGHT,270,false,431407,212
-1.6,1000,UP,270,false,431407,213
-0.7,1500,LEFT,270,false,431407,214
0,1500,RIGHT,270,false,431407,215
3.54,1500,LEFT,270,false,431407,216
-1.06666,1000,LEFT,270,false,431407,217
-3.54,1500,UP,270,false,431407,218
-0.7,1500,RIGHT,270,false,431407,219
-0.7,1500,RIGHT,270,false,431407,220
3.2,1000,UP,270,false,431407,221
0.7,1500,RIGHT,270,false,431407,222
1.4,1500,UP,270,false,431407,223
0,1000,LEFT,270,false,431407,224
3.2,1000,UP,0,true,431400,1
-3.2,1000,RIGHT,0,true,431400,2
-2.1,1500,UP,0,true,431400,3
-2.1,1500,LEFT,0,true,431400,4
-2.1,1500,DOWN,0,true,431400,5
3.2,1000,DOWN,0,true,431400,6
2.1,1500,LEFT,0,true,431400,7
-3.2,1000,LEFT,0,true,431400,8
2.1,1500,UP,0,true,431400,9
2.1,1500,RIGHT,0,true,431400,10
3.2,1000,LEFT,0,true,431400,11
-3.2,1000,UP,0,true,431400,12
-2.1,1500,RIGHT,0,true,431400,13
2.1,1500,DOWN,0,true,431400,14
-3.2,1000,DOWN,0,true,431400,15
3.2,1000,RIGHT,0,true,431400,16
0.7,1500,RIGHT,90,false,431400,1
0.7,1500,LEFT,90,false,431400,2
-0.7,1500,DOWN,90,false,431400,3
4.8,1000,UP,90,false,431400,4
1.4,1500,DOWN,90,false,431400,5
0.7,1500,UP,90,false,431400,6
1.6,1000,LEFT,90,false,431400,7
-1.4,1500,DOWN,90,false,431400,8
-3.54,1500,UP,90,false,431400,9
1.4,1500,LEFT,90,false,431400,10
0,1000,DOWN,90,false,431400,11
1.6,1000,UP,90,false,431400,12
-1.6,1000,DOWN,90,false,431400,13
3.54,1500,LEFT,90,false,431400,14
1.6,1000,DOWN,90,false,431400,15
-1.4,1500,UP,90,false,431400,16
0,1000,UP,90,false,431400,17
1.6,1000,RIGHT,90,false,431400,18
0,1000,DOWN,90,false,431400,19
3.54,1500,DOWN,90,false,431400,20
1.4,1500,UP,90,false,431400,21
-3.2,1000,LEFT,90,false,431400,22
2.1,1500,LEFT,90,false,431400,23
-2.1,1500,DOWN,90,false,431400,24
0,1500,LEFT,90,false,431400,25
-0.7,1500,LEFT,90,false,431400,26
-3.2,1000,UP,90,false,431400,27
0,1500,DOWN,90,false,431400,28
1.6,1000,DOWN,270,false,431400,29
-1.6,1000,UP,270,false,431400,30
-4.8,1000,RIGHT,270,false,431400,31
-1.4,1500,LEFT,270,false,431400,32
2.1,1500,DOWN,270,false,431400,33
3.54,1500,DOWN,270,false,431400,34
4.8,1000,UP,270,false,431400,35
-1.4,1500,LEFT,270,false,431400,36
-1.06666,1000,RIGHT,270,false,431400,37
2.1,1500,RIGHT,270,false,431400,38
0.7,1500,UP,270,false,431400,39
1.6,1000,UP,270,false,431400,40
-2.1,1500,DOWN,270,false,431400,41
1.6,1000,UP,270,false,431400,42
0.7,1500,RIGHT,270,false,431400,43
-3.54,1500,RIGHT,270,false,431400,44
0.7,1500,RIGHT,270,false,431400,45
3.2,1000,RIGHT,270,false,431400,46
-0.7,1500,DOWN,270,false,431400,47
-2.1,1500,UP,270,false,431400,48
-0.7,1500,UP,270,false,431400,49
-1.6,1000,LEFT,270,false,431400,50
0,1000,LEFT,270,false,431400,51
-0.7,1500,RIGHT,270,false,431400,52
2.1,1500,LEFT,270,false,431400,53
0.7,1500,UP,270,false,431400,54
0,1500,UP,270,false,431400,55
-1.6,1000,DOWN,270,false,431400,56
-3.54,1500,RIGHT,90,false,431400,57
-1.06666,1000,DOWN,90,false,431400,58
1.4,1500,RIGHT,90,false,431400,59
-4.8,1000,DOWN,90,false,431400,60
-0.7,1500,UP,90,false,431400,61
-0.7,1500,DOWN,90,false,431400,62
-3.2,1000,DOWN,90,false,431400,63
3.2,1000,RIGHT,90,false,431400,64
1.4,1500,RIGHT,90,false,431400,65
3.2,1000,LEFT,90,false,431400,66
-1.4,1500,LEFT,90,false,431400,67
-0.7,1500,UP,90,false,431400,68
2.1,1500,UP,90,false,431400,69
1.4,1500,UP,90,false,431400,70
0.7,1500,UP,90,false,431400,71
-0.7,1500,RIGHT,90,false,431400,72
0.7,1500,DOWN,90,false,431400,73
-1.6,1000,UP,90,false,431400,74
-0.7,1500,RIGHT,90,false,431400,75
-1.4,1500,LEFT,90,false,431400,76
-1.6,1000,RIGHT,90,false,431400,77
-3.2,1000,RIGHT,90,false,431400,78
1.6,1000,RIGHT,90,false,431400,79
-3.54,1500,DOWN,90,false,431400,80
-1.06666,1000,RIGHT,90,false,431400,81
-1.6,1000,LEFT,90,false,431400,82
1.06666,1000,UP,90,false,431400,83
-1.4,1500,DOWN,90,false,431400,84
-1.4,1500,DOWN,270,false,431400,85
0,1000,DOWN,270,false,431400,86
-3.54,1500,UP,270,false,431400,87
-1.6,1000,RIGHT,270,false,431400,88
-1.06666,1000,UP,270,false,431400,89
1.06666,1000,DOWN,270,false,431400,90
0,1000,UP,270,false,431400,91
-2.1,1500,RIGHT,270,false,431400,92
-1.06666,1000,LEFT,270,false,431400,93
-1.6,1000,UP,270,false,431400,94
-3.2,1000,LEFT,270,false,431400,95
3.2,1000,UP,270,false,431400,96
0,1500,LEFT,270,false,431400,97
0,1000,UP,270,false,431400,98
3.2,1000,DOWN,270,false,431400,99
1.06666,1000,RIGHT,270,false,431400,100
0,1000,DOWN,270,false,431400,101
1.6,1000,LEFT,270,false,431400,102
-3.2,1000,UP,270,false,431400,103
-0.7,1500,DOWN,270,false,431400,104
-4.8,1000,LEFT,270,false,431400,105
-1.6,1000,RIGHT,270,false,431400,106
4.8,1000,RIGHT,270,false,431400,107
0.7,1500,LEFT,270,false,431400,108
-0.7,1500,UP,270,false,431400,109
1.4,1500,LEFT,270,false,431400,110
3.2,1000,LEFT,270,false,431400,111
-0.7,1500,LEFT,270,false,431400,112
-1.4,1500,RIGHT,90,false,431400,113
0,1500,RIGHT,90,false,431400,114
0.7,1500,DOWN,90,false,431400,115
2.1,1500,DOWN,90,false,431400,116
0,1500,UP,90,false,431400,117
-1.6,1000,LEFT,90,false,431400,118
-0.7,1500,DOWN,90,false,431400,119
0.7,1500,RIGHT,90,false,431400,120
2.1,1500,RIGHT,90,false,431400,121
3.2,1000,DOWN,90,false,431400,122
-3.54,1500,LEFT,90,false,431400,123
0,1000,LEFT,90,false,431400,124
1.06666,1000,DOWN,90,false,431400,125
1.6,1000,UP,90,false,431400,126
3.2,1000,UP,90,false,431400,127
0,1000,RIGHT,90,false,431400,128
0,1500,DOWN,90,false,431400,129
-2.1,1500,UP,90,false,431400,130
0.7,1500,LEFT,90,false,431400,131
-2.1,1500,LEFT,90,false,431400,132
-0.7,1500,RIGHT,90,false,431400,133
0.7,1500,DOWN,90,false,431400,134
0,1500,UP,90,false,431400,135
1.4,1500,DOWN,90,false,431400,136
1.6,1000,DOWN,90,false,431400,137
-1.06666,1000,UP,90,false,431400,138
1.6,1000,LEFT,90,false,431400,139
-4.8,1000,RIGHT,90,false,431400,140
-3.54,1500,DOWN,270,false,431400,141
-3.2,1000,DOWN,270,false,431400,142
0,1000,RIGHT,270,false,431400,143
0.7,1500,UP,270,false,431400,144
4.8,1000,LEFT,270,false,431400,145
-0.7,1500,LEFT,270,false,431400,146
3.54,1500,LEFT,270,false,431400,147
-0.7,1500,DOWN,270,false,431400,148
1.4,1500,DOWN,270,false,431400,149
-1.4,1500,UP,270,false,431400,150
-1.4,1500,RIGHT,270,false,431400,151
1.4,1500,LEFT,270,false,431400,152
0.7,1500,DOWN,270,false,431400,153
1.4,1500,RIGHT,270,false,431400,154
-1.4,1500,UP,270,false,431400,155
0,1500,UP,270,false,431400,156
0.7,1500,DOWN,270,false,431400,157
1.6,1000,RIGHT,270,false,431400,158
4.8,1000,DOWN,270,false,431400,159
-0.7,1500,UP,270,false,431400,160
0.7,1500,LEFT,270,false,431400,161
1.06666,1000,UP,270,false,431400,162
1.4,1500,UP,270,false,431400,163
1.6,1000,RIGHT,270,false,431400,164
2.1,1500,UP,270,false,431400,165
-4.8,1000,UP,270,false,431400,166
-1.4,1500,DOWN,270,false,431400,167
1.6,1000,LEFT,270,false,431400,168
0.7,1500,LEFT,90,false,431400,169
0,1500,RIGHT,90,false,431400,170
0,1000,RIGHT,90,false,431400,171
0.7,1500,UP,90,false,431400,172
-0.7,1500,LEFT,90,false,431400,173
1.06666,1000,RIGHT,90,false,431400,174
-0.7,1500,UP,90,false,431400,175
-0.7,1500,LEFT,90,false,431400,176
3.54,1500,UP,90,false,431400,177
-1.6,1000,RIGHT,90,false,431400,178
4.8,1000,DOWN,90,false,431400,179
4.8,1000,LEFT,90,false,431400,180
3.54,1500,RIGHT,90,false,431400,181
0,1000,LEFT,90,false,431400,182
4.8,1000,RIGHT,90,false,431400,183
-4.8,1000,LEFT,90,false,431400,184
1.4,1500,LEFT,90,false,431400,185
-1.6,1000,UP,90,false,431400,186
0,1500,LEFT,90,false,431400,187
-1.4,1500,RIGHT,90,false,431400,188
-2.1,1500,RIGHT,90,false,431400,189
0,1000,UP,90,false,431400,190
-1.4,1500,UP,90,false,431400,191
1.06666,1000,LEFT,90,false,431400,192
-1.06666,1000,LEFT,90,false,431400,193
0.7,1500,RIGHT,90,false,431400,194
-4.8,1000,UP,90,false,431400,195
-1.6,1000,DOWN,90,false,431400,196
1.4,1500,RIGHT,270,false,431400,197
0,1500,DOWN,270,false,431400,198
1.06666,1000,LEFT,270,false,431400,199
0.7,1500,LEFT,270,false,431400,200
-1.6,1000,LEFT,270,false,431400,201
-3.54,1500,LEFT,270,false,431400,202
0,1000,RIGHT,270,false,431400,203
0,1000,LEFT,270,false,431400,204
-2.1,1500,LEFT,270,false,431400,205
1.4,1500,UP,270,false,431400,206
-1.06666,1000,DOWN,270,false,431400,207
1.6,1000,DOWN,270,false,431400,208
-1.4,1500,RIGHT,270,false,431400,209
-0.7,1500,RIGHT,270,false,431400,210
-4.8,1000,DOWN,270,false,431400,211
0.7,1500,RIGHT,270,false,431400,212
-0.7,1500,LEFT,270,false,431400,213
-1.6,1000,DOWN,270,false,431400,214
3.54,1500,RIGHT,270,false,431400,215
0.7,1500,DOWN,270,false,431400,216
0,1500,LEFT,270,false,431400,217
3.54,1500,UP,270,false,431400,218
1.4,1500,DOWN,270,false,431400,219
0,1500,RIGHT,270,false,431400,220
0,1500,RIGHT,270,false,431400,221
-3.2,1000,RIGHT,270,false,431400,222
-0.7,1500,RIGHT,270,false,431400,223
0,1500,DOWN,270,false,431400,224
3.2,1000,LEFT,0,true,431329,1
2.1,1500,RIGHT,0,true,431329,2
2.1,1500,LEFT,0,true,431329,3
-2.1,1500,LEFT,0,true,431329,4
-3.2,1000,RIGHT,0,true,431329,5
2.1,1500,UP,0,true,431329,6
3.2,1000,UP,0,true,431329,7
3.2,1000,DOWN,0,true,431329,8
-3.2,1000,UP,0,true,431329,9
-2.1,1500,RIGHT,0,true,431329,10
-3.2,1000,LEFT,0,true,431329,11
-3.2,1000,DOWN,0,true,431329,12
3.2,1000,RIGHT,0,true,431329,13
-2.1,1500,DOWN,0,true,431329,14
2.1,1500,DOWN,0,true,431329,15
-2.1,1500,UP,0,true,431329,16
-0.7,1500,RIGHT,90,false,431329,1
-1.4,1500,RIGHT,90,false,431329,2
0,1000,UP,90,false,431329,3
0,1000,LEFT,90,false,431329,4
-3.54,1500,DOWN,90,false,431329,5
4.8,1000,LEFT,90,false,431329,6
2.1,1500,RIGHT,90,false,431329,7
-0.7,1500,LEFT,90,false,431329,8
0,1000,RIGHT,90,false,431329,9
0.7,1500,RIGHT,90,false,431329,10
-4.8,1000,RIGHT,90,false,431329,11
0.7,1500,UP,90,false,431329,12
-1.6,1000,DOWN,90,false,431329,13
0,1500,RIGHT,90,false,431329,14
1.4,1500,LEFT,90,false,431329,15
0.7,1500,UP,90,false,431329,16
-1.4,1500,DOWN,90,false,431329,17
2.1,1500,LEFT,90,false,431329,18
-1.4,1500,RIGHT,90,false,431329,19
0,1500,DOWN,90,false,431329,20
0.7,1500,DOWN,90,false,431329,21
-2.1,1500,RIGHT,90,false,431329,22
0,1000,RIGHT,90,false,431329,23
-1.6,1000,LEFT,90,false,431329,24
4.8,1000,DOWN,90,false,431329,25
-2.1,1500,DOWN,90,false,431329,26
-3.2,1000,UP,90,false,431329,27
-1.4,1500,UP,90,false,431329,28
1.4,1500,UP,270,false,431329,29
3.2,1000,UP,270,false,431329,30
0,1500,RIGHT,270,false,431329,31
3.54,1500,RIGHT,270,false,431329,32
0,1000,DOWN,270,false,431329,33
4.8,1000,UP,270,false,431329,34
1.6,1000,UP,270,false,431329,35
2.1,1500,LEFT,270,false,431329,36
1.4,1500,RIGHT,270,false,431329,37
-2.1,1500,DOWN,270,false,431329,38
-0.7,1500,DOWN,270,false,431329,39
1.06666,1000,DOWN,270,false,431329,40
2.1,1500,DOWN,270,false,431329,41
1.6,1000,UP,270,false,431329,42
-3.54,1500,DOWN,270,false,431329,43
3.54,1500,DOWN,270,false,431329,44
-1.6,1000,UP,270,false,431329,45
1.4,1500,RIGHT,270,false,431329,46
1.4,1500,DOWN,270,false,431329,47
-1.4,1500,UP,270,false,431329,48
-1.06666,1000,UP,270,false,431329,49
1.6,1000,DOWN,270,false,431329,50
-2.1,1500,UP,270,false,431329,51
0,1500,LEFT,270,false,431329,52
-1.06666,1000,DOWN,270,false,431329,53
-1.4,1500,RIGHT,270,false,431329,54
0,1500,DOWN,270,false,431329,55
-0.7,1500,UP,270,false,431329,56
-1.6,1000,RIGHT,90,false,431329,57
1.06666,1000,UP,90,false,431329,58
0,1500,UP,90,false,431329,59
-1.4,1500,DOWN,90,false,431329,60
-4.8,1000,LEFT,90,false,431329,61
1.6,1000,LEFT,90,false,431329,62
0,1500,RIGHT,90,false,431329,63
-3.2,1000,RIGHT,90,false,431329,64
-0.7,1500,DOWN,90,false,431329,65
-3.54,1500,LEFT,90,false,431329,66
3.54,1500,RIGHT,90,false,431329,67
-2.1,1500,UP,90,false,431329,68
-0.7,1500,UP,90,false,431329,69
1.6,1000,RIGHT,90,false,431329,70
1.6,1000,RIGHT,90,false,431329,71
1.06666,1000,LEFT,90,false,431329,72
-3.2,1000,DOWN,90,false,431329,73
-0.7,1500,RIGHT,90,false,431329,74
1.6,1000,LEFT,90,false,431329,75
1.06666,1000,DOWN,90,false,431329,76
-4.8,1000,UP,90,false,431329,77
4.8,1000,RIGHT,90,false,431329,78
3.2,1000,DOWN,90,false,431329,79
-1.6,1000,UP,90,false,431329,80
2.1,1500,UP,90,false,431329,81
-1.06666,1000,DOWN,90,false,431329,82
-1.06666,1000,LEFT,90,false,431329,83
3.2,1000,LEFT,90,false,431329,84
1.4,1500,LEFT,270,false,431329,85
0,1000,LEFT,270,false,431329,86
-0.7,1500,RIGHT,270,false,431329,87
0,1500,UP,270,false,431329,88
1.6,1000,LEFT,270,false,431329,89
-1.6,1000,LEFT,270,false,431329,90
-1.4,1500,LEFT,270,false,431329,91
0,1500,RIGHT,270,false,431329,92
0.7,1500,DOWN,270,false,431329,93
1.06666,1000,RIGHT,270,false,431329,94
-1.4,1500,RIGHT,270,false,431329,95
1.6,1000,DOWN,270,false,431329,96
-3.2,1000,LEFT,270,false,431329,97
1.4,1500,LEFT,270,false,431329,98
0.7,1500,RIGHT,270,false,431329,99
-4.8,1000,UP,270,false,431329,100
-3.54,1500,LEFT,270,false,431329,101
-1.4,1500,DOWN,270,false,431329,102
0,1000,DOWN,270,false,431329,103
3.2,1000,LEFT,270,false,431329,104
-1.6,1000,RIGHT,270,false,431329,105
-0.7,1500,UP,270,false,431329,106
-3.2,1000,DOWN,270,false,431329,107
-1.4,1500,UP,270,false,431329,108
3.2,1000,RIGHT,270,false,431329,109
1.06666,1000,UP,270,false,431329,110
0,1000,LEFT,270,false,431329,111
4.8,1000,LEFT,270,false,431329,112
1.4,1500,UP,90,false,431329,113
0.7,1500,LEFT,90,false,431329,114
-0.7,1500,UP,90,false,431329,115
1.6,1000,DOWN,90,false,431329,116
-1.6,1000,DOWN,90,false,431329,117
-3.54,1500,RIGHT,90,false,431329,118
0,1000,DOWN,90,false,431329,119
-3.2,1000,LEFT,90,false,431329,120
0,1500,UP,90,false,431329,121
-4.8,1000,DOWN,90,false,431329,122
0.7,1500,RIGHT,90,false,431329,123
-0.7,1500,DOWN,90,false,431329,124
1.6,1000,UP,90,false,431329,125
-0.7,1500,UP,90,false,431329,126
0,1500,DOWN,90,false,431329,127
-1.06666,1000,UP,90,false,431329,128
2.1,1500,DOWN,90,false,431329,129
-2.1,1500,LEFT,90,false,431329,130
1.4,1500,UP,90,false,431329,131
0.7,1500,DOWN,90,false,431329,132
0,1500,LEFT,90,false,431329,133
0.7,1500,RIGHT,90,false,431329,134
-1.4,1500,LEFT,90,false,431329,135
-0.7,1500,LEFT,90,false,431329,136
3.54,1500,DOWN,90,false,431329,137
0,1000,DOWN,90,false,431329,138
-1.4,1500,UP,90,false,431329,139
3.2,1000,UP,90,false,431329,140
-0.7,1500,UP,270,false,431329,141
1.6,1000,RIGHT,270,false,431329,142
4.8,1000,RIGHT,270,false,431329,143
0,1500,LEFT,270,false,431329,144
0.7,1500,LEFT,270,false,431329,145
0.7,1500,UP,270,false,431329,146
-1.06666,1000,LEFT,270,false,431329,147
-1.06666,1000,RIGHT,270,false,431329,148
3.54,1500,LEFT,270,false,431329,149
-1.6,1000,RIGHT,270,false,431329,150
-1.4,1500,DOWN,270,false,431329,151
0,1500,UP,270,false,431329,152
-2.1,1500,LEFT,270,false,431329,153
-2.1,1500,RIGHT,270,false,431329,154
-0.7,1500,DOWN,270,false,431329,155
0.7,1500,LEFT,270,false,431329,156
0.7,1500,DOWN,270,false,431329,157
0.7,1500,UP,270,false,431329,158
4.8,1000,DOWN,270,false,431329,159
-0.7,1500,LEFT,270,false,431329,160
1.4,1500,UP,270,false,431329,161
0.7,1500,UP,270,false,431329,162
-3.54,1500,UP,270,false,431329,163
1.6,1000,LEFT,270,false,431329,164
0.7,1500,LEFT,270,false,431329,165
0.7,1500,RIGHT,270,false,431329,166
0,1000,RIGHT,270,false,431329,167
2.1,1500,UP,270,false,431329,168
0,1000,LEFT,90,false,431329,169
-1.6,1000,LEFT,90,false,431329,170
3.2,1000,RIGHT,90,false,431329,171
1.6,1000,DOWN,90,false,431329,172
-1.06666,1000,RIGHT,90,false,431329,173
0.7,1500,LEFT,90,false,431329,174
0,1000,UP,90,false,431329,175
0.7,1500,LEFT,90,false,431329,176
-0.7,1500,LEFT,90,false,431329,177
4.8,1000,UP,90,false,431329,178
-1.6,1000,UP,90,false,431329,179
3.54,1500,UP,90,false,431329,180
-0.7,1500,DOWN,90,false,431329,181
3.54,1500,LEFT,90,false,431329,182
1.4,1500,RIGHT,90,false,431329,183
1.06666,1000,RIGHT,90,false,431329,184
-0.7,1500,RIGHT,90,false,431329,185
0.7,1500,DOWN,90,false,431329,186
0.7,1500,UP,90,false,431329,187
1.4,1500,DOWN,90,false,431329,188
-1.6,1000,RIGHT,90,false,431329,189
1.4,1500,LEFT,90,false,431329,190
-3.54,1500,UP,90,false,431329,191
1.4,1500,DOWN,90,false,431329,192
-1.4,1500,LEFT,90,false,431329,193
1.6,1000,UP,90,false,431329,194
0,1500,LEFT,90,false,431329,195
1.4,1500,RIGHT,90,false,431329,196
-0.7,1500,RIGHT,270,false,431329,197
0.7,1500,RIGHT,270,false,431329,198
-4.8,1000,DOWN,270,false,431329,199
1.4,1500,DOWN,270,false,431329,200
1.06666,1000,LEFT,270,false,431329,201
0,1500,DOWN,270,false,431329,202
3.2,1000,DOWN,270,false,431329,203
-1.6,1000,LEFT,270,false,431329,204
-3.2,1000,RIGHT,270,false,431329,205
-4.8,1000,RIGHT,270,false,431329,206
-1.6,1000,UP,270,false,431329,207
0,1000,UP,270,false,431329,208
0,1000,UP,270,false,431329,209
-0.7,1500,DOWN,270,false,431329,210
-0.7,1500,RIGHT,270,false,431329,211
-3.54,1500,RIGHT,270,false,431329,212
-0.7,1500,LEFT,270,false,431329,213
2.1,1500,RIGHT,270,false,431329,214
3.54,1500,UP,270,false,431329,215
-1.6,1000,DOWN,270,false,431329,216
-4.8,1000,LEFT,270,false,431329,217
-1.6,1000,DOWN,270,false,431329,218
-3.2,1000,UP,270,false,431329,219
1.6,1000,RIGHT,270,false,431329,220
-1.4,1500,LEFT,270,false,431329,221
0.7,1500,DOWN,270,false,431329,222
0,1000,RIGHT,270,false,431329,223
-0.7,1500,LEFT,270,false,431329,224
-3.2,1000,RIGHT,0,true,431406,1
2.1,1500,RIGHT,0,true,431406,2
-3.2,1000,UP,0,true,431406,3
-2.1,1500,UP,0,true,431406,4
-3.2,1000,LEFT,0,true,431406,5
3.2,1000,UP,0,true,431406,6
-2.1,1500,DOWN,0,true,431406,7
2.1,1500,LEFT,0,true,431406,8
-2.1,1500,LEFT,0,true,431406,9
3.2,1000,DOWN,0,true,431406,10
2.1,1500,DOWN,0,true,431406,11
-2.1,1500,RIGHT,0,true,431406,12
3.2,1000,LEFT,0,true,431406,13
-3.2,1000,DOWN,0,true,431406,14
2.1,1500,UP,0,true,431406,15
3.2,1000,RIGHT,0,true,431406,16
1.4,1500,LEFT,90,false,431406,1
-0.7,1500,RIGHT,90,false,431406,2
3.2,1000,UP,90,false,431406,3
-1.6,1000,LEFT,90,false,431406,4
4.8,1000,LEFT,90,false,431406,5
-2.1,1500,RIGHT,90,false,431406,6
1.6,1000,DOWN,90,false,431406,7
-1.06666,1000,DOWN,90,false,431406,8
-4.8,1000,LEFT,90,false,431406,9
2.1,1500,LEFT,90,false,431406,10
0.7,1500,UP,90,false,431406,11
-1.06666,1000,UP,90,false,431406,12
1.4,1500,RIGHT,90,false,431406,13
-2.1,1500,LEFT,90,false,431406,14
1.6,1000,RIGHT,90,false,431406,15
3.54,1500,RIGHT,90,false,431406,16
-1.06666,1000,LEFT,90,false,431406,17
-1.6,1000,DOWN,90,false,431406,18
-1.4,1500,UP,90,false,431406,19
0,1000,UP,90,false,431406,20
0.7,1500,UP,90,false,431406,21
2.1,1500,DOWN,90,false,431406,22
0.7,1500,LEFT,90,false,431406,23
1.6,1000,LEFT,90,false,431406,24
0.7,1500,UP,90,false,431406,25
-2.1,1500,UP,90,false,431406,26
0,1500,LEFT,90,false,431406,27
-0.7,1500,LEFT,90,false,431406,28
3.2,1000,DOWN,270,false,431406,29
-0.7,1500,UP,270,false,431406,30
-1.4,1500,DOWN,270,false,431406,31
-4.8,1000,RIGHT,270,false,431406,32
0,1000,UP,270,false,431406,33
-1.4,1500,UP,270,false,431406,34
0,1000,DOWN,270,false,431406,35
0,1000,LEFT,270,false,431406,36
-3.54,1500,LEFT,270,false,431406,37
3.2,1000,RIGHT,270,false,431406,38
-3.2,1000,RIGHT,270,false,431406,39
-4.8,1000,LEFT,270,false,431406,40
0,1500,LEFT,270,false,431406,41
-1.4,1500,LEFT,270,false,431406,42
3.2,1000,UP,270,false,431406,43
4.8,1000,LEFT,270,false,431406,44
-1.4,1500,RIGHT,270,false,431406,45
-1.6,1000,RIGHT,270,false,431406,46
-1.06666,1000,RIGHT,270,false,431406,47
-2.1,1500,RIGHT,270,false,431406,48
-0.7,1500,UP,270,false,431406,49
0,1000,LEFT,270,false,431406,50
-1.4,1500,UP,270,false,431406,51
-1.4,1500,RIGHT,270,false,431406,52
0.7,1500,RIGHT,270,false,431406,53
1.6,1000,UP,270,false,431406,54
3.54,1500,DOWN,270,false,431406,55
-2.1,1500,DOWN,270,false,431406,56
-1.6,1000,UP,90,false,431406,57
-1.4,1500,LEFT,90,false,431406,58
1.4,1500,UP,90,false,431406,59
4.8,1000,DOWN,90,false,431406,60
-3.54,1500,UP,90,false,431406,61
0,1000,DOWN,90,false,431406,62
1.6,1000,RIGHT,90,false,431406,63
-1.4,1500,UP,90,false,431406,64
0,1500,UP,90,false,431406,65
0,1000,LEFT,90,false,431406,66
-3.54,1500,LEFT,90,false,431406,67
0.7,1500,RIGHT,90,false,431406,68
4.8,1000,RIGHT,90,false,431406,69
1.06666,1000,DOWN,90,false,431406,70
1.4,1500,RIGHT,90,false,431406,71
-1.6,1000,RIGHT,90,false,431406,72
0,1500,RIGHT,90,false,431406,73
-3.2,1000,UP,90,false,431406,74
-0.7,1500,UP,90,false,431406,75
0.7,1500,DOWN,90,false,431406,76
-0.7,1500,UP,90,false,431406,77
3.54,1500,LEFT,90,false,431406,78
0,1000,LEFT,90,false,431406,79
0.7,1500,RIGHT,90,false,431406,80
0.7,1500,DOWN,90,false,431406,81
-3.54,1500,DOWN,90,false,431406,82
-3.2,1000,RIGHT,90,false,431406,83
1.06666,1000,RIGHT,90,false,431406,84
0,1500,LEFT,270,false,431406,85
-1.6,1000,LEFT,270,false,431406,86
-2.1,1500,UP,270,false,431406,87
1.4,1500,LEFT,270,false,431406,88
-0.7,1500,DOWN,270,false,431406,89
1.4,1500,DOWN,270,false,431406,90
0.7,1500,LEFT,270,false,431406,91
-1.6,1000,UP,270,false,431406,92
3.2,1000,LEFT,270,false,431406,93
-0.7,1500,DOWN,270,false,431406,94
-1.4,1500,LEFT,270,false,431406,95
0.7,1500,UP,270,false,431406,96
0,1500,DOWN,270,false,431406,97
-0.7,1500,RIGHT,270,false,431406,98
2.1,1500,UP,270,false,431406,99
0,1500,RIGHT,270,false,431406,100
4.8,1000,DOWN,270,false,431406,101
0,1500,UP,270,false,431406,102
0.7,1500,LEFT,270,false,431406,103
3.54,1500,RIGHT,270,false,431406,104
0,1000,RIGHT,270,false,431406,105
1.06666,1000,LEFT,270,false,431406,106
-3.54,1500,RIGHT,270,false,431406,107
1.6,1000,DOWN,270,false,431406,108
-1.6,1000,DOWN,270,false,431406,109
1.6,1000,RIGHT,270,false,431406,110
-1.06666,1000,LEFT,270,false,431406,111
-0.7,1500,UP,270,false,431406,112
0.7,1500,DOWN,90,false,431406,113
1.4,1500,LEFT,90,false,431406,114
-0.7,1500,LEFT,90,false,431406,115
1.6,1000,UP,90,false,431406,116
1.4,1500,DOWN,90,false,431406,117
-0.7,1500,LEFT,90,false,431406,118
3.2,1000,RIGHT,90,false,431406,119
0,1500,DOWN,90,false,431406,120
0,1500,UP,90,false,431406,121
0,1000,RIGHT,90,false,431406,122
2.1,1500,RIGHT,90,false,431406,123
-3.54,1500,RIGHT,90,false,431406,124
1.6,1000,UP,90,false,431406,125
0.7,1500,LEFT,90,false,431406,126
-4.8,1000,UP,90,false,431406,127
3.2,1000,LEFT,90,false,431406,128
-3.2,1000,DOWN,90,false,431406,129
0,1000,DOWN,90,false,431406,130
-1.6,1000,UP,90,false,431406,131
0,1500,LEFT,90,false,431406,132
-1.4,1500,RIGHT,90,false,431406,133
-0.7,1500,RIGHT,90,false,431406,134
1.6,1000,LEFT,90,false,431406,135
1.4,1500,UP,90,false,431406,136
-0.7,1500,DOWN,90,false,431406,137
-1.6,1000,DOWN,90,false,431406,138
-3.2,1000,LEFT,90,false,431406,139
-4.8,1000,RIGHT,90,false,431406,140
-1.6,1000,RIGHT,270,false,431406,141
2.1,1500,RIGHT,270,false,431406,142
0.7,1500,UP,270,false,431406,143
1.6,1000,UP,270,false,431406,144
-0.7,1500,LEFT,270,false,431406,145
0.7,1500,UP,270,false,431406,146
0,1500,DOWN,270,false,431406,147
-1.6,1000,UP,270,false,431406,148
0,1500,RIGHT,270,false,431406,149
1.4,1500,RIGHT,270,false,431406,150
-1.6,1000,DOWN,270,false,431406,151
4.8,1000,UP,270,false,431406,152
-1.06666,1000,DOWN,270,false,431406,153
-0.7,1500,LEFT,270,false,431406,154
2.1,1500,LEFT,270,false,431406,155
0.7,1500,RIGHT,270,false,431406,156
1.6,1000,RIGHT,270,false,431406,157
3.54,1500,LEFT,270,false,431406,158
-4.8,1000,UP,270,false,431406,159
2.1,1500,DOWN,270,false,431406,160
-1.6,1000,LEFT,270,false,431406,161
1.6,1000,LEFT,270,false,431406,162
-3.2,1000,LEFT,270,false,431406,163
0.7,1500,RIGHT,270,false,431406,164
0.7,1500,DOWN,270,false,431406,165
0,1500,UP,270,false,431406,166
1.4,1500,UP,270,false,431406,167
1.06666,1000,UP,270,false,431406,168
3.2,1000,DOWN,90,false,431406,169
1.6,1000,DOWN,90,false,431406,170
0,1500,RIGHT,90,false,431406,171
0,1000,UP,90,false,431406,172
-1.6,1000,LEFT,90,false,431406,173
0.7,1500,RIGHT,90,false,431406,174
0,1500,DOWN,90,false,431406,175
-0.7,1500,DOWN,90,false,431406,176
-1.4,1500,RIGHT,90,false,431406,177
1.06666,1000,LEFT,90,false,431406,178
-1.4,1500,LEFT,90,false,431406,179
-1.6,1000,RIGHT,90,false,431406,180
-2.1,1500,DOWN,90,false,431406,181
-0.7,1500,RIGHT,90,false,431406,182
-1.4,1500,DOWN,90,false,431406,183
4.8,1000,UP,90,false,431406,184
-1.4,1500,DOWN,90,false,431406,185
-0.7,1500,UP,90,false,431406,186
3.54,1500,DOWN,90,false,431406,187
1.06666,1000,UP,90,false,431406,188
1.4,1500,DOWN,90,false,431406,189
0,1000,RIGHT,90,false,431406,190
-1.06666,1000,RIGHT,90,false,431406,191
-0.7,1500,DOWN,90,false,431406,192
0.7,1500,LEFT,90,false,431406,193
2.1,1500,UP,90,false,431406,194
-4.8,1000,DOWN,90,false,431406,195
3.54,1500,UP,90,false,431406,196
-0.7,1500,RIGHT,270,false,431406,197
1.06666,1000,DOWN,270,false,431406,198
-2.1,1500,LEFT,270,false,431406,199
0.7,1500,DOWN,270,false,431406,200
-3.54,1500,DOWN,270,false,431406,201
1.4,1500,UP,270,false,431406,202
1.6,1000,DOWN,270,false,431406,203
-3.2,1000,UP,270,false,431406,204
-0.7,1500,LEFT,270,false,431406,205
0,1000,DOWN,270,false,431406,206
-3.54,1500,UP,270,false,431406,207
1.4,1500,DOWN,270,false,431406,208
0,1000,RIGHT,270,false,431406,209
-4.8,1000,DOWN,270,false,431406,210
-1.4,1500,DOWN,270,false,431406,211
-0.7,1500,RIGHT,270,false,431406,212
0.7,1500,LEFT,270,false,431406,213
1.6,1000,LEFT,270,false,431406,214
3.54,1500,UP,270,false,431406,215
4.8,1000,RIGHT,270,false,431406,216
0.7,1500,DOWN,270,false,431406,217
-0.7,1500,DOWN,270,false,431406,218
1.06666,1000,RIGHT,270,false,431406,219
0,1000,UP,270,false,431406,220
1.4,1500,LEFT,270,false,431406,221
-3.2,1000,DOWN,270,false,431406,222
1.4,1500,RIGHT,270,false,431406,223
-1.06666,1000,UP,270,false,431406,224
2.1,1500,UP,0,true,431410,1
-3.2,1000,UP,0,true,431410,2
2.1,1500,DOWN,0,true,431410,3
-3.2,1000,LEFT,0,true,431410,4
2.1,1500,LEFT,0,true,431410,5
-3.2,1000,DOWN,0,true,431410,6
-2.1,1500,DOWN,0,true,431410,7
3.2,1000,LEFT,0,true,431410,8
3.2,1000,DOWN,0,true,431410,9
-2.1,1500,LEFT,0,true,431410,10
-3.2,1000,RIGHT,0,true,431410,11
-2.1,1500,RIGHT,0,true,431410,12
3.2,1000,UP,0,true,431410,13
-2.1,1500,UP,0,true,431410,14
2.1,1500,RIGHT,0,true,431410,15
3.2,1000,RIGHT,0,true,431410,16
1.06666,1000,LEFT,90,false,431410,1
3.2,1000,RIGHT,90,false,431410,2
-3.54,1500,UP,90,false,431410,3
0,1000,DOWN,90,false,431410,4
1.4,1500,DOWN,90,false,431410,5
-1.06666,1000,RIGHT,90,false,431410,6
-0.7,1500,DOWN,90,false,431410,7
-1.06666,1000,LEFT,90,false,431410,8
1.6,1000,RIGHT,90,false,431410,9
-1.6,1000,DOWN,90,false,431410,10
0.7,1500,UP,90,false,431410,11
1.6,1000,RIGHT,90,false,431410,12
-1.06666,1000,UP,90,false,431410,13
1.4,1500,UP,90,false,431410,14
-0.7,1500,UP,90,false,431410,15
3.54,1500,DOWN,90,false,431410,16
-1.6,1000,DOWN,90,false,431410,17
1.4,1500,UP,90,false,431410,18
2.1,1500,RIGHT,90,false,431410,19
0.7,1500,LEFT,90,false,431410,20
-3.2,1000,DOWN,90,false,431410,21
-1.06666,1000,DOWN,90,false,431410,22
-1.6,1000,UP,90,false,431410,23
0,1000,UP,90,false,431410,24
-2.1,1500,UP,90,false,431410,25
0,1000,UP,90,false,431410,26
-0.7,1500,LEFT,90,false,431410,27
0,1000,RIGHT,90,false,431410,28
2.1,1500,UP,270,false,431410,29
1.6,1000,LEFT,270,false,431410,30
0,1500,LEFT,270,false,431410,31
0.7,1500,LEFT,270,false,431410,32
1.4,1500,DOWN,270,false,431410,33
1.06666,1000,LEFT,270,false,431410,34
-0.7,1500,LEFT,270,false,431410,35
0,1000,LEFT,270,false,431410,36
0.7,1500,RIGHT,270,false,431410,37
0,1000,RIGHT,270,false,431410,38
1.6,1000,DOWN,270,false,431410,39
1.4,1500,UP,270,false,431410,40
0,1500,DOWN,270,false,431410,41
0,1000,RIGHT,270,false,431410,42
0.7,1500,DOWN,270,false,431410,43
-0.7,1500,DOWN,270,false,431410,44
-2.1,1500,RIGHT,270,false,431410,45
-4.8,1000,UP,270,false,431410,46
-1.06666,1000,LEFT,270,false,431410,47
1.4,1500,RIGHT,270,false,431410,48
-0.7,1500,DOWN,270,false,431410,49
3.2,1000,RIGHT,270,false,431410,50
4.8,1000,RIGHT,270,false,431410,51
-3.54,1500,UP,270,false,431410,52
-0.7,1500,UP,270,false,431410,53
1.6,1000,UP,270,false,431410,54
0.7,1500,UP,270,false,431410,55
2.1,1500,RIGHT,270,false,431410,56
3.54,1500,UP,90,false,431410,57
-1.4,1500,DOWN,90,false,431410,58
4.8,1000,LEFT,90,false,431410,59
2.1,1500,UP,90,false,431410,60
-3.2,1000,RIGHT,90,false,431410,61
-4.8,1000,DOWN,90,false,431410,62
0.7,1500,RIGHT,90,false,431410,63
1.4,1500,LEFT,90,false,431410,64
0,1500,LEFT,90,false,431410,65
2.1,1500,DOWN,90,false,431410,66
-1.6,1000,RIGHT,90,false,431410,67
0.7,1500,UP,90,false,431410,68
-3.54,1500,RIGHT,90,false,431410,69
-1.6,1000,LEFT,90,false,431410,70
1.4,1500,RIGHT,90,false,431410,71
-1.6,1000,LEFT,90,false,431410,72
3.54,1500,LEFT,90,false,431410,73
0,1000,LEFT,90,false,431410,74
-1.4,1500,RIGHT,90,false,431410,75
0.7,1500,DOWN,90,false,431410,76
-1.4,1500,LEFT,90,false,431410,77
0.7,1500,RIGHT,90,false,431410,78
1.4,1500,RIGHT,90,false,431410,79
1.4,1500,LEFT,90,false,431410,80
1.6,1000,UP,90,false,431410,81
1.6,1000,DOWN,90,false,431410,82
-1.4,1500,UP,90,false,431410,83
1.6,1000,DOWN,90,false,431410,84
-1.4,1500,DOWN,270,false,431410,85
0.7,1500,LEFT,270,false,431410,86
0.7,1500,DOWN,270,false,431410,87
1.4,1500,RIGHT,270,false,431410,88
0,1000,DOWN,270,false,431410,89
0,1000,UP,270,false,431410,90
1.4,1500,LEFT,270,false,431410,91
-2.1,1500,UP,270,false,431410,92
1.6,1000,DOWN,270,false,431410,93
-0.7,1500,RIGHT,270,false,431410,94
3.54,1500,RIGHT,270,false,431410,95
-1.6,1000,UP,270,false,431410,96
-4.8,1000,LEFT,270,false,431410,97
-0.7,1500,LEFT,270,false,431410,98
1.06666,1000,UP,270,false,431410,99
0,1000,DOWN,270,false,431410,100
-0.7,1500,RIGHT,270,false,431410,101
3.54,1500,UP,270,false,431410,102
-1.4,1500,UP,270,false,431410,103
-3.2,1000,DOWN,270,false,431410,104
-2.1,1500,LEFT,270,false,431410,105
-1.6,1000,DOWN,270,false,431410,106
-0.7,1500,UP,270,false,431410,107
-3.2,1000,LEFT,270,false,431410,108
-1.4,1500,DOWN,270,false,431410,109
-1.06666,1000,RIGHT,270,false,431410,110
-1.4,1500,LEFT,270,false,431410,111
-1.6,1000,LEFT,270,false,431410,112
-1.4,1500,UP,90,false,431410,113
-1.6,1000,UP,90,false,431410,114
-0.7,1500,RIGHT,90,false,431410,115
1.06666,1000,UP,90,false,431410,116
-4.8,1000,LEFT,90,false,431410,117
0.7,1500,DOWN,90,false,431410,118
-0.7,1500,DOWN,90,false,431410,119
1.06666,1000,DOWN,90,false,431410,120
1.6,1000,UP,90,false,431410,121
1.06666,1000,RIGHT,90,false,431410,122
-1.4,1500,DOWN,90,false,431410,123
4.8,1000,UP,90,false,431410,124
-3.54,1500,DOWN,90,false,431410,125
-0.7,1500,LEFT,90,false,431410,126
0,1000,RIGHT,90,false,431410,127
0.7,1500,DOWN,90,false,431410,128
2.1,1500,LEFT,90,false,431410,129
1.6,1000,LEFT,90,false,431410,130
-0.7,1500,UP,90,false,431410,131
-0.7,1500,UP,90,false,431410,132
-1.4,1500,RIGHT,90,false,431410,133
-3.54,1500,LEFT,90,false,431410,134
0.7,1500,LEFT,90,false,431410,135
4.8,1000,DOWN,90,false,431410,136
-3.2,1000,UP,90,false,431410,137
3.2,1000,DOWN,90,false,431410,138
-0.7,1500,RIGHT,90,false,431410,139
-0.7,1500,DOWN,90,false,431410,140
-1.4,1500,UP,270,false,431410,141
-3.54,1500,LEFT,270,false,431410,142
0,1500,RIGHT,270,false,431410,143
0,1000,LEFT,270,false,431410,144
0,1500,RIGHT,270,false,431410,145
1.6,1000,UP,270,false,431410,146
-1.4,1500,LEFT,270,false,431410,147
0,1000,UP,270,false,431410,148
-1.06666,1000,DOWN,270,false,431410,149
-1.6,1000,RIGHT,270,false,431410,150
1.4,1500,LEFT,270,false,431410,151
2.1,1500,LEFT,270,false,431410,152
-3.2,1000,UP,270,false,431410,153
-1.4,1500,RIGHT,270,false,431410,154
3.54,1500,DOWN,270,false,431410,155
1.4,1500,UP,270,false,431410,156
3.2,1000,UP,270,false,431410,157
1.6,1000,RIGHT,270,false,431410,158
0.7,1500,UP,270,false,431410,159
-4.8,1000,DOWN,270,false,431410,160
0.7,1500,LEFT,270,false,431410,161
3.2,1000,DOWN,270,false,431410,162
3.54,1500,LEFT,270,false,431410,163
0.7,1500,UP,270,false,431410,164
0,1500,DOWN,270,false,431410,165
-0.7,1500,LEFT,270,false,431410,166
-1.6,1000,DOWN,270,false,431410,167
0,1500,UP,270,false,431410,168
-0.7,1500,RIGHT,90,false,431410,169
0,1500,RIGHT,90,false,431410,170
-1.6,1000,RIGHT,90,false,431410,171
0,1500,UP,90,false,431410,172
0,1000,LEFT,90,false,431410,173
4.8,1000,RIGHT,90,false,431410,174
-2.1,1500,DOWN,90,false,431410,175
0,1000,DOWN,90,false,431410,176
0.7,1500,LEFT,90,false,431410,177
0.7,1500,RIGHT,90,false,431410,178
-2.1,1500,RIGHT,90,false,431410,179
-0.7,1500,LEFT,90,false,431410,180
-2.1,1500,LEFT,90,false,431410,181
0,1500,UP,90,false,431410,182
1.6,1000,LEFT,90,false,431410,183
0,1500,DOWN,90,false,431410,184
3.2,1000,LEFT,90,false,431410,185
3.54,1500,RIGHT,90,false,431410,186
0,1500,LEFT,90,false,431410,187
0,1500,RIGHT,90,false,431410,188
-3.2,1000,LEFT,90,false,431410,189
3.2,1000,UP,90,false,431410,190
-4.8,1000,RIGHT,90,false,431410,191
-4.8,1000,UP,90,false,431410,192
0,1500,DOWN,90,false,431410,193
-1.4,1500,LEFT,90,false,431410,194
1.4,1500,DOWN,90,false,431410,195
0.7,1500,UP,90,false,431410,196
4.8,1000,LEFT,270,false,431410,197
3.2,1000,LEFT,270,false,431410,198
4.8,1000,DOWN,270,false,431410,199
4.8,1000,UP,270,false,431410,200
-1.4,1500,RIGHT,270,false,431410,201
-0.7,1500,DOWN,270,false,431410,202
0,1500,UP,270,false,431410,203
-1.6,1000,LEFT,270,false,431410,204
-0.7,1500,UP,270,false,431410,205
-4.8,1000,RIGHT,270,false,431410,206
-1.6,1000,RIGHT,270,false,431410,207
-3.54,1500,DOWN,270,false,431410,208
1.4,1500,DOWN,270,false,431410,209
-2.1,1500,DOWN,270,false,431410,210
0.7,1500,RIGHT,270,false,431410,211
-3.54,1500,RIGHT,270,false,431410,212
1.6,1000,LEFT,270,false,431410,213
-3.2,1000,RIGHT,270,false,431410,214
1.06666,1000,RIGHT,270,false,431410,215
1.6,1000,RIGHT,270,false,431410,216
0.7,1500,DOWN,270,false,431410,217
-1.06666,1000,UP,270,false,431410,218
-0.7,1500,RIGHT,270,false,431410,219
1.06666,1000,DOWN,270,false,431410,220
0,1500,LEFT,270,false,431410,221
-1.6,1000,UP,270,false,431410,222
0.7,1500,RIGHT,270,false,431410,223
2.1,1500,DOWN,270,false,431410,224
-2.1,1500,DOWN,0,true,431411,1
3.2,1000,RIGHT,0,true,431411,2
3.2,1000,UP,0,true,431411,3
-2.1,1500,LEFT,0,true,431411,4
-3.2,1000,UP,0,true,431411,5
-3.2,1000,LEFT,0,true,431411,6
-3.2,1000,DOWN,0,true,431411,7
3.2,1000,DOWN,0,true,431411,8
2.1,1500,DOWN,0,true,431411,9
2.1,1500,UP,0,true,431411,10
-3.2,1000,RIGHT,0,true,431411,11
3.2,1000,LEFT,0,true,431411,12
2.1,1500,LEFT,0,true,431411,13
-2.1,1500,RIGHT,0,true,431411,14
-2.1,1500,UP,0,true,431411,15
2.1,1500,RIGHT,0,true,431411,16
-2.1,1500,DOWN,270,false,431411,1
-3.2,1000,LEFT,270,false,431411,2
-1.6,1000,LEFT,270,false,431411,3
-1.6,1000,LEFT,270,false,431411,4
-0.7,1500,DOWN,270,false,431411,5
-0.7,1500,LEFT,270,false,431411,6
1.4,1500,UP,270,false,431411,7
-1.6,1000,RIGHT,270,false,431411,8
3.54,1500,UP,270,false,431411,9
1.4,1500,DOWN,270,false,431411,10
-0.7,1500,DOWN,270,false,431411,11
-1.6,1000,RIGHT,270,false,431411,12
4.8,1000,LEFT,270,false,431411,13
-0.7,1500,RIGHT,270,false,431411,14
1.06666,1000,UP,270,false,431411,15
1.6,1000,DOWN,270,false,431411,16
0.7,1500,UP,270,false,431411,17
-1.4,1500,RIGHT,270,false,431411,18
-1.06666,1000,RIGHT,270,false,431411,19
0,1000,LEFT,270,false,431411,20
0,1000,UP,270,false,431411,21
-1.4,1500,UP,270,false,431411,22
0.7,1500,RIGHT,270,false,431411,23
2.1,1500,DOWN,270,false,431411,24
1.06666,1000,DOWN,270,false,431411,25
4.8,1000,UP,270,false,431411,26
-3.54,1500,DOWN,270,false,431411,27
1.4,1500,LEFT,270,false,431411,28
-1.6,1000,LEFT,90,false,431411,29
-1.06666,1000,LEFT,90,false,431411,30
1.4,1500,LEFT,90,false,431411,31
0.7,1500,RIGHT,90,false,431411,32
-3.2,1000,DOWN,90,false,431411,33
0.7,1500,UP,90,false,431411,34
1.4,1500,RIGHT,90,false,431411,35
0,1000,LEFT,90,false,431411,36
3.54,1500,LEFT,90,false,431411,37
1.4,1500,DOWN,90,false,431411,38
0,1500,LEFT,90,false,431411,39
-1.6,1000,RIGHT,90,false,431411,40
-3.54,1500,RIGHT,90,false,431411,41
0.7,1500,LEFT,90,false,431411,42
-3.54,1500,LEFT,90,false,431411,43
0,1000,DOWN,90,false,431411,44
-0.7,1500,UP,90,false,431411,45
-1.4,1500,DOWN,90,false,431411,46
-2.1,1500,RIGHT,90,false,431411,47
0,1500,DOWN,90,false,431411,48
-1.4,1500,RIGHT,90,false,431411,49
-0.7,1500,DOWN,90,false,431411,50
-4.8,1000,RIGHT,90,false,431411,51
1.6,1000,RIGHT,90,false,431411,52
-1.4,1500,LEFT,90,false,431411,53
0.7,1500,DOWN,90,false,431411,54
0,1000,RIGHT,90,false,431411,55
1.4,1500,LEFT,90,false,431411,56
-4.8,1000,RIGHT,270,false,431411,57
3.2,1000,LEFT,270,false,431411,58
0,1500,UP,270,false,431411,59
-1.4,1500,DOWN,270,false,431411,60
0.7,1500,DOWN,270,false,431411,61
2.1,1500,LEFT,270,false,431411,62
-1.6,1000,UP,270,false,431411,63
-4.8,1000,DOWN,270,false,431411,64
2.1,1500,RIGHT,270,false,431411,65
0,1500,DOWN,270,false,431411,66
-0.7,1500,LEFT,270,false,431411,67
1.4,1500,RIGHT,270,false,431411,68
-2.1,1500,UP,270,false,431411,69
-4.8,1000,UP,270,false,431411,70
3.54,1500,LEFT,270,false,431411,71
0.7,1500,UP,270,false,431411,72
4.8,1000,RIGHT,270,false,431411,73
-0.7,1500,LEFT,270,false,431411,74
1.4,1500,RIGHT,270,false,431411,75
0,1000,DOWN,270,false,431411,76
1.4,1500,LEFT,270,false,431411,77
0.7,1500,UP,270,false,431411,78
1.6,1000,LEFT,270,false,431411,79
-1.06666,1000,UP,270,false,431411,80
-1.4,1500,DOWN,270,false,431411,81
0,1500,RIGHT,270,false,431411,82
-3.2,1000,UP,270,false,431411,83
0.7,1500,RIGHT,270,false,431411,84
0,1000,RIGHT,90,false,431411,85
-4.8,1000,UP,90,false,431411,86
0,1000,UP,90,false,431411,87
1.6,1000,LEFT,90,false,431411,88
0,1000,DOWN,90,false,431411,89
-1.6,1000,UP,90,false,431411,90
4.8,1000,RIGHT,90,false,431411,91
3.54,1500,RIGHT,90,false,431411,92
1.6,1000,UP,90,false,431411,93
-0.7,1500,LEFT,90,false,431411,94
0.7,1500,RIGHT,90,false,431411,95
3.2,1000,RIGHT,90,false,431411,96
-3.54,1500,UP,90,false,431411,97
2.1,1500,UP,90,false,431411,98
-1.4,1500,RIGHT,90,false,431411,99
1.6,1000,DOWN,90,false,431411,100
2.1,1500,LEFT,90,false,431411,101
-1.06666,1000,DOWN,90,false,431411,102
-0.7,1500,RIGHT,90,false,431411,103
-1.6,1000,UP,90,false,431411,104
1.6,1000,DOWN,90,false,431411,105
-2.1,1500,UP,90,false,431411,106
3.54,1500,UP,90,false,431411,107
0.7,1500,LEFT,90,false,431411,108
-0.7,1500,RIGHT,90,false,431411,109
1.06666,1000,UP,90,false,431411,110
-2.1,1500,LEFT,90,false,431411,111
-3.54,1500,DOWN,90,false,431411,112
0,1500,LEFT,270,false,431411,113
4.8,1000,DOWN,270,false,431411,114
1.6,1000,DOWN,270,false,431411,115
0.7,1500,DOWN,270,false,431411,116
-1.06666,1000,DOWN,270,false,431411,117
-3.54,1500,RIGHT,270,false,431411,118
0.7,1500,RIGHT,270,false,431411,119
1.6,1000,RIGHT,270,false,431411,120
-1.6,1000,UP,270,false,431411,121
1.6,1000,UP,270,false,431411,122
-0.7,1500,DOWN,270,false,431411,123
0,1500,UP,270,false,431411,124
0,1000,UP,270,false,431411,125
-0.7,1500,UP,270,false,431411,126
3.54,1500,DOWN,270,false,431411,127
-1.06666,1000,LEFT,270,false,431411,128
-3.54,1500,LEFT,270,false,431411,129
1.6,1000,LEFT,270,false,431411,130
3.54,1500,RIGHT,270,false,431411,131
3.2,1000,UP,270,false,431411,132
0,1500,RIGHT,270,false,431411,133
2.1,1500,UP,270,false,431411,134
-3.54,1500,UP,270,false,431411,135
-2.1,1500,LEFT,270,false,431411,136
-0.7,1500,UP,270,false,431411,137
0.7,1500,LEFT,270,false,431411,138
0,1000,RIGHT,270,false,431411,139
1.06666,1000,RIGHT,270,false,431411,140
-2.1,1500,DOWN,90,false,431411,141
-4.8,1000,LEFT,90,false,431411,142
-0.7,1500,LEFT,90,false,431411,143
3.2,1000,DOWN,90,false,431411,144
-1.06666,1000,RIGHT,90,false,431411,145
1.6,1000,LEFT,90,false,431411,146
0,1500,RIGHT,90,false,431411,147
1.4,1500,UP,90,false,431411,148
-1.4,1500,LEFT,90,false,431411,149
0,1500,UP,90,false,431411,150
0,1500,DOWN,90,false,431411,151
3.2,1000,LEFT,90,false,431411,152
-0.7,1500,DOWN,90,false,431411,153
2.1,1500,DOWN,90,false,431411,154
-1.4,1500,UP,90,false,431411,155
-1.06666,1000,UP,90,false,431411,156
0.7,1500,DOWN,90,false,431411,157
1.06666,1000,DOWN,90,false,431411,158
-1.4,1500,DOWN,90,false,431411,159
-0.7,1500,UP,90,false,431411,160
4.8,1000,DOWN,90,false,431411,161
0,1500,RIGHT,90,false,431411,162
1.6,1000,UP,90,false,431411,163
-0.7,1500,UP,90,false,431411,164
-3.2,1000,RIGHT,90,false,431411,165
0.7,1500,UP,90,false,431411,166
-1.4,1500,UP,90,false,431411,167
1.6,1000,RIGHT,90,false,431411,168
0.7,1500,DOWN,270,false,431411,169
0,1000,LEFT,270,false,431411,170
0.7,1500,LEFT,270,false,431411,171
1.4,1500,UP,270,false,431411,172
-0.7,1500,RIGHT,270,false,431411,173
-3.2,1000,DOWN,270,false,431411,174
0,1500,LEFT,270,false,431411,175
-3.2,1000,RIGHT,270,false,431411,176
0.7,1500,LEFT,270,false,431411,177
-1.6,1000,DOWN,270,false,431411,178
-2.1,1500,RIGHT,270,false,431411,179
3.2,1000,RIGHT,270,false,431411,180
-4.8,1000,LEFT,270,false,431411,181
0,1000,RIGHT,270,false,431411,182
1.6,1000,UP,270,false,431411,183
-1.4,1500,LEFT,270,false,431411,184
3.2,1000,DOWN,270,false,431411,185
-1.4,1500,LEFT,270,false,431411,186
1.06666,1000,LEFT,270,false,431411,187
-1.4,1500,UP,270,false,431411,188
-1.6,1000,DOWN,270,false,431411,189
1.6,1000,RIGHT,270,false,431411,190
1.4,1500,DOWN,270,false,431411,191
0,1500,DOWN,270,false,431411,192
0,1000,DOWN,270,false,431411,193
-1.4,1500,RIGHT,270,false,431411,194
-0.7,1500,UP,270,false,431411,195
-0.7,1500,RIGHT,270,false,431411,196
-1.6,1000,DOWN,90,false,431411,197
1.06666,1000,RIGHT,90,false,431411,198
4.8,1000,LEFT,90,false,431411,199
1.06666,1000,LEFT,90,false,431411,200
0,1000,UP,90,false,431411,201
3.54,1500,DOWN,90,false,431411,202
1.4,1500,RIGHT,90,false,431411,203
0,1500,LEFT,90,false,431411,204
-4.8,1000,DOWN,90,false,431411,205
-1.6,1000,RIGHT,90,false,431411,206
0,1000,LEFT,90,false,431411,207
1.4,1500,UP,90,false,431411,208
-0.7,1500,RIGHT,90,false,431411,209
4.8,1000,UP,90,false,431411,210
0.7,1500,UP,90,false,431411,211
0.7,1500,RIGHT,90,false,431411,212
3.2,1000,UP,90,false,431411,213
1.4,1500,DOWN,90,false,431411,214
0.7,1500,DOWN,90,false,431411,215
-0.7,1500,DOWN,90,false,431411,216
0.7,1500,LEFT,90,false,431411,217
-1.6,1000,DOWN,90,false,431411,218
2.1,1500,RIGHT,90,false,431411,219
-0.7,1500,LEFT,90,false,431411,220
-3.2,1000,LEFT,90,false,431411,221
-1.6,1000,LEFT,90,false,431411,222
0,1500,UP,90,false,431411,223
-3.2,1000,UP,90,false,431411,224
3.2,1000,RIGHT,0,true,431409,1
2.1,1500,UP,0,true,431409,2
-2.1,1500,UP,0,true,431409,3
-2.1,1500,DOWN,0,true,431409,4
2.1,1500,RIGHT,0,true,431409,5
2.1,1500,DOWN,0,true,431409,6
2.1,1500,LEFT,0,true,431409,7
-3.2,1000,DOWN,0,true,431409,8
3.2,1000,UP,0,true,431409,9
3.2,1000,DOWN,0,true,431409,10
-3.2,1000,UP,0,true,431409,11
-3.2,1000,LEFT,0,true,431409,12
-2.1,1500,LEFT,0,true,431409,13
3.2,1000,LEFT,0,true,431409,14
-2.1,1500,RIGHT,0,true,431409,15
-3.2,1000,RIGHT,0,true,431409,16
-1.4,1500,LEFT,90,false,431409,1
0.7,1500,RIGHT,90,false,431409,2
3.2,1000,LEFT,90,false,431409,3
-2.1,1500,LEFT,90,false,431409,4
2.1,1500,DOWN,90,false,431409,5
0.7,1500,UP,90,false,431409,6
-1.4,1500,UP,90,false,431409,7
-4.8,1000,RIGHT,90,false,431409,8
1.4,1500,UP,90,false,431409,9
-1.6,1000,DOWN,90,false,431409,10
-2.1,1500,UP,90,false,431409,11
1.6,1000,DOWN,90,false,431409,12
-0.7,1500,DOWN,90,false,431409,13
-0.7,1500,RIGHT,90,false,431409,14
0,1500,DOWN,90,false,431409,15
0.7,1500,UP,90,false,431409,16
-3.54,1500,DOWN,90,false,431409,17
-0.7,1500,DOWN,90,false,431409,18
4.8,1000,DOWN,90,false,431409,19
3.54,1500,LEFT,90,false,431409,20
-0.7,1500,RIGHT,90,false,431409,21
1.4,1500,UP,90,false,431409,22
-3.2,1000,UP,90,false,431409,23
-1.6,1000,RIGHT,90,false,431409,24
1.6,1000,UP,90,false,431409,25
-3.54,1500,UP,90,false,431409,26
1.06666,1000,LEFT,90,false,431409,27
-0.7,1500,LEFT,90,false,431409,28
-1.4,1500,UP,270,false,431409,29
-4.8,1000,UP,270,false,431409,30
-3.54,1500,DOWN,270,false,431409,31
1.4,1500,RIGHT,270,false,431409,32
-0.7,1500,DOWN,270,false,431409,33
-0.7,1500,LEFT,270,false,431409,34
1.4,1500,DOWN,270,false,431409,35
0.7,1500,LEFT,270,false,431409,36
1.06666,1000,UP,270,false,431409,37
4.8,1000,DOWN,270,false,431409,38
4.8,1000,RIGHT,270,false,431409,39
-1.6,1000,DOWN,270,false,431409,40
0.7,1500,DOWN,270,false,431409,41
-3.2,1000,UP,270,false,431409,42
0,1500,LEFT,270,false,431409,43
0,1500,DOWN,270,false,431409,44
-1.6,1000,UP,270,false,431409,45
-1.4,1500,RIGHT,270,false,431409,46
-0.7,1500,UP,270,false,431409,47
2.1,1500,RIGHT,270,false,431409,48
0.7,1500,UP,270,false,431409,49
0,1500,UP,270,false,431409,50
2.1,1500,LEFT,270,false,431409,51
3.54,1500,RIGHT,270,false,431409,52
1.6,1000,LEFT,270,false,431409,53
-1.6,1000,UP,270,false,431409,54
0.7,1500,LEFT,270,false,431409,55
-2.1,1500,UP,270,false,431409,56
-0.7,1500,LEFT,90,false,431409,57
0,1500,UP,90,false,431409,58
-3.2,1000,DOWN,90,false,431409,59
0.7,1500,RIGHT,90,false,431409,60
-1.6,1000,RIGHT,90,false,431409,61
-0.7,1500,UP,90,false,431409,62
-0.7,1500,UP,90,false,431409,63
3.2,1000,DOWN,90,false,431409,64
1.6,1000,LEFT,90,false,431409,65
0.7,1500,DOWN,90,false,431409,66
2.1,1500,LEFT,90,false,431409,67
-1.4,1500,LEFT,90,false,431409,68
-0.7,1500,UP,90,false,431409,69
4.8,1000,LEFT,90,false,431409,70
0,1500,LEFT,90,false,431409,71
4.8,1000,RIGHT,90,false,431409,72
1.4,1500,DOWN,90,false,431409,73
0.7,1500,RIGHT,90,false,431409,74
1.6,1000,UP,90,false,431409,75
0,1000,DOWN,90,false,431409,76
3.2,1000,RIGHT,90,false,431409,77
1.4,1500,RIGHT,90,false,431409,78
1.4,1500,LEFT,90,false,431409,79
-1.06666,1000,LEFT,90,false,431409,80
-2.1,1500,RIGHT,90,false,431409,81
0.7,1500,UP,90,false,431409,82
1.06666,1000,DOWN,90,false,431409,83
0,1500,RIGHT,90,false,431409,84
0,1500,UP,270,false,431409,85
3.2,1000,UP,270,false,431409,86
0.7,1500,DOWN,270,false,431409,87
0,1000,DOWN,270,false,431409,88
-1.4,1500,LEFT,270,false,431409,89
3.2,1000,DOWN,270,false,431409,90
1.06666,1000,LEFT,270,false,431409,91
0,1000,LEFT,270,false,431409,92
0,1500,RIGHT,270,false,431409,93
-2.1,1500,RIGHT,270,false,431409,94
3.54,1500,UP,270,false,431409,95
1.4,1500,LEFT,270,false,431409,96
0,1500,LEFT,270,false,431409,97
-1.6,1000,LEFT,270,false,431409,98
-1.6,1000,LEFT,270,false,431409,99
-0.7,1500,UP,270,false,431409,100
-0.7,1500,UP,270,false,431409,101
-3.54,1500,RIGHT,270,false,431409,102
-4.8,1000,DOWN,270,false,431409,103
0,1500,DOWN,270,false,431409,104
0,1000,LEFT,270,false,431409,105
-1.4,1500,LEFT,270,false,431409,106
2.1,1500,UP,270,false,431409,107
1.6,1000,RIGHT,270,false,431409,108
-1.4,1500,DOWN,270,false,431409,109
-1.06666,1000,RIGHT,270,false,431409,110
0,1000,UP,270,false,431409,111
0.7,1500,DOWN,270,false,431409,112
0.7,1500,DOWN,90,false,431409,113
1.4,1500,LEFT,90,false,431409,114
-1.06666,1000,DOWN,90,false,431409,115
-3.54,1500,LEFT,90,false,431409,116
-1.06666,1000,RIGHT,90,false,431409,117
0,1000,DOWN,90,false,431409,118
4.8,1000,UP,90,false,431409,119
-1.4,1500,RIGHT,90,false,431409,120
-1.6,1000,UP,90,false,431409,121
1.4,1500,RIGHT,90,false,431409,122
0,1500,DOWN,90,false,431409,123
1.06666,1000,UP,90,false,431409,124
-1.4,1500,DOWN,90,false,431409,125
0,1000,LEFT,90,false,431409,126
-3.54,1500,RIGHT,90,false,431409,127
0,1000,UP,90,false,431409,128
2.1,1500,RIGHT,90,false,431409,129
1.6,1000,RIGHT,90,false,431409,130
0,1000,UP,90,false,431409,131
3.54,1500,DOWN,90,false,431409,132
-4.8,1000,LEFT,90,false,431409,133
0.7,1500,LEFT,90,false,431409,134
0,1500,LEFT,90,false,431409,135
-4.8,1000,UP,90,false,431409,136
-0.7,1500,DOWN,90,false,431409,137
0,1000,RIGHT,90,false,431409,138
-4.8,1000,DOWN,90,false,431409,139
1.6,1000,DOWN,90,false,431409,140
0.7,1500,LEFT,270,false,431409,141
-2.1,1500,DOWN,270,false,431409,142
-0.7,1500,RIGHT,270,false,431409,143
-1.4,1500,DOWN,270,false,431409,144
0,1000,DOWN,270,false,431409,145
1.4,1500,UP,270,false,431409,146
0.7,1500,RIGHT,270,false,431409,147
-2.1,1500,LEFT,270,false,431409,148
4.8,1000,LEFT,270,false,431409,149
1.6,1000,UP,270,false,431409,150
-0.7,1500,RIGHT,270,false,431409,151
-0.7,1500,DOWN,270,false,431409,152
-1.06666,1000,LEFT,270,false,431409,153
-1.6,1000,RIGHT,270,false,431409,154
1.06666,1000,RIGHT,270,false,431409,155
1.6,1000,UP,270,false,431409,156
-1.4,1500,UP,270,false,431409,157
3.2,1000,LEFT,270,false,431409,158
1.6,1000,DOWN,270,false,431409,159
0.7,1500,RIGHT,270,false,431409,160
-3.54,1500,UP,270,false,431409,161
-3.54,1500,LEFT,270,false,431409,162
0,1000,RIGHT,270,false,431409,163
-4.8,1000,RIGHT,270,false,431409,164
1.6,1000,DOWN,270,false,431409,165
3.54,1500,LEFT,270,false,431409,166
-0.7,1500,DOWN,270,false,431409,167
1.6,1000,RIGHT,270,false,431409,168
-3.2,1000,RIGHT,90,false,431409,169
1.6,1000,RIGHT,90,false,431409,170
2.1,1500,UP,90,false,431409,171
1.6,1000,LEFT,90,false,431409,172
0,1000,LEFT,90,false,431409,173
0,1500,RIGHT,90,false,431409,174
3.54,1500,RIGHT,90,false,431409,175
3.2,1000,UP,90,false,431409,176
-0.7,1500,RIGHT,90,false,431409,177
-0.7,1500,LEFT,90,false,431409,178
0.7,1500,LEFT,90,false,431409,179
0.7,1500,DOWN,90,false,431409,180
0.7,1500,LEFT,90,false,431409,181
-1.4,1500,DOWN,90,false,431409,182
-1.6,1000,DOWN,90,false,431409,183
0,1000,RIGHT,90,false,431409,184
-1.4,1500,RIGHT,90,false,431409,185
0,1500,UP,90,false,431409,186
1.4,1500,DOWN,90,false,431409,187
-1.6,1000,UP,90,false,431409,188
3.54,1500,UP,90,false,431409,189
-1.6,1000,LEFT,90,false,431409,190
1.06666,1000,RIGHT,90,false,431409,191
-2.1,1500,DOWN,90,false,431409,192
-1.6,1000,LEFT,90,false,431409,193
-3.2,1000,LEFT,90,false,431409,194
-1.4,1500,UP,90,false,431409,195
-1.06666,1000,UP,90,false,431409,196
-1.6,1000,DOWN,270,false,431409,197
-3.2,1000,RIGHT,270,false,431409,198
-1.06666,1000,UP,270,false,431409,199
0,1000,RIGHT,270,false,431409,200
3.54,1500,DOWN,270,false,431409,201
4.8,1000,UP,270,false,431409,202
0.7,1500,UP,270,false,431409,203
0.7,1500,RIGHT,270,false,431409,204
-0.7,1500,LEFT,270,false,431409,205
1.4,1500,RIGHT,270,false,431409,206
-3.2,1000,DOWN,270,false,431409,207
-1.06666,1000,DOWN,270,false,431409,208
-0.7,1500,RIGHT,270,false,431409,209
-0.7,1500,LEFT,270,false,431409,210
1.6,1000,LEFT,270,false,431409,211
-1.4,1500,RIGHT,270,false,431409,212
0,1000,UP,270,false,431409,213
1.06666,1000,DOWN,270,false,431409,214
1.4,1500,DOWN,270,false,431409,215
-1.6,1000,RIGHT,270,false,431409,216
-3.2,1000,LEFT,270,false,431409,217
0,1500,RIGHT,270,false,431409,218
-4.8,1000,LEFT,270,false,431409,219
0.7,1500,UP,270,false,431409,220
1.4,1500,UP,270,false,431409,221
1.4,1500,LEFT,270,false,431409,222
3.2,1000,RIGHT,270,false,431409,223
2.1,1500,DOWN,270,false,431409,224
-3.2,1000,DOWN,0,true,431418,1
2.1,1500,LEFT,0,true,431418,2
2.1,1500,RIGHT,0,true,431418,3
3.2,1000,LEFT,0,true,431418,4
3.2,1000,DOWN,0,true,431418,5
-2.1,1500,RIGHT,0,true,431418,6
-2.1,1500,UP,0,true,431418,7
2.1,1500,UP,0,true,431418,8
3.2,1000,UP,0,true,431418,9
-3.2,1000,RIGHT,0,true,431418,10
3.2,1000,RIGHT,0,true,431418,11
2.1,1500,DOWN,0,true,431418,12
-2.1,1500,DOWN,0,true,431418,13
-3.2,1000,UP,0,true,431418,14
-2.1,1500,LEFT,0,true,431418,15
-3.2,1000,LEFT,0,true,431418,16
0,1000,RIGHT,90,false,431418,1
2.1,1500,RIGHT,90,false,431418,2
0.7,1500,UP,90,false,431418,3
3.2,1000,DOWN,90,false,431418,4
-0.7,1500,DOWN,90,false,431418,5
0,1000,LEFT,90,false,431418,6
1.06666,1000,DOWN,90,false,431418,7
0,1000,LEFT,90,false,431418,8
1.4,1500,UP,90,false,431418,9
-1.6,1000,RIGHT,90,false,431418,10
1.06666,1000,UP,90,false,431418,11
0.7,1500,DOWN,90,false,431418,12
-1.6,1000,DOWN,90,false,431418,13
1.4,1500,DOWN,90,false,431418,14
-0.7,1500,LEFT,90,false,431418,15
1.6,1000,DOWN,90,false,431418,16
-4.8,1000,LEFT,90,false,431418,17
-3.2,1000,RIGHT,90,false,431418,18
3.2,1000,UP,90,false,431418,19
0.7,1500,LEFT,90,false,431418,20
0.7,1500,DOWN,90,false,431418,21
1.4,1500,UP,90,false,431418,22
-2.1,1500,RIGHT,90,false,431418,23
2.1,1500,UP,90,false,431418,24
-1.6,1000,LEFT,90,false,431418,25
-0.7,1500,UP,90,false,431418,26
1.6,1000,RIGHT,90,false,431418,27
0,1500,LEFT,90,false,431418,28
-3.2,1000,UP,270,false,431418,29
0,1000,DOWN,270,false,431418,30
-1.6,1000,LEFT,270,false,431418,31
-1.6,1000,RIGHT,270,false,431418,32
2.1,1500,DOWN,270,false,431418,33
-0.7,1500,UP,270,false,431418,34
-1.6,1000,LEFT,270,false,431418,35
0,1000,UP,270,false,431418,36
3.2,1000,RIGHT,270,false,431418,37
3.2,1000,UP,270,false,431418,38
1.4,1500,DOWN,270,false,431418,39
-0.7,1500,DOWN,270,false,431418,40
0,1500,RIGHT,270,false,431418,41
1.6,1000,LEFT,270,false,431418,42
1.6,1000,UP,270,false,431418,43
0,1000,LEFT,270,false,431418,44
0,1500,RIGHT,270,false,431418,45
3.54,1500,LEFT,270,false,431418,46
1.4,1500,RIGHT,270,false,431418,47
-1.4,1500,DOWN,270,false,431418,48
-3.54,1500,RIGHT,270,false,431418,49
0.7,1500,UP,270,false,431418,50
-0.7,1500,RIGHT,270,false,431418,51
1.4,1500,LEFT,270,false,431418,52
-0.7,1500,LEFT,270,false,431418,53
3.2,1000,LEFT,270,false,431418,54
0,1500,UP,270,false,431418,55
1.6,1000,UP,270,false,431418,56
3.2,1000,RIGHT,90,false,431418,57
-1.06666,1000,UP,90,false,431418,58
-1.6,1000,UP,90,false,431418,59
0,1000,DOWN,90,false,431418,60
0,1000,UP,90,false,431418,61
0.7,1500,RIGHT,90,false,431418,62
-1.6,1000,RIGHT,90,false,431418,63
0,1000,DOWN,90,false,431418,64
3.54,1500,RIGHT,90,false,431418,65
0.7,1500,RIGHT,90,false,431418,66
-2.1,1500,UP,90,false,431418,67
0,1500,RIGHT,90,false,431418,68
2.1,1500,LEFT,90,false,431418,69
-3.54,1500,UP,90,false,431418,70
0,1500,DOWN,90,false,431418,71
0,1000,RIGHT,90,false,431418,72
1.6,1000,DOWN,90,false,431418,73
0.7,1500,RIGHT,90,false,431418,74
-3.2,1000,UP,90,false,431418,75
0,1500,RIGHT,90,false,431418,76
3.54,1500,UP,90,false,431418,77
-1.06666,1000,RIGHT,90,false,431418,78
-2.1,1500,LEFT,90,false,431418,79
4.8,1000,RIGHT,90,false,431418,80
1.4,1500,RIGHT,90,false,431418,81
-3.54,1500,DOWN,90,false,431418,82
-0.7,1500,DOWN,90,false,431418,83
3.54,1500,DOWN,90,false,431418,84
1.4,1500,LEFT,270,false,431418,85
-2.1,1500,LEFT,270,false,431418,86
-3.2,1000,DOWN,270,false,431418,87
1.6,1000,RIGHT,270,false,431418,88
-3.2,1000,LEFT,270,false,431418,89
1.4,1500,RIGHT,270,false,431418,90
3.54,1500,RIGHT,270,false,431418,91
0.7,1500,UP,270,false,431418,92
-1.4,1500,UP,270,false,431418,93
0,1000,DOWN,270,false,431418,94
1.6,1000,DOWN,270,false,431418,95
0.7,1500,RIGHT,270,false,431418,96
-3.2,1000,RIGHT,270,false,431418,97
3.54,1500,UP,270,false,431418,98
1.6,1000,DOWN,270,false,431418,99
1.4,1500,UP,270,false,431418,100
-4.8,1000,RIGHT,270,false,431418,101
-3.54,1500,UP,270,false,431418,102
0.7,1500,RIGHT,270,false,431418,103
-1.06666,1000,LEFT,270,false,431418,104
0,1000,RIGHT,270,false,431418,105
-0.7,1500,UP,270,false,431418,106
1.4,1500,UP,270,false,431418,107
0,1000,LEFT,270,false,431418,108
-0.7,1500,RIGHT,270,false,431418,109
-1.06666,1000,DOWN,270,false,431418,110
3.2,1000,DOWN,270,false,431418,111
0.7,1500,DOWN,270,false,431418,112
-0.7,1500,LEFT,90,false,431418,113
-2.1,1500,DOWN,90,false,431418,114
-1.06666,1000,LEFT,90,false,431418,115
1.4,1500,DOWN,90,false,431418,116
1.06666,1000,LEFT,90,false,431418,117
-1.4,1500,LEFT,90,false,431418,118
-1.4,1500,RIGHT,90,false,431418,119
1.4,1500,LEFT,90,false,431418,120
0,1500,UP,90,false,431418,121
0.7,1500,LEFT,90,false,431418,122
0.7,1500,UP,90,false,431418,123
1.6,1000,UP,90,false,431418,124
-1.4,1500,LEFT,90,false,431418,125
0.7,1500,UP,90,false,431418,126
3.2,1000,LEFT,90,false,431418,127
4.8,1000,LEFT,90,false,431418,128
-3.54,1500,LEFT,90,false,431418,129
-3.2,1000,LEFT,90,false,431418,130
0,1500,LEFT,90,false,431418,131
-4.8,1000,DOWN,90,false,431418,132
-4.8,1000,RIGHT,90,false,431418,133
-0.7,1500,UP,90,false,431418,134
1.6,1000,LEFT,90,false,431418,135
0,1500,DOWN,90,false,431418,136
-1.4,1500,DOWN,90,false,431418,137
0,1000,UP,90,false,431418,138
1.6,1000,LEFT,90,false,431418,139
-1.4,1500,UP,90,false,431418,140
2.1,1500,LEFT,270,false,431418,141
-1.4,1500,LEFT,270,false,431418,142
-3.54,1500,LEFT,270,false,431418,143
-1.4,1500,RIGHT,270,false,431418,144
-1.6,1000,UP,270,false,431418,145
1.06666,1000,LEFT,270,false,431418,146
-2.1,1500,DOWN,270,false,431418,147
-1.4,1500,LEFT,270,false,431418,148
0,1500,UP,270,false,431418,149
-1.6,1000,DOWN,270,false,431418,150
0.7,1500,LEFT,270,false,431418,151
-2.1,1500,RIGHT,270,false,431418,152
2.1,1500,RIGHT,270,false,431418,153
-1.06666,1000,UP,270,false,431418,154
-1.4,1500,DOWN,270,false,431418,155
-1.4,1500,UP,270,false,431418,156
3.54,1500,DOWN,270,false,431418,157
-3.54,1500,DOWN,270,false,431418,158
4.8,1000,RIGHT,270,false,431418,159
1.06666,1000,UP,270,false,431418,160
2.1,1500,UP,270,false,431418,161
0,1000,UP,270,false,431418,162
-0.7,1500,LEFT,270,false,431418,163
-1.4,1500,RIGHT,270,false,431418,164
0,1500,DOWN,270,false,431418,165
0.7,1500,UP,270,false,431418,166
4.8,1000,UP,270,false,431418,167
-2.1,1500,UP,270,false,431418,168
-0.7,1500,RIGHT,90,false,431418,169
-0.7,1500,RIGHT,90,false,431418,170
-1.6,1000,DOWN,90,false,431418,171
0,1500,UP,90,false,431418,172
1.6,1000,UP,90,false,431418,173
3.54,1500,LEFT,90,false,431418,174
2.1,1500,DOWN,90,false,431418,175
-0.7,1500,DOWN,90,false,431418,176
-3.2,1000,DOWN,90,false,431418,177
-0.7,1500,UP,90,false,431418,178
-1.4,1500,DOWN,90,false,431418,179
4.8,1000,UP,90,false,431418,180
1.4,1500,RIGHT,90,false,431418,181
-3.54,1500,RIGHT,90,false,431418,182
-4.8,1000,UP,90,false,431418,183
-0.7,1500,RIGHT,90,false,431418,184
-1.4,1500,UP,90,false,431418,185
1.6,1000,RIGHT,90,false,431418,186
0.7,1500,LEFT,90,false,431418,187
-0.7,1500,LEFT,90,false,431418,188
-1.6,1000,UP,90,false,431418,189
1.4,1500,LEFT,90,false,431418,190
-1.4,1500,RIGHT,90,false,431418,191
-1.6,1000,LEFT,90,false,431418,192
0.7,1500,DOWN,90,false,431418,193
4.8,1000,DOWN,90,false,431418,194
1.06666,1000,RIGHT,90,false,431418,195
-1.06666,1000,DOWN,90,false,431418,196
1.6,1000,LEFT,270,false,431418,197
4.8,1000,DOWN,270,false,431418,198
-0.7,1500,LEFT,270,false,431418,199
1.4,1500,DOWN,270,false,431418,200
-4.8,1000,DOWN,270,false,431418,201
-4.8,1000,LEFT,270,false,431418,202
-4.8,1000,UP,270,false,431418,203
-1.06666,1000,RIGHT,270,false,431418,204
0,1500,DOWN,270,false,431418,205
0.7,1500,LEFT,270,false,431418,206
1.06666,1000,DOWN,270,false,431418,207
4.8,1000,LEFT,270,false,431418,208
0.7,1500,RIGHT,270,false,431418,209
0.7,1500,LEFT,270,false,431418,210
-0.7,1500,DOWN,270,false,431418,211
1.06666,1000,RIGHT,270,false,431418,212
-1.6,1000,RIGHT,270,false,431418,213
0,1000,RIGHT,270,false,431418,214
0,1500,LEFT,270,false,431418,215
0.7,1500,DOWN,270,false,431418,216
-1.6,1000,UP,270,false,431418,217
-0.7,1500,DOWN,270,false,431418,218
-0.7,1500,UP,270,false,431418,219
-1.6,1000,DOWN,270,false,431418,220
-0.7,1500,RIGHT,270,false,431418,221
1.6,1000,RIGHT,270,false,431418,222
0,1500,LEFT,270,false,431418,223
0.7,1500,DOWN,270,false,431418,224
3.2,1000,UP,0,true,431413,1
-3.2,1000,RIGHT,0,true,431413,2
2.1,1500,UP,0,true,431413,3
2.1,1500,DOWN,0,true,431413,4
-3.2,1000,DOWN,0,true,431413,5
-2.1,1500,DOWN,0,true,431413,6
2.1,1500,LEFT,0,true,431413,7
2.1,1500,RIGHT,0,true,431413,8
-2.1,1500,LEFT,0,true,431413,9
-2.1,1500,UP,0,true,431413,10
3.2,1000,DOWN,0,true,431413,11
3.2,1000,LEFT,0,true,431413,12
-3.2,1000,UP,0,true,431413,13
3.2,1000,RIGHT,0,true,431413,14
-2.1,1500,RIGHT,0,true,431413,15
-3.2,1000,LEFT,0,true,431413,16
-1.4,1500,RIGHT,270,false,431413,1
3.54,1500,RIGHT,270,false,431413,2
-1.06666,1000,UP,270,false,431413,3
0,1500,RIGHT,270,false,431413,4
1.4,1500,LEFT,270,false,431413,5
4.8,1000,DOWN,270,false,431413,6
-1.4,1500,LEFT,270,false,431413,7
4.8,1000,UP,270,false,431413,8
1.06666,1000,LEFT,270,false,431413,9
1.6,1000,LEFT,270,false,431413,10
1.6,1000,UP,270,false,431413,11
-2.1,1500,UP,270,false,431413,12
1.6,1000,LEFT,270,false,431413,13
-3.54,1500,DOWN,270,false,431413,14
-3.2,1000,RIGHT,270,false,431413,15
-4.8,1000,LEFT,270,false,431413,16
1.06666,1000,DOWN,270,false,431413,17
3.54,1500,DOWN,270,false,431413,18
1.4,1500,UP,270,false,431413,19
0.7,1500,RIGHT,270,false,431413,20
-0.7,1500,LEFT,270,false,431413,21
-4.8,1000,UP,270,false,431413,22
0,1500,RIGHT,270,false,431413,23
0,1000,DOWN,270,false,431413,24
-2.1,1500,RIGHT,270,false,431413,25
-1.06666,1000,RIGHT,270,false,431413,26
0.7,1500,UP,270,false,431413,27
-1.4,1500,RIGHT,270,false,431413,28
2.1,1500,UP,90,false,431413,29
2.1,1500,RIGHT,90,false,431413,30
1.4,1500,DOWN,90,false,431413,31
-1.6,1000,RIGHT,90,false,431413,32
0,1000,RIGHT,90,false,431413,33
-1.6,1000,RIGHT,90,false,431413,34
1.4,1500,LEFT,90,false,431413,35
-1.6,1000,LEFT,90,false,431413,36
3.2,1000,UP,90,false,431413,37
0,1000,RIGHT,90,false,431413,38
-2.1,1500,UP,90,false,431413,39
-0.7,1500,RIGHT,90,false,431413,40
1.06666,1000,DOWN,90,false,431413,41
2.1,1500,DOWN,90,false,431413,42
0,1500,DOWN,90,false,431413,43
-3.54,1500,DOWN,90,false,431413,44
0,1500,RIGHT,90,false,431413,45
-3.2,1000,DOWN,90,false,431413,46
0,1000,DOWN,90,false,431413,47
0.7,1500,UP,90,false,431413,48
4.8,1000,UP,90,false,431413,49
1.6,1000,LEFT,90,false,431413,50
1.06666,1000,RIGHT,90,false,431413,51
-1.4,1500,RIGHT,90,false,431413,52
-0.7,1500,LEFT,90,false,431413,53
-0.7,1500,UP,90,false,431413,54
0,1000,LEFT,90,false,431413,55
0.7,1500,DOWN,90,false,431413,56
-2.1,1500,DOWN,270,false,431413,57
0.7,1500,UP,270,false,431413,58
-2.1,1500,LEFT,270,false,431413,59
3.2,1000,DOWN,270,false,431413,60
-1.06666,1000,DOWN,270,false,431413,61
0.7,1500,LEFT,270,false,431413,62
1.6,1000,RIGHT,270,false,431413,63
0.7,1500,DOWN,270,false,431413,64
0,1500,DOWN,270,false,431413,65
0,1000,UP,270,false,431413,66
3.2,1000,UP,270,false,431413,67
3.54,1500,UP,270,false,431413,68
-1.6,1000,UP,270,false,431413,69
1.4,1500,DOWN,270,false,431413,70
0,1000,DOWN,270,false,431413,71
0.7,1500,RIGHT,270,false,431413,72
-0.7,1500,UP,270,false,431413,73
-1.6,1000,DOWN,270,false,431413,74
1.6,1000,UP,270,false,431413,75
-1.4,1500,UP,270,false,431413,76
-0.7,1500,UP,270,false,431413,77
0,1000,RIGHT,270,false,431413,78
3.2,1000,RIGHT,270,false,431413,79
0,1000,LEFT,270,false,431413,80
1.4,1500,RIGHT,270,false,431413,81
4.8,1000,LEFT,270,false,431413,82
4.8,1000,RIGHT,270,false,431413,83
0,1000,UP,270,false,431413,84
0,1500,RIGHT,90,false,431413,85
1.4,1500,LEFT,90,false,431413,86
1.6,1000,LEFT,90,false,431413,87
0,1500,UP,90,false,431413,88
3.2,1000,RIGHT,90,false,431413,89
0.7,1500,DOWN,90,false,431413,90
-1.06666,1000,RIGHT,90,false,431413,91
-0.7,1500,DOWN,90,false,431413,92
1.6,1000,UP,90,false,431413,93
1.6,1000,RIGHT,90,false,431413,94
-1.6,1000,UP,90,false,431413,95
1.4,1500,UP,90,false,431413,96
0,1000,UP,90,false,431413,97
-2.1,1500,DOWN,90,false,431413,98
3.54,1500,UP,90,false,431413,99
-1.4,1500,UP,90,false,431413,100
-2.1,1500,LEFT,90,false,431413,101
-1.4,1500,RIGHT,90,false,431413,102
-1.06666,1000,LEFT,90,false,431413,103
0.7,1500,UP,90,false,431413,104
1.4,1500,DOWN,90,false,431413,105
3.2,1000,LEFT,90,false,431413,106
-0.7,1500,LEFT,90,false,431413,107
-3.2,1000,RIGHT,90,false,431413,108
0,1500,UP,90,false,431413,109
1.06666,1000,LEFT,90,false,431413,110
-1.4,1500,UP,90,false,431413,111
1.6,1000,DOWN,90,false,431413,112
-1.6,1000,DOWN,270,false,431413,113
-4.8,1000,DOWN,270,false,431413,114
3.54,1500,LEFT,270,false,431413,115
-1.4,1500,LEFT,270,false,431413,116
0.7,1500,DOWN,270,false,431413,117
0.7,1500,UP,270,false,431413,118
-0.7,1500,RIGHT,270,false,431413,119
1.06666,1000,RIGHT,270,false,431413,120
-1.4,1500,DOWN,270,false,431413,121
-0.7,1500,LEFT,270,false,431413,122
-0.7,1500,RIGHT,270,false,431413,123
-3.2,1000,UP,270,false,431413,124
-1.4,1500,DOWN,270,false,431413,125
1.06666,1000,UP,270,false,431413,126
0,1500,UP,270,false,431413,127
-1.6,1000,LEFT,270,false,431413,128
1.6,1000,DOWN,270,false,431413,129
-1.6,1000,UP,270,false,431413,130
1.6,1000,DOWN,270,false,431413,131
-3.54,1500,RIGHT,270,false,431413,132
1.6,1000,RIGHT,270,false,431413,133
0,1500,DOWN,270,false,431413,134
-3.2,1000,DOWN,270,false,431413,135
-1.6,1000,RIGHT,270,false,431413,136
2.1,1500,LEFT,270,false,431413,137
0,1500,UP,270,false,431413,138
-0.7,1500,DOWN,270,false,431413,139
0.7,1500,DOWN,270,false,431413,140
1.4,1500,UP,90,false,431413,141
2.1,1500,LEFT,90,false,431413,142
0.7,1500,DOWN,90,false,431413,143
-1.4,1500,DOWN,90,false,431413,144
0.7,1500,LEFT,90,false,431413,145
3.2,1000,DOWN,90,false,431413,146
0,1000,LEFT,90,false,431413,147
3.54,1500,DOWN,90,false,431413,148
-1.6,1000,DOWN,90,false,431413,149
-1.06666,1000,UP,90,false,431413,150
-1.6,1000,UP,90,false,431413,151
1.4,1500,RIGHT,90,false,431413,152
-4.8,1000,LEFT,90,false,431413,153
1.6,1000,DOWN,90,false,431413,154
-0.7,1500,DOWN,90,false,431413,155
-3.2,1000,UP,90,false,431413,156
-4.8,1000,UP,90,false,431413,157
-1.4,1500,LEFT,90,false,431413,158
0,1500,LEFT,90,false,431413,159
-3.54,1500,RIGHT,90,false,431413,160
-2.1,1500,RIGHT,90,false,431413,161
4.8,1000,DOWN,90,false,431413,162
0,1000,DOWN,90,false,431413,163
1.06666,1000,UP,90,false,431413,164
-3.54,1500,UP,90,false,431413,165
-0.7,1500,DOWN,90,false,431413,166
0.7,1500,RIGHT,90,false,431413,167
-3.54,1500,LEFT,90,false,431413,168
1.4,1500,DOWN,270,false,431413,169
2.1,1500,UP,270,false,431413,170
0,1500,LEFT,270,false,431413,171
0.7,1500,RIGHT,270,false,431413,172
-0.7,1500,DOWN,270,false,431413,173
-1.6,1000,RIGHT,270,false,431413,174
0,1000,LEFT,270,false,431413,175
-0.7,1500,UP,270,false,431413,176
-0.7,1500,RIGHT,270,false,431413,177
-1.6,1000,LEFT,270,false,431413,178
-3.2,1000,LEFT,270,false,431413,179
2.1,1500,DOWN,270,false,431413,180
-1.06666,1000,LEFT,270,false,431413,181
-0.7,1500,DOWN,270,false,431413,182
2.1,1500,RIGHT,270,false,431413,183
-3.54,1500,LEFT,270,false,431413,184
3.2,1000,LEFT,270,false,431413,185
-1.4,1500,UP,270,false,431413,186
0,1000,RIGHT,270,false,431413,187
1.4,1500,UP,270,false,431413,188
0.7,1500,LEFT,270,false,431413,189
0.7,1500,LEFT,270,false,431413,190
-3.54,1500,UP,270,false,431413,191
-4.8,1000,RIGHT,270,false,431413,192
1.4,1500,RIGHT,270,false,431413,193
-0.7,1500,LEFT,270,false,431413,194
0,1500,LEFT,270,false,431413,195
1.4,1500,LEFT,270,false,431413,196
-0.7,1500,UP,90,false,431413,197
-0.7,1500,RIGHT,90,false,431413,198
0,1000,UP,90,false,431413,199
1.6,1000,RIGHT,90,false,431413,200
0.7,1500,LEFT,90,false,431413,201
-0.7,1500,LEFT,90,false,431413,202
-1.4,1500,DOWN,90,false,431413,203
-1.6,1000,LEFT,90,false,431413,204
3.54,1500,RIGHT,90,false,431413,205
-4.8,1000,RIGHT,90,false,431413,206
0,1500,LEFT,90,false,431413,207
4.8,1000,RIGHT,90,false,431413,208
0.7,1500,UP,90,false,431413,209
-0.7,1500,RIGHT,90,false,431413,210
-1.06666,1000,DOWN,90,false,431413,211
-0.7,1500,UP,90,false,431413,212
1.4,1500,RIGHT,90,false,431413,213
0.7,1500,RIGHT,90,false,431413,214
-1.6,1000,DOWN,90,false,431413,215
3.54,1500,LEFT,90,false,431413,216
0.7,1500,RIGHT,90,false,431413,217
0,1500,DOWN,90,false,431413,218
0.7,1500,LEFT,90,false,431413,219
1.6,1000,UP,90,false,431413,220
-1.4,1500,LEFT,90,false,431413,221
-3.2,1000,LEFT,90,false,431413,222
-4.8,1000,DOWN,90,false,431413,223
4.8,1000,LEFT,90,false,431413,224
-2.1,1500,DOWN,0,true,431332,1
-2.1,1500,UP,0,true,431332,2
2.1,1500,UP,0,true,431332,3
2.1,1500,RIGHT,0,true,431332,4
-3.2,1000,RIGHT,0,true,431332,5
2.1,1500,LEFT,0,true,431332,6
-3.2,1000,DOWN,0,true,431332,7
3.2,1000,LEFT,0,true,431332,8
3.2,1000,RIGHT,0,true,431332,9
-2.1,1500,RIGHT,0,true,431332,10
3.2,1000,DOWN,0,true,431332,11
3.2,1000,UP,0,true,431332,12
-3.2,1000,LEFT,0,true,431332,13
-2.1,1500,LEFT,0,true,431332,14
-3.2,1000,UP,0,true,431332,15
2.1,1500,DOWN,0,true,431332,16
0.7,1500,DOWN,270,false,431332,1
-1.4,1500,DOWN,270,false,431332,2
3.54,1500,RIGHT,270,false,431332,3
-3.54,1500,UP,270,false,431332,4
0.7,1500,RIGHT,270,false,431332,5
-4.8,1000,RIGHT,270,false,431332,6
0.7,1500,UP,270,false,431332,7
3.54,1500,DOWN,270,false,431332,8
-0.7,1500,RIGHT,270,false,431332,9
-4.8,1000,LEFT,270,false,431332,10
0,1500,LEFT,270,false,431332,11
-0.7,1500,DOWN,270,false,431332,12
0,1000,UP,270,false,431332,13
-1.06666,1000,DOWN,270,false,431332,14
1.6,1000,RIGHT,270,false,431332,15
0,1000,UP,270,false,431332,16
-1.4,1500,LEFT,270,false,431332,17
2.1,1500,LEFT,270,false,431332,18
4.8,1000,RIGHT,270,false,431332,19
-0.7,1500,LEFT,270,false,431332,20
0.7,1500,UP,270,false,431332,21
-0.7,1500,UP,270,false,431332,22
4.8,1000,LEFT,270,false,431332,23
-4.8,1000,DOWN,270,false,431332,24
0,1500,RIGHT,270,false,431332,25
1.4,1500,LEFT,270,false,431332,26
-3.54,1500,DOWN,270,false,431332,27
-1.06666,1000,UP,270,false,431332,28
1.6,1000,UP,90,false,431332,29
-2.1,1500,UP,90,false,431332,30
1.4,1500,UP,90,false,431332,31
-0.7,1500,RIGHT,90,false,431332,32
-1.4,1500,RIGHT,90,false,431332,33
1.06666,1000,LEFT,90,false,431332,34
0,1000,DOWN,90,false,431332,35
-4.8,1000,LEFT,90,false,431332,36
-1.4,1500,DOWN,90,false,431332,37
1.6,1000,RIGHT,90,false,431332,38
0,1500,LEFT,90,false,431332,39
-1.4,1500,LEFT,90,false,431332,40
-1.06666,1000,UP,90,false,431332,41
-3.2,1000,RIGHT,90,false,431332,42
1.06666,1000,DOWN,90,false,431332,43
0.7,1500,DOWN,90,false,431332,44
0,1500,RIGHT,90,false,431332,45
1.6,1000,LEFT,90,false,431332,46
-0.7,1500,DOWN,90,false,431332,47
1.4,1500,DOWN,90,false,431332,48
4.8,1000,LEFT,90,false,431332,49
-3.54,1500,LEFT,90,false,431332,50
-4.8,1000,UP,90,false,431332,51
-0.7,1500,UP,90,false,431332,52
-1.6,1000,RIGHT,90,false,431332,53
-1.4,1500,UP,90,false,431332,54
-0.7,1500,DOWN,90,false,431332,55
0,1000,DOWN,90,false,431332,56
-2.1,1500,UP,270,false,431332,57
-3.2,1000,RIGHT,270,false,431332,58
0.7,1500,LEFT,270,false,431332,59
0,1500,RIGHT,270,false,431332,60
1.6,1000,UP,270,false,431332,61
0,1000,DOWN,270,false,431332,62
-1.6,1000,UP,270,false,431332,63
0.7,1500,RIGHT,270,false,431332,64
1.4,1500,DOWN,270,false,431332,65
-0.7,1500,LEFT,270,false,431332,66
2.1,1500,DOWN,270,false,431332,67
1.6,1000,DOWN,270,false,431332,68
0,1000,RIGHT,270,false,431332,69
-1.6,1000,LEFT,270,false,431332,70
1.06666,1000,UP,270,false,431332,71
0.7,1500,UP,270,false,431332,72
-2.1,1500,LEFT,270,false,431332,73
1.6,1000,LEFT,270,false,431332,74
1.4,1500,UP,270,false,431332,75
1.4,1500,LEFT,270,false,431332,76
-1.6,1000,DOWN,270,false,431332,77
4.8,1000,UP,270,false,431332,78
3.2,1000,RIGHT,270,false,431332,79
0.7,1500,DOWN,270,false,431332,80
-0.7,1500,RIGHT,270,false,431332,81
-0.7,1500,DOWN,270,false,431332,82
0,1000,LEFT,270,false,431332,83
0,1000,RIGHT,270,false,431332,84
-1.4,1500,UP,90,false,431332,85
0,1000,UP,90,false,431332,86
4.8,1000,RIGHT,90,false,431332,87
-1.4,1500,RIGHT,90,false,431332,88
0.7,1500,LEFT,90,false,431332,89
-1.6,1000,DOWN,90,false,431332,90
1.06666,1000,RIGHT,90,false,431332,91
3.54,1500,RIGHT,90,false,431332,92
0,1500,UP,90,false,431332,93
1.6,1000,DOWN,90,false,431332,94
3.54,1500,UP,90,false,431332,95
1.6,1000,LEFT,90,false,431332,96
0.7,1500,LEFT,90,false,431332,97
0.7,1500,UP,90,false,431332,98
-1.6,1000,UP,90,false,431332,99
1.4,1500,LEFT,90,false,431332,100
1.4,1500,LEFT,90,false,431332,101
-2.1,1500,RIGHT,90,false,431332,102
1.4,1500,RIGHT,90,false,431332,103
1.4,1500,UP,90,false,431332,104
1.6,1000,RIGHT,90,false,431332,105
1.6,1000,UP,90,false,431332,106
0.7,1500,DOWN,90,false,431332,107
2.1,1500,DOWN,90,false,431332,108
-1.6,1000,RIGHT,90,false,431332,109
-1.06666,1000,RIGHT,90,false,431332,110
-1.6,1000,LEFT,90,false,431332,111
-0.7,1500,LEFT,90,false,431332,112
3.54,1500,LEFT,270,false,431332,113
-1.4,1500,RIGHT,270,false,431332,114
-1.4,1500,DOWN,270,false,431332,115
-1.6,1000,UP,270,false,431332,116
-1.6,1000,DOWN,270,false,431332,117
0.7,1500,DOWN,270,false,431332,118
-1.06666,1000,RIGHT,270,false,431332,119
0,1000,LEFT,270,false,431332,120
3.54,1500,UP,270,false,431332,121
-0.7,1500,UP,270,false,431332,122
-0.7,1500,UP,270,false,431332,123
1.06666,1000,RIGHT,270,false,431332,124
-1.6,1000,RIGHT,270,false,431332,125
1.4,1500,DOWN,270,false,431332,126
0,1500,UP,270,false,431332,127
3.2,1000,DOWN,270,false,431332,128
2.1,1500,UP,270,false,431332,129
1.4,1500,RIGHT,270,false,431332,130
3.2,1000,UP,270,false,431332,131
1.6,1000,RIGHT,270,false,431332,132
4.8,1000,DOWN,270,false,431332,133
1.6,1000,DOWN,270,false,431332,134
-3.2,1000,LEFT,270,false,431332,135
-4.8,1000,UP,270,false,431332,136
-0.7,1500,RIGHT,270,false,431332,137
-3.2,1000,DOWN,270,false,431332,138
0,1500,LEFT,270,false,431332,139
0,1500,DOWN,270,false,431332,140
4.8,1000,DOWN,90,false,431332,141
-1.4,1500,LEFT,90,false,431332,142
-0.7,1500,RIGHT,90,false,431332,143
0.7,1500,RIGHT,90,false,431332,144
0.7,1500,RIGHT,90,false,431332,145
0,1000,LEFT,90,false,431332,146
4.8,1000,UP,90,false,431332,147
1.4,1500,DOWN,90,false,431332,148
-3.2,1000,UP,90,false,431332,149
-3.2,1000,DOWN,90,false,431332,150
3.2,1000,UP,90,false,431332,151
2.1,1500,LEFT,90,false,431332,152
-0.7,1500,RIGHT,90,false,431332,153
0,1500,UP,90,false,431332,154
-1.06666,1000,DOWN,90,false,431332,155
0,1000,RIGHT,90,false,431332,156
0.7,1500,UP,90,false,431332,157
-0.7,1500,UP,90,false,431332,158
-4.8,1000,DOWN,90,false,431332,159
1.4,1500,RIGHT,90,false,431332,160
0,1500,DOWN,90,false,431332,161
-0.7,1500,LEFT,90,false,431332,162
0,1000,LEFT,90,false,431332,163
1.06666,1000,UP,90,false,431332,164
0.7,1500,UP,90,false,431332,165
0.7,1500,DOWN,90,false,431332,166
3.54,1500,DOWN,90,false,431332,167
-0.7,1500,DOWN,90,false,431332,168
1.6,1000,UP,270,false,431332,169
0,1500,DOWN,270,false,431332,170
-1.4,1500,LEFT,270,false,431332,171
-1.4,1500,UP,270,false,431332,172
-2.1,1500,RIGHT,270,false,431332,173
-1.6,1000,RIGHT,270,false,431332,174
0.7,1500,RIGHT,270,false,431332,175
-1.06666,1000,LEFT,270,false,431332,176
-1.4,1500,RIGHT,270,false,431332,177
3.2,1000,LEFT,270,false,431332,178
-3.2,1000,UP,270,false,431332,179
0.7,1500,LEFT,270,false,431332,180
-3.54,1500,LEFT,270,false,431332,181
1.6,1000,LEFT,270,false,431332,182
-0.7,1500,DOWN,270,false,431332,183
-3.54,1500,RIGHT,270,false,431332,184
0,1500,UP,270,false,431332,185
-2.1,1500,DOWN,270,false,431332,186
1.06666,1000,LEFT,270,false,431332,187
-1.6,1000,LEFT,270,false,431332,188
-1.4,1500,UP,270,false,431332,189
2.1,1500,RIGHT,270,false,431332,190
0,1000,DOWN,270,false,431332,191
1.4,1500,RIGHT,270,false,431332,192
0.7,1500,LEFT,270,false,431332,193
1.06666,1000,DOWN,270,false,431332,194
-0.7,1500,LEFT,270,false,431332,195
1.4,1500,UP,270,false,431332,196
0,1500,RIGHT,90,false,431332,197
3.54,1500,LEFT,90,false,431332,198
-3.54,1500,DOWN,90,false,431332,199
-3.2,1000,LEFT,90,false,431332,200
-1.6,1000,DOWN,90,false,431332,201
0.7,1500,LEFT,90,false,431332,202
-1.4,1500,DOWN,90,false,431332,203
2.1,1500,UP,90,false,431332,204
3.2,1000,DOWN,90,false,431332,205
-1.6,1000,UP,90,false,431332,206
0,1500,DOWN,90,false,431332,207
0,1000,RIGHT,90,false,431332,208
-0.7,1500,UP,90,false,431332,209
-2.1,1500,LEFT,90,false,431332,210
3.2,1000,RIGHT,90,false,431332,211
1.6,1000,DOWN,90,false,431332,212
-1.6,1000,LEFT,90,false,431332,213
-2.1,1500,DOWN,90,false,431332,214
-1.06666,1000,LEFT,90,false,431332,215
0,1500,LEFT,90,false,431332,216
2.1,1500,RIGHT,90,false,431332,217
-4.8,1000,RIGHT,90,false,431332,218
0.7,1500,RIGHT,90,false,431332,219
3.2,1000,LEFT,90,false,431332,220
-0.7,1500,LEFT,90,false,431332,221
0,1000,UP,90,false,431332,222
-3.54,1500,UP,90,false,431332,223
-3.54,1500,RIGHT,90,false,431332,224
3.2,1000,RIGHT,0,true,431416,1
3.2,1000,LEFT,0,true,431416,2
-2.1,1500,RIGHT,0,true,431416,3
-2.1,1500,UP,0,true,431416,4
2.1,1500,DOWN,0,true,431416,5
-3.2,1000,DOWN,0,true,431416,6
2.1,1500,UP,0,true,431416,7
-3.2,1000,UP,0,true,431416,8
-3.2,1000,RIGHT,0,true,431416,9
-3.2,1000,LEFT,0,true,431416,10
3.2,1000,UP,0,true,431416,11
-2.1,1500,DOWN,0,true,431416,12
-2.1,1500,LEFT,0,true,431416,13
2.1,1500,LEFT,0,true,431416,14
2.1,1500,RIGHT,0,true,431416,15
3.2,1000,DOWN,0,true,431416,16
0,1000,LEFT,270,false,431416,1
-0.7,1500,RIGHT,270,false,431416,2
-0.7,1500,UP,270,false,431416,3
0.7,1500,LEFT,270,false,431416,4
-1.6,1000,RIGHT,270,false,431416,5
-4.8,1000,RIGHT,270,false,431416,6
-1.4,1500,LEFT,270,false,431416,7
0.7,1500,DOWN,270,false,431416,8
3.2,1000,LEFT,270,false,431416,9
-1.06666,1000,UP,270,false,431416,10
-2.1,1500,UP,270,false,431416,11
4.8,1000,LEFT,270,false,431416,12
1.4,1500,DOWN,270,false,431416,13
-1.4,1500,UP,270,false,431416,14
-0.7,1500,UP,270,false,431416,15
1.6,1000,LEFT,270,false,431416,16
0.7,1500,RIGHT,270,false,431416,17
1.06666,1000,RIGHT,270,false,431416,18
3.2,1000,RIGHT,270,false,431416,19
2.1,1500,LEFT,270,false,431416,20
1.6,1000,UP,270,false,431416,21
-1.06666,1000,LEFT,270,false,431416,22
2.1,1500,RIGHT,270,false,431416,23
-0.7,1500,LEFT,270,false,431416,24
3.2,1000,UP,270,false,431416,25
1.6,1000,RIGHT,270,false,431416,26
3.54,1500,RIGHT,270,false,431416,27
3.54,1500,DOWN,270,false,431416,28
0,1000,LEFT,90,false,431416,29
-0.7,1500,RIGHT,90,false,431416,30
-3.54,1500,LEFT,90,false,431416,31
-1.4,1500,RIGHT,90,false,431416,32
-0.7,1500,UP,90,false,431416,33
-0.7,1500,LEFT,90,false,431416,34
0.7,1500,UP,90,false,431416,35
2.1,1500,DOWN,90,false,431416,36
-1.6,1000,LEFT,90,false,431416,37
1.4,1500,LEFT,90,false,431416,38
-3.54,1500,DOWN,90,false,431416,39
-4.8,1000,UP,90,false,431416,40
0.7,1500,RIGHT,90,false,431416,41
0.7,1500,UP,90,false,431416,42
-3.2,1000,RIGHT,90,false,431416,43
0,1000,DOWN,90,false,431416,44
-1.6,1000,UP,90,false,431416,45
0.7,1500,LEFT,90,false,431416,46
4.8,1000,LEFT,90,false,431416,47
1.06666,1000,UP,90,false,431416,48
-1.4,1500,UP,90,false,431416,49
3.2,1000,RIGHT,90,false,431416,50
1.6,1000,UP,90,false,431416,51
3.2,1000,UP,90,false,431416,52
0.7,1500,RIGHT,90,false,431416,53
-1.4,1500,LEFT,90,false,431416,54
0,1500,UP,90,false,431416,55
1.06666,1000,DOWN,90,false,431416,56
-0.7,1500,RIGHT,270,false,431416,57
3.54,1500,UP,270,false,431416,58
-1.6,1000,DOWN,270,false,431416,59
1.06666,1000,DOWN,270,false,431416,60
-1.6,1000,RIGHT,270,false,431416,61
-4.8,1000,DOWN,270,false,431416,62
-4.8,1000,LEFT,270,false,431416,63
0.7,1500,LEFT,270,false,431416,64
-1.06666,1000,DOWN,270,false,431416,65
-2.1,1500,LEFT,270,false,431416,66
0,1000,UP,270,false,431416,67
1.6,1000,DOWN,270,false,431416,68
-1.06666,1000,RIGHT,270,false,431416,69
-4.8,1000,UP,270,false,431416,70
0,1500,UP,270,false,431416,71
-3.2,1000,LEFT,270,false,431416,72
0.7,1500,UP,270,false,431416,73
1.4,1500,UP,270,false,431416,74
-3.54,1500,LEFT,270,false,431416,75
-1.6,1000,LEFT,270,false,431416,76
-1.4,1500,LEFT,270,false,431416,77
0.7,1500,UP,270,false,431416,78
-1.4,1500,RIGHT,270,false,431416,79
0,1500,LEFT,270,false,431416,80
1.6,1000,RIGHT,270,false,431416,81
-1.6,1000,DOWN,270,false,431416,82
0,1000,DOWN,270,false,431416,83
0,1500,LEFT,270,false,431416,84
-3.2,1000,DOWN,90,false,431416,85
1.4,1500,RIGHT,90,false,431416,86
0.7,1500,DOWN,90,false,431416,87
0.7,1500,LEFT,90,false,431416,88
1.4,1500,LEFT,90,false,431416,89
3.54,1500,DOWN,90,false,431416,90
1.06666,1000,LEFT,90,false,431416,91
-0.7,1500,RIGHT,90,false,431416,92
0.7,1500,DOWN,90,false,431416,93
-0.7,1500,UP,90,false,431416,94
0,1500,DOWN,90,false,431416,95
-1.4,1500,DOWN,90,false,431416,96
3.54,1500,UP,90,false,431416,97
2.1,1500,RIGHT,90,false,431416,98
-1.06666,1000,UP,90,false,431416,99
2.1,1500,LEFT,90,false,431416,100
1.6,1000,UP,90,false,431416,101
-3.2,1000,UP,90,false,431416,102
0,1500,LEFT,90,false,431416,103
-1.6,1000,DOWN,90,false,431416,104
4.8,1000,UP,90,false,431416,105
-1.06666,1000,DOWN,90,false,431416,106
1.6,1000,LEFT,90,false,431416,107
2.1,1500,UP,90,false,431416,108
0,1500,LEFT,90,false,431416,109
-0.7,1500,DOWN,90,false,431416,110
1.4,1500,UP,90,false,431416,111
3.54,1500,LEFT,90,false,431416,112
0.7,1500,LEFT,270,false,431416,113
0,1000,RIGHT,270,false,431416,114
-1.6,1000,UP,270,false,431416,115
-3.2,1000,RIGHT,270,false,431416,116
0,1500,DOWN,270,false,431416,117
1.4,1500,DOWN,270,false,431416,118
3.54,1500,LEFT,270,false,431416,119
0.7,1500,RIGHT,270,false,431416,120
0.7,1500,UP,270,false,431416,121
-1.4,1500,RIGHT,270,false,431416,122
0,1000,RIGHT,270,false,431416,123
-0.7,1500,DOWN,270,false,431416,124
0,1500,UP,270,false,431416,125
3.2,1000,DOWN,270,false,431416,126
0,1500,DOWN,270,false,431416,127
-0.7,1500,DOWN,270,false,431416,128
-1.6,1000,LEFT,270,false,431416,129
-1.4,1500,DOWN,270,false,431416,130
-0.7,1500,LEFT,270,false,431416,131
1.06666,1000,UP,270,false,431416,132
4.8,1000,DOWN,270,false,431416,133
-3.54,1500,RIGHT,270,false,431416,134
-0.7,1500,RIGHT,270,false,431416,135
-3.54,1500,DOWN,270,false,431416,136
-1.6,1000,UP,270,false,431416,137
0.7,1500,RIGHT,270,false,431416,138
-0.7,1500,UP,270,false,431416,139
-3.2,1000,UP,270,false,431416,140
1.6,1000,DOWN,90,false,431416,141
-2.1,1500,UP,90,false,431416,142
0,1500,UP,90,false,431416,143
0,1000,RIGHT,90,false,431416,144
1.6,1000,LEFT,90,false,431416,145
-0.7,1500,DOWN,90,false,431416,146
1.4,1500,DOWN,90,false,431416,147
-4.8,1000,DOWN,90,false,431416,148
-1.4,1500,UP,90,false,431416,149
0,1500,DOWN,90,false,431416,150
-1.4,1500,LEFT,90,false,431416,151
-1.06666,1000,RIGHT,90,false,431416,152
-3.2,1000,LEFT,90,false,431416,153
0.7,1500,UP,90,false,431416,154
-2.1,1500,DOWN,90,false,431416,155
1.6,1000,RIGHT,90,false,431416,156
-4.8,1000,LEFT,90,false,431416,157
-1.6,1000,DOWN,90,false,431416,158
0,1500,RIGHT,90,false,431416,159
4.8,1000,RIGHT,90,false,431416,160
-1.4,1500,DOWN,90,false,431416,161
1.4,1500,DOWN,90,false,431416,162
0,1500,RIGHT,90,false,431416,163
-2.1,1500,RIGHT,90,false,431416,164
0,1000,LEFT,90,false,431416,165
1.4,1500,RIGHT,90,false,431416,166
0,1000,RIGHT,90,false,431416,167
3.54,1500,RIGHT,90,false,431416,168
4.8,1000,RIGHT,270,false,431416,169
0,1000,UP,270,false,431416,170
1.6,1000,UP,270,false,431416,171
1.6,1000,LEFT,270,false,431416,172
1.6,1000,DOWN,270,false,431416,173
-2.1,1500,RIGHT,270,false,431416,174
0,1500,RIGHT,270,false,431416,175
2.1,1500,UP,270,false,431416,176
-2.1,1500,DOWN,270,false,431416,177
2.1,1500,DOWN,270,false,431416,178
1.4,1500,LEFT,270,false,431416,179
0.7,1500,DOWN,270,false,431416,180
4.8,1000,UP,270,false,431416,181
0.7,1500,DOWN,270,false,431416,182
0,1000,DOWN,270,false,431416,183
1.4,1500,RIGHT,270,false,431416,184
1.4,1500,UP,270,false,431416,185
0,1500,RIGHT,270,false,431416,186
-1.4,1500,UP,270,false,431416,187
-0.7,1500,LEFT,270,false,431416,188
0,1000,LEFT,270,false,431416,189
1.06666,1000,LEFT,270,false,431416,190
-3.54,1500,UP,270,false,431416,191
-0.7,1500,DOWN,270,false,431416,192
1.4,1500,LEFT,270,false,431416,193
-3.2,1000,DOWN,270,false,431416,194
-1.4,1500,DOWN,270,false,431416,195
1.4,1500,RIGHT,270,false,431416,196
-1.6,1000,RIGHT,90,false,431416,197
0.7,1500,RIGHT,90,false,431416,198
-3.54,1500,UP,90,false,431416,199
0,1000,UP,90,false,431416,200
-4.8,1000,RIGHT,90,false,431416,201
-0.7,1500,LEFT,90,false,431416,202
-1.6,1000,UP,90,false,431416,203
4.8,1000,DOWN,90,false,431416,204
0,1000,UP,90,false,431416,205
-0.7,1500,DOWN,90,false,431416,206
-1.06666,1000,LEFT,90,false,431416,207
-0.7,1500,LEFT,90,false,431416,208
1.06666,1000,RIGHT,90,false,431416,209
-0.7,1500,RIGHT,90,false,431416,210
3.2,1000,DOWN,90,false,431416,211
-2.1,1500,LEFT,90,false,431416,212
0.7,1500,DOWN,90,false,431416,213
1.6,1000,DOWN,90,false,431416,214
-1.4,1500,RIGHT,90,false,431416,215
-3.54,1500,RIGHT,90,false,431416,216
1.6,1000,RIGHT,90,false,431416,217
-0.7,1500,UP,90,false,431416,218
3.2,1000,LEFT,90,false,431416,219
1.4,1500,UP,90,false,431416,220
-1.6,1000,RIGHT,90,false,431416,221
0.7,1500,LEFT,90,false,431416,222
-1.6,1000,LEFT,90,false,431416,223
0,1000,DOWN,90,false,431416,224
3.2,1000,RIGHT,0,true,431402,1
3.2,1000,UP,0,true,431402,2
3.2,1000,DOWN,0,true,431402,3
2.1,1500,LEFT,0,true,431402,4
-3.2,1000,UP,0,true,431402,5
2.1,1500,RIGHT,0,true,431402,6
-2.1,1500,LEFT,0,true,431402,7
-3.2,1000,LEFT,0,true,431402,8
-3.2,1000,DOWN,0,true,431402,9
2.1,1500,UP,0,true,431402,10
-3.2,1000,RIGHT,0,true,431402,11
-2.1,1500,DOWN,0,true,431402,12
2.1,1500,DOWN,0,true,431402,13
-2.1,1500,UP,0,true,431402,14
3.2,1000,LEFT,0,true,431402,15
-2.1,1500,RIGHT,0,true,431402,16
-1.6,1000,RIGHT,90,false,431402,1
-3.2,1000,UP,90,false,431402,2
-0.7,1500,UP,90,false,431402,3
-0.7,1500,LEFT,90,false,431402,4
0,1000,UP,90,false,431402,5
1.4,1500,LEFT,90,false,431402,6
0,1500,DOWN,90,false,431402,7
-1.6,1000,UP,90,false,431402,8
-1.4,1500,RIGHT,90,false,431402,9
1.06666,1000,UP,90,false,431402,10
1.4,1500,UP,90,false,431402,11
0.7,1500,DOWN,90,false,431402,12
-1.06666,1000,RIGHT,90,false,431402,13
0.7,1500,DOWN,90,false,431402,14
3.2,1000,LEFT,90,false,431402,15
0.7,1500,RIGHT,90,false,431402,16
-3.54,1500,LEFT,90,false,431402,17
0,1000,LEFT,90,false,431402,18
-1.6,1000,LEFT,90,false,431402,19
-1.4,1500,UP,90,false,431402,20
-3.2,1000,DOWN,90,false,431402,21
-0.7,1500,RIGHT,90,false,431402,22
-1.4,1500,DOWN,90,false,431402,23
1.4,1500,DOWN,90,false,431402,24
-3.2,1000,LEFT,90,false,431402,25
0.7,1500,LEFT,90,false,431402,26
-0.7,1500,RIGHT,90,false,431402,27
1.4,1500,RIGHT,90,false,431402,28
1.06666,1000,DOWN,270,false,431402,29
-2.1,1500,RIGHT,270,false,431402,30
0,1500,RIGHT,270,false,431402,31
0,1000,DOWN,270,false,431402,32
0.7,1500,RIGHT,270,false,431402,33
-1.4,1500,LEFT,270,false,431402,34
-3.2,1000,RIGHT,270,false,431402,35
-3.2,1000,UP,270,false,431402,36
-1.6,1000,DOWN,270,false,431402,37
-1.6,1000,LEFT,270,false,431402,38
0.7,1500,LEFT,270,false,431402,39
3.2,1000,LEFT,270,false,431402,40
0,1500,RIGHT,270,false,431402,41
2.1,1500,RIGHT,270,false,431402,42
-1.06666,1000,LEFT,270,false,431402,43
-1.4,1500,LEFT,270,false,431402,44
1.6,1000,DOWN,270,false,431402,45
0.7,1500,LEFT,270,false,431402,46
-2.1,1500,LEFT,270,false,431402,47
-3.54,1500,DOWN,270,false,431402,48
1.6,1000,DOWN,270,false,431402,49
-1.4,1500,RIGHT,270,false,431402,50
3.2,1000,DOWN,270,false,431402,51
-1.4,1500,RIGHT,270,false,431402,52
-1.4,1500,DOWN,270,false,431402,53
-0.7,1500,RIGHT,270,false,431402,54
-2.1,1500,DOWN,270,false,431402,55
0,1000,LEFT,270,false,431402,56
-0.7,1500,UP,90,false,431402,57
3.2,1000,UP,90,false,431402,58
4.8,1000,LEFT,90,false,431402,59
-4.8,1000,UP,90,false,431402,60
-0.7,1500,DOWN,90,false,431402,61
-1.4,1500,UP,90,false,431402,62
1.6,1000,DOWN,90,false,431402,63
0.7,1500,UP,90,false,431402,64
0,1000,RIGHT,90,false,431402,65
1.06666,1000,RIGHT,90,false,431402,66
-4.8,1000,RIGHT,90,false,431402,67
-1.4,1500,LEFT,90,false,431402,68
0,1500,DOWN,90,false,431402,69
-1.6,1000,LEFT,90,false,431402,70
0,1500,LEFT,90,false,431402,71
-1.06666,1000,LEFT,90,false,431402,72
1.4,1500,DOWN,90,false,431402,73
-0.7,1500,DOWN,90,false,431402,74
-3.54,1500,UP,90,false,431402,75
2.1,1500,DOWN,90,false,431402,76
-2.1,1500,DOWN,90,false,431402,77
0,1500,UP,90,false,431402,78
1.6,1000,RIGHT,90,false,431402,79
-2.1,1500,LEFT,90,false,431402,80
-0.7,1500,DOWN,90,false,431402,81
1.6,1000,DOWN,90,false,431402,82
0.7,1500,DOWN,90,false,431402,83
3.2,1000,RIGHT,90,false,431402,84
-1.6,1000,DOWN,270,false,431402,85
0,1500,UP,270,false,431402,86
2.1,1500,DOWN,270,false,431402,87
1.6,1000,RIGHT,270,false,431402,88
-0.7,1500,DOWN,270,false,431402,89
-3.2,1000,LEFT,270,false,431402,90
-4.8,1000,LEFT,270,false,431402,91
4.8,1000,RIGHT,270,false,431402,92
0.7,1500,DOWN,270,false,431402,93
-4.8,1000,DOWN,270,false,431402,94
1.6,1000,RIGHT,270,false,431402,95
-3.2,1000,DOWN,270,false,431402,96
0.7,1500,RIGHT,270,false,431402,97
0.7,1500,LEFT,270,false,431402,98
-0.7,1500,UP,270,false,431402,99
0,1000,RIGHT,270,false,431402,100
1.6,1000,LEFT,270,false,431402,101
1.06666,1000,LEFT,270,false,431402,102
-1.4,1500,DOWN,270,false,431402,103
-1.6,1000,RIGHT,270,false,431402,104
0.7,1500,DOWN,270,false,431402,105
4.8,1000,UP,270,false,431402,106
-0.7,1500,UP,270,false,431402,107
-1.6,1000,RIGHT,270,false,431402,108
-0.7,1500,LEFT,270,false,431402,109
1.6,1000,LEFT,270,false,431402,110
-0.7,1500,RIGHT,270,false,431402,111
-4.8,1000,UP,270,false,431402,112
1.4,1500,RIGHT,90,false,431402,113
0.7,1500,UP,90,false,431402,114
-1.6,1000,DOWN,90,false,431402,115
-4.8,1000,LEFT,90,false,431402,116
-2.1,1500,RIGHT,90,false,431402,117
0,1000,RIGHT,90,false,431402,118
0,1000,DOWN,90,false,431402,119
3.54,1500,RIGHT,90,false,431402,120
4.8,1000,RIGHT,90,false,431402,121
-4.8,1000,DOWN,90,false,431402,122
-0.7,1500,UP,90,false,431402,123
1.06666,1000,DOWN,90,false,431402,124
0.7,1500,RIGHT,90,false,431402,125
0.7,1500,LEFT,90,false,431402,126
3.2,1000,DOWN,90,false,431402,127
1.6,1000,UP,90,false,431402,128
-0.7,1500,LEFT,90,false,431402,129
-1.4,1500,RIGHT,90,false,431402,130
-1.06666,1000,UP,90,false,431402,131
0,1000,LEFT,90,false,431402,132
2.1,1500,LEFT,90,false,431402,133
3.54,1500,LEFT,90,false,431402,134
1.06666,1000,LEFT,90,false,431402,135
-3.54,1500,DOWN,90,false,431402,136
4.8,1000,DOWN,90,false,431402,137
0,1500,LEFT,90,false,431402,138
1.6,1000,UP,90,false,431402,139
0,1500,RIGHT,90,false,431402,140
-1.06666,1000,UP,270,false,431402,141
1.4,1500,LEFT,270,false,431402,142
0,1000,UP,270,false,431402,143
1.4,1500,UP,270,false,431402,144
0,1500,LEFT,270,false,431402,145
-1.4,1500,UP,270,false,431402,146
3.54,1500,LEFT,270,false,431402,147
3.54,1500,RIGHT,270,false,431402,148
-1.4,1500,UP,270,false,431402,149
2.1,1500,UP,270,false,431402,150
-0.7,1500,UP,270,false,431402,151
4.8,1000,DOWN,270,false,431402,152
1.06666,1000,UP,270,false,431402,153
3.54,1500,DOWN,270,false,431402,154
3.54,1500,UP,270,false,431402,155
4.8,1000,LEFT,270,false,431402,156
0.7,1500,UP,270,false,431402,157
-0.7,1500,DOWN,270,false,431402,158
3.2,1000,RIGHT,270,false,431402,159
3.2,1000,UP,270,false,431402,160
-2.1,1500,UP,270,false,431402,161
0,1000,LEFT,270,false,431402,162
0.7,1500,DOWN,270,false,431402,163
1.4,1500,RIGHT,270,false,431402,164
-1.06666,1000,RIGHT,270,false,431402,165
1.6,1000,UP,270,false,431402,166
1.6,1000,UP,270,false,431402,167
2.1,1500,LEFT,270,false,431402,168
4.8,1000,UP,90,false,431402,169
0,1000,UP,90,false,431402,170
-1.06666,1000,DOWN,90,false,431402,171
0,1500,RIGHT,90,false,431402,172
-3.2,1000,RIGHT,90,false,431402,173
-1.6,1000,RIGHT,90,false,431402,174
3.54,1500,UP,90,false,431402,175
1.6,1000,LEFT,90,false,431402,176
0.7,1500,RIGHT,90,false,431402,177
2.1,1500,RIGHT,90,false,431402,178
-2.1,1500,UP,90,false,431402,179
0,1000,DOWN,90,false,431402,180
1.6,1000,RIGHT,90,false,431402,181
3.54,1500,DOWN,90,false,431402,182
-0.7,1500,RIGHT,90,false,431402,183
-1.6,1000,UP,90,false,431402,184
1.4,1500,LEFT,90,false,431402,185
-0.7,1500,LEFT,90,false,431402,186
1.6,1000,LEFT,90,false,431402,187
-1.4,1500,DOWN,90,false,431402,188
-1.6,1000,DOWN,90,false,431402,189
0.7,1500,UP,90,false,431402,190
1.4,1500,UP,90,false,431402,191
0,1500,UP,90,false,431402,192
2.1,1500,UP,90,false,431402,193
-3.54,1500,RIGHT,90,false,431402,194
-1.4,1500,LEFT,90,false,431402,195
0.7,1500,LEFT,90,false,431402,196
0,1500,DOWN,270,false,431402,197
0,1000,RIGHT,270,false,431402,198
0.7,1500,RIGHT,270,false,431402,199
-3.54,1500,RIGHT,270,false,431402,200
1.4,1500,UP,270,false,431402,201
-0.7,1500,DOWN,270,false,431402,202
-1.06666,1000,DOWN,270,false,431402,203
1.4,1500,RIGHT,270,false,431402,204
1.4,1500,DOWN,270,false,431402,205
-1.6,1000,LEFT,270,false,431402,206
1.4,1500,DOWN,270,false,431402,207
0.7,1500,UP,270,false,431402,208
-3.54,1500,UP,270,false,431402,209
-1.6,1000,UP,270,false,431402,210
-3.54,1500,LEFT,270,false,431402,211
1.06666,1000,RIGHT,270,false,431402,212
0,1000,DOWN,270,false,431402,213
-4.8,1000,RIGHT,270,false,431402,214
-0.7,1500,LEFT,270,false,431402,215
-1.6,1000,UP,270,false,431402,216
1.4,1500,LEFT,270,false,431402,217
0.7,1500,UP,270,false,431402,218
0,1000,UP,270,false,431402,219
0,1500,DOWN,270,false,431402,220
-0.7,1500,RIGHT,270,false,431402,221
0,1500,UP,270,false,431402,222
0,1500,LEFT,270,false,431402,223
-0.7,1500,LEFT,270,false,431402,224
-3.2,1000,DOWN,0,true,431408,1
-2.1,1500,LEFT,0,true,431408,2
3.2,1000,UP,0,true,431408,3
2.1,1500,UP,0,true,431408,4
2.1,1500,RIGHT,0,true,431408,5
-2.1,1500,RIGHT,0,true,431408,6
-2.1,1500,DOWN,0,true,431408,7
2.1,1500,LEFT,0,true,431408,8
3.2,1000,RIGHT,0,true,431408,9
-3.2,1000,RIGHT,0,true,431408,10
3.2,1000,DOWN,0,true,431408,11
-2.1,1500,UP,0,true,431408,12
3.2,1000,LEFT,0,true,431408,13
-3.2,1000,UP,0,true,431408,14
-3.2,1000,LEFT,0,true,431408,15
2.1,1500,DOWN,0,true,431408,16
1.6,1000,UP,270,false,431408,1
3.54,1500,RIGHT,270,false,431408,2
2.1,1500,DOWN,270,false,431408,3
2.1,1500,RIGHT,270,false,431408,4
-0.7,1500,LEFT,270,false,431408,5
1.06666,1000,LEFT,270,false,431408,6
-2.1,1500,DOWN,270,false,431408,7
-1.6,1000,DOWN,270,false,431408,8
0,1500,RIGHT,270,false,431408,9
-1.06666,1000,LEFT,270,false,431408,10
1.4,1500,RIGHT,270,false,431408,11
-1.06666,1000,RIGHT,270,false,431408,12
0.7,1500,UP,270,false,431408,13
-0.7,1500,DOWN,270,false,431408,14
-1.4,1500,RIGHT,270,false,431408,15
-3.2,1000,RIGHT,270,false,431408,16
-2.1,1500,LEFT,270,false,431408,17
0,1000,DOWN,270,false,431408,18
4.8,1000,UP,270,false,431408,19
3.2,1000,DOWN,270,false,431408,20
-4.8,1000,UP,270,false,431408,21
0,1500,LEFT,270,false,431408,22
1.4,1500,DOWN,270,false,431408,23
-1.4,1500,LEFT,270,false,431408,24
0.7,1500,UP,270,false,431408,25
-1.6,1000,RIGHT,270,false,431408,26
-1.4,1500,LEFT,270,false,431408,27
1.6,1000,DOWN,270,false,431408,28
1.06666,1000,RIGHT,90,false,431408,29
0,1500,RIGHT,90,false,431408,30
1.06666,1000,DOWN,90,false,431408,31
-2.1,1500,DOWN,90,false,431408,32
-0.7,1500,LEFT,90,false,431408,33
-1.4,1500,DOWN,90,false,431408,34
0.7,1500,UP,90,false,431408,35
0,1000,LEFT,90,false,431408,36
-0.7,1500,UP,90,false,431408,37
-0.7,1500,DOWN,90,false,431408,38
0,1500,DOWN,90,false,431408,39
3.54,1500,DOWN,90,false,431408,40
0.7,1500,LEFT,90,false,431408,41
-3.54,1500,DOWN,90,false,431408,42
-1.4,1500,LEFT,90,false,431408,43
-2.1,1500,LEFT,90,false,431408,44
-3.2,1000,RIGHT,90,false,431408,45
0.7,1500,DOWN,90,false,431408,46
0,1000,LEFT,90,false,431408,47
-1.4,1500,UP,90,false,431408,48
-1.4,1500,DOWN,90,false,431408,49
-3.54,1500,LEFT,90,false,431408,50
0,1500,LEFT,90,false,431408,51
3.54,1500,UP,90,false,431408,52
-3.2,1000,LEFT,90,false,431408,53
-3.54,1500,UP,90,false,431408,54
-2.1,1500,UP,90,false,431408,55
2.1,1500,LEFT,90,false,431408,56
0.7,1500,RIGHT,270,false,431408,57
0.7,1500,LEFT,270,false,431408,58
1.4,1500,LEFT,270,false,431408,59
-0.7,1500,DOWN,270,false,431408,60
0,1000,RIGHT,270,false,431408,61
3.2,1000,UP,270,false,431408,62
0,1000,RIGHT,270,false,431408,63
1.4,1500,UP,270,false,431408,64
0.7,1500,RIGHT,270,false,431408,65
0.7,1500,LEFT,270,false,431408,66
-3.2,1000,DOWN,270,false,431408,67
0,1000,DOWN,270,false,431408,68
1.4,1500,LEFT,270,false,431408,69
-0.7,1500,LEFT,270,false,431408,70
-1.6,1000,UP,270,false,431408,71
0.7,1500,DOWN,270,false,431408,72
3.54,1500,LEFT,270,false,431408,73
1.06666,1000,DOWN,270,false,431408,74
-3.2,1000,LEFT,270,false,431408,75
0,1500,LEFT,270,false,431408,76
-0.7,1500,UP,270,false,431408,77
0,1500,DOWN,270,false,431408,78
0,1500,DOWN,270,false,431408,79
-0.7,1500,UP,270,false,431408,80
-1.4,1500,DOWN,270,false,431408,81
-0.7,1500,RIGHT,270,false,431408,82
0,1000,UP,270,false,431408,83
1.06666,1000,UP,270,false,431408,84
-1.4,1500,RIGHT,90,false,431408,85
0.7,1500,RIGHT,90,false,431408,86
-1.4,1500,UP,90,false,431408,87
0,1500,LEFT,90,false,431408,88
-0.7,1500,UP,90,false,431408,89
4.8,1000,RIGHT,90,false,431408,90
1.6,1000,DOWN,90,false,431408,91
-1.6,1000,RIGHT,90,false,431408,92
0.7,1500,DOWN,90,false,431408,93
1.4,1500,LEFT,90,false,431408,94
-0.7,1500,RIGHT,90,false,431408,95
0,1000,UP,90,false,431408,96
-1.4,1500,RIGHT,90,false,431408,97
-1.06666,1000,LEFT,90,false,431408,98
3.2,1000,DOWN,90,false,431408,99
0.7,1500,UP,90,false,431408,100
1.4,1500,DOWN,90,false,431408,101
-4.8,1000,RIGHT,90,false,431408,102
1.6,1000,UP,90,false,431408,103
3.54,1500,LEFT,90,false,431408,104
-3.54,1500,RIGHT,90,false,431408,105
-1.6,1000,DOWN,90,false,431408,106
1.6,1000,DOWN,90,false,431408,107
0,1500,DOWN,90,false,431408,108
1.6,1000,UP,90,false,431408,109
2.1,1500,UP,90,false,431408,110
-1.6,1000,UP,90,false,431408,111
4.8,1000,DOWN,90,false,431408,112
-3.54,1500,LEFT,270,false,431408,113
1.6,1000,DOWN,270,false,431408,114
-1.4,1500,RIGHT,270,false,431408,115
4.8,1000,LEFT,270,false,431408,116
4.8,1000,RIGHT,270,false,431408,117
2.1,1500,UP,270,false,431408,118
-1.6,1000,LEFT,270,false,431408,119
1.4,1500,DOWN,270,false,431408,120
-3.2,1000,UP,270,false,431408,121
3.54,1500,UP,270,false,431408,122
0,1500,UP,270,false,431408,123
0,1500,RIGHT,270,false,431408,124
-0.7,1500,LEFT,270,false,431408,125
-1.06666,1000,DOWN,270,false,431408,126
3.2,1000,RIGHT,270,false,431408,127
-4.8,1000,DOWN,270,false,431408,128
-0.7,1500,UP,270,false,431408,129
-1.6,1000,DOWN,270,false,431408,130
0,1000,LEFT,270,false,431408,131
1.6,1000,LEFT,270,false,431408,132
1.4,1500,UP,270,false,431408,133
0,1500,UP,270,false,431408,134
-1.4,1500,UP,270,false,431408,135
1.6,1000,LEFT,270,false,431408,136
1.06666,1000,RIGHT,270,false,431408,137
4.8,1000,DOWN,270,false,431408,138
-1.4,1500,UP,270,false,431408,139
-0.7,1500,RIGHT,270,false,431408,140
0,1000,DOWN,90,false,431408,141
3.2,1000,UP,90,false,431408,142
0,1000,RIGHT,90,false,431408,143
-0.7,1500,RIGHT,90,false,431408,144
1.4,1500,LEFT,90,false,431408,145
0.7,1500,UP,90,false,431408,146
-0.7,1500,LEFT,90,false,431408,147
1.6,1000,LEFT,90,false,431408,148
0,1500,UP,90,false,431408,149
1.4,1500,UP,90,false,431408,150
1.06666,1000,LEFT,90,false,431408,151
-1.6,1000,UP,90,false,431408,152
0.7,1500,RIGHT,90,false,431408,153
-1.4,1500,LEFT,90,false,431408,154
-3.2,1000,UP,90,false,431408,155
1.6,1000,RIGHT,90,false,431408,156
0,1500,UP,90,false,431408,157
-0.7,1500,DOWN,90,false,431408,158
-1.6,1000,LEFT,90,false,431408,159
4.8,1000,LEFT,90,false,431408,160
-0.7,1500,RIGHT,90,false,431408,161
-0.7,1500,LEFT,90,false,431408,162
1.4,1500,DOWN,90,false,431408,163
0,1000,RIGHT,90,false,431408,164
-3.2,1000,DOWN,90,false,431408,165
3.2,1000,RIGHT,90,false,431408,166
3.2,1000,LEFT,90,false,431408,167
2.1,1500,DOWN,90,false,431408,168
2.1,1500,LEFT,270,false,431408,169
-3.54,1500,UP,270,false,431408,170
-4.8,1000,RIGHT,270,false,431408,171
-1.4,1500,DOWN,270,false,431408,172
-1.6,1000,RIGHT,270,false,431408,173
0.7,1500,DOWN,270,false,431408,174
0.7,1500,DOWN,270,false,431408,175
-0.7,1500,DOWN,270,false,431408,176
0,1000,UP,270,false,431408,177
-2.1,1500,RIGHT,270,false,431408,178
1.6,1000,RIGHT,270,false,431408,179
-1.06666,1000,UP,270,false,431408,180
1.4,1500,RIGHT,270,false,431408,181
-3.54,1500,RIGHT,270,false,431408,182
-1.6,1000,LEFT,270,false,431408,183
0.7,1500,RIGHT,270,false,431408,184
0.7,1500,LEFT,270,false,431408,185
-1.6,1000,UP,270,false,431408,186
0,1000,LEFT,270,false,431408,187
1.6,1000,UP,270,false,431408,188
-4.8,1000,LEFT,270,false,431408,189
-0.7,1500,RIGHT,270,false,431408,190
3.2,1000,LEFT,270,false,431408,191
1.6,1000,RIGHT,270,false,431408,192
0.7,1500,UP,270,false,431408,193
-3.54,1500,DOWN,270,false,431408,194
-2.1,1500,UP,270,false,431408,195
3.54,1500,DOWN,270,false,431408,196
2.1,1500,RIGHT,90,false,431408,197
-4.8,1000,UP,90,false,431408,198
-4.8,1000,DOWN,90,false,431408,199
0.7,1500,DOWN,90,false,431408,200
-1.06666,1000,RIGHT,90,false,431408,201
3.54,1500,RIGHT,90,false,431408,202
-0.7,1500,UP,90,false,431408,203
1.6,1000,RIGHT,90,false,431408,204
-1.6,1000,DOWN,90,false,431408,205
-0.7,1500,DOWN,90,false,431408,206
0.7,1500,LEFT,90,false,431408,207
1.6,1000,LEFT,90,false,431408,208
-4.8,1000,LEFT,90,false,431408,209
0.7,1500,LEFT,90,false,431408,210
-1.6,1000,LEFT,90,false,431408,211
1.4,1500,UP,90,false,431408,212
1.4,1500,RIGHT,90,false,431408,213
-1.06666,1000,UP,90,false,431408,214
1.06666,1000,UP,90,false,431408,215
-1.6,1000,RIGHT,90,false,431408,216
1.4,1500,RIGHT,90,false,431408,217
0,1000,DOWN,90,false,431408,218
0,1000,UP,90,false,431408,219
4.8,1000,UP,90,false,431408,220
-1.06666,1000,DOWN,90,false,431408,221
0.7,1500,RIGHT,90,false,431408,222
0,1500,RIGHT,90,false,431408,223
-2.1,1500,RIGHT,90,false,431408,224
2.1,1500,UP,0,true,431422,1
2.1,1500,RIGHT,0,true,431422,2
3.2,1000,UP,0,true,431422,3
-3.2,1000,DOWN,0,true,431422,4
3.2,1000,DOWN,0,true,431422,5
3.2,1000,RIGHT,0,true,431422,6
2.1,1500,DOWN,0,true,431422,7
3.2,1000,LEFT,0,true,431422,8
2.1,1500,LEFT,0,true,431422,9
-3.2,1000,LEFT,0,true,431422,10
-2.1,1500,RIGHT,0,true,431422,11
-2.1,1500,DOWN,0,true,431422,12
-2.1,1500,UP,0,true,431422,13
-3.2,1000,RIGHT,0,true,431422,14
-2.1,1500,LEFT,0,true,431422,15
-3.2,1000,UP,0,true,431422,16
1.6,1000,DOWN,270,false,431422,1
1.6,1000,RIGHT,270,false,431422,2
-0.7,1500,RIGHT,270,false,431422,3
-4.8,1000,LEFT,270,false,431422,4
0,1500,RIGHT,270,false,431422,5
1.6,1000,UP,270,false,431422,6
0,1500,UP,270,false,431422,7
-1.06666,1000,LEFT,270,false,431422,8
0,1000,LEFT,270,false,431422,9
-0.7,1500,UP,270,false,431422,10
0,1500,RIGHT,270,false,431422,11
1.4,1500,DOWN,270,false,431422,12
-1.6,1000,DOWN,270,false,431422,13
-1.4,1500,RIGHT,270,false,431422,14
-1.6,1000,DOWN,270,false,431422,15
0,1000,DOWN,270,false,431422,16
2.1,1500,RIGHT,270,false,431422,17
3.54,1500,DOWN,270,false,431422,18
-1.6,1000,RIGHT,270,false,431422,19
0.7,1500,RIGHT,270,false,431422,20
-3.54,1500,DOWN,270,false,431422,21
-2.1,1500,RIGHT,270,false,431422,22
-1.4,1500,RIGHT,270,false,431422,23
-3.2,1000,UP,270,false,431422,24
0,1500,DOWN,270,false,431422,25
0.7,1500,UP,270,false,431422,26
-3.54,1500,UP,270,false,431422,27
1.06666,1000,DOWN,270,false,431422,28
0.7,1500,UP,90,false,431422,29
1.6,1000,LEFT,90,false,431422,30
0.7,1500,UP,90,false,431422,31
0,1000,RIGHT,90,false,431422,32
-1.06666,1000,LEFT,90,false,431422,33
-3.2,1000,UP,90,false,431422,34
-1.6,1000,UP,90,false,431422,35
0,1500,DOWN,90,false,431422,36
1.6,1000,RIGHT,90,false,431422,37
1.06666,1000,UP,90,false,431422,38
1.4,1500,UP,90,false,431422,39
-2.1,1500,DOWN,90,false,431422,40
-0.7,1500,UP,90,false,431422,41
3.2,1000,LEFT,90,false,431422,42
3.2,1000,UP,90,false,431422,43
-3.2,1000,LEFT,90,false,431422,44
1.4,1500,DOWN,90,false,431422,45
0,1500,RIGHT,90,false,431422,46
1.4,1500,RIGHT,90,false,431422,47
0.7,1500,DOWN,90,false,431422,48
-4.8,1000,RIGHT,90,false,431422,49
-4.8,1000,UP,90,false,431422,50
0,1500,UP,90,false,431422,51
1.4,1500,UP,90,false,431422,52
3.54,1500,DOWN,90,false,431422,53
1.4,1500,LEFT,90,false,431422,54
-3.54,1500,LEFT,90,false,431422,55
-0.7,1500,UP,90,false,431422,56
-1.4,1500,UP,270,false,431422,57
-1.06666,1000,DOWN,270,false,431422,58
0.7,1500,UP,270,false,431422,59
0.7,1500,UP,270,false,431422,60
-0.7,1500,LEFT,270,false,431422,61
-0.7,1500,LEFT,270,false,431422,62
-1.06666,1000,RIGHT,270,false,431422,63
-3.2,1000,LEFT,270,false,431422,64
1.6,1000,UP,270,false,431422,65
0.7,1500,DOWN,270,false,431422,66
0,1000,UP,270,false,431422,67
1.4,1500,UP,270,false,431422,68
0,1500,LEFT,270,false,431422,69
-1.4,1500,LEFT,270,false,431422,70
3.2,1000,LEFT,270,false,431422,71
0,1500,LEFT,270,false,431422,72
-3.54,1500,LEFT,270,false,431422,73
1.6,1000,RIGHT,270,false,431422,74
-3.2,1000,RIGHT,270,false,431422,75
1.06666,1000,UP,270,false,431422,76
1.4,1500,UP,270,false,431422,77
-1.4,1500,DOWN,270,false,431422,78
1.06666,1000,LEFT,270,false,431422,79
-1.4,1500,LEFT,270,false,431422,80
1.06666,1000,RIGHT,270,false,431422,81
2.1,1500,LEFT,270,false,431422,82
-0.7,1500,UP,270,false,431422,83
-0.7,1500,RIGHT,270,false,431422,84
0.7,1500,DOWN,90,false,431422,85
-3.54,1500,UP,90,false,431422,86
1.6,1000,RIGHT,90,false,431422,87
0.7,1500,UP,90,false,431422,88
1.6,1000,UP,90,false,431422,89
-3.54,1500,RIGHT,90,false,431422,90
-1.4,1500,RIGHT,90,false,431422,91
-1.6,1000,RIGHT,90,false,431422,92
1.6,1000,LEFT,90,false,431422,93
0,1000,UP,90,false,431422,94
0.7,1500,LEFT,90,false,431422,95
-1.6,1000,UP,90,false,431422,96
0,1000,DOWN,90,false,431422,97
-0.7,1500,DOWN,90,false,431422,98
-1.06666,1000,RIGHT,90,false,431422,99
4.8,1000,LEFT,90,false,431422,100
3.2,1000,RIGHT,90,false,431422,101
0,1500,LEFT,90,false,431422,102
4.8,1000,DOWN,90,false,431422,103
1.4,1500,LEFT,90,false,431422,104
-0.7,1500,DOWN,90,false,431422,105
-1.6,1000,DOWN,90,false,431422,106
1.06666,1000,RIGHT,90,false,431422,107
-1.4,1500,UP,90,false,431422,108
-1.4,1500,LEFT,90,false,431422,109
2.1,1500,RIGHT,90,false,431422,110
-2.1,1500,RIGHT,90,false,431422,111
-0.7,1500,LEFT,90,false,431422,112
1.4,1500,DOWN,270,false,431422,113
2.1,1500,DOWN,270,false,431422,114
2.1,1500,UP,270,false,431422,115
-0.7,1500,DOWN,270,false,431422,116
4.8,1000,LEFT,270,false,431422,117
-1.6,1000,UP,270,false,431422,118
-2.1,1500,LEFT,270,false,431422,119
1.4,1500,LEFT,270,false,431422,120
0,1000,DOWN,270,false,431422,121
-0.7,1500,DOWN,270,false,431422,122
0,1500,DOWN,270,false,431422,123
-2.1,1500,DOWN,270,false,431422,124
3.54,1500,UP,270,false,431422,125
0.7,1500,LEFT,270,false,431422,126
1.6,1000,LEFT,270,false,431422,127
-0.7,1500,UP,270,false,431422,128
-1.4,1500,UP,270,false,431422,129
0.7,1500,DOWN,270,false,431422,130
1.4,1500,LEFT,270,false,431422,131
-1.6,1000,LEFT,270,false,431422,132
-0.7,1500,DOWN,270,false,431422,133
3.2,1000,RIGHT,270,false,431422,134
0,1500,UP,270,false,431422,135
0,1000,UP,270,false,431422,136
3.2,1000,UP,270,false,431422,137
-1.6,1000,RIGHT,270,false,431422,138
0.7,1500,DOWN,270,false,431422,139
1.4,1500,RIGHT,270,false,431422,140
-1.4,1500,DOWN,90,false,431422,141
-0.7,1500,LEFT,90,false,431422,142
0.7,1500,LEFT,90,false,431422,143
2.1,1500,UP,90,false,431422,144
-4.8,1000,DOWN,90,false,431422,145
-1.06666,1000,DOWN,90,false,431422,146
0,1500,DOWN,90,false,431422,147
3.54,1500,RIGHT,90,false,431422,148
1.6,1000,DOWN,90,false,431422,149
0.7,1500,RIGHT,90,false,431422,150
0,1000,UP,90,false,431422,151
3.54,1500,UP,90,false,431422,152
-0.7,1500,UP,90,false,431422,153
0,1500,LEFT,90,false,431422,154
0,1000,RIGHT,90,false,431422,155
1.6,1000,UP,90,false,431422,156
0,1000,LEFT,90,false,431422,157
1.4,1500,RIGHT,90,false,431422,158
-1.4,1500,UP,90,false,431422,159
2.1,1500,DOWN,90,false,431422,160
1.4,1500,DOWN,90,false,431422,161
-1.06666,1000,UP,90,false,431422,162
1.06666,1000,LEFT,90,false,431422,163
3.2,1000,DOWN,90,false,431422,164
-0.7,1500,LEFT,90,false,431422,165
0,1500,RIGHT,90,false,431422,166
-0.7,1500,RIGHT,90,false,431422,167
3.54,1500,LEFT,90,false,431422,168
1.6,1000,LEFT,270,false,431422,169
-1.06666,1000,UP,270,false,431422,170
0,1000,RIGHT,270,false,431422,171
-4.8,1000,UP,270,false,431422,172
-1.4,1500,DOWN,270,false,431422,173
1.4,1500,RIGHT,270,false,431422,174
0.7,1500,RIGHT,270,false,431422,175
-0.7,1500,RIGHT,270,false,431422,176
0,1000,LEFT,270,false,431422,177
-3.2,1000,DOWN,270,false,431422,178
-1.6,1000,UP,270,false,431422,179
-2.1,1500,UP,270,false,431422,180
-4.8,1000,RIGHT,270,false,431422,181
-3.54,1500,RIGHT,270,false,431422,182
-1.6,1000,LEFT,270,false,431422,183
4.8,1000,RIGHT,270,false,431422,184
0,1000,RIGHT,270,false,431422,185
-4.8,1000,DOWN,270,false,431422,186
-0.7,1500,LEFT,270,false,431422,187
4.8,1000,UP,270,false,431422,188
0.7,1500,RIGHT,270,false,431422,189
1.6,1000,DOWN,270,false,431422,190
0.7,1500,LEFT,270,false,431422,191
3.2,1000,DOWN,270,false,431422,192
0.7,1500,LEFT,270,false,431422,193
3.54,1500,LEFT,270,false,431422,194
4.8,1000,DOWN,270,false,431422,195
3.54,1500,RIGHT,270,false,431422,196
-3.54,1500,DOWN,90,false,431422,197
-0.7,1500,RIGHT,90,false,431422,198
-1.6,1000,RIGHT,90,false,431422,199
0.7,1500,DOWN,90,false,431422,200
-0.7,1500,DOWN,90,false,431422,201
4.8,1000,UP,90,false,431422,202
0,1500,UP,90,false,431422,203
0.7,1500,RIGHT,90,false,431422,204
-1.4,1500,DOWN,90,false,431422,205
1.06666,1000,DOWN,90,false,431422,206
0,1000,DOWN,90,false,431422,207
-4.8,1000,LEFT,90,false,431422,208
-0.7,1500,RIGHT,90,false,431422,209
0,1000,LEFT,90,false,431422,210
-2.1,1500,LEFT,90,false,431422,211
-1.4,1500,RIGHT,90,false,431422,212
-1.6,1000,LEFT,90,false,431422,213
4.8,1000,RIGHT,90,false,431422,214
-3.2,1000,DOWN,90,false,431422,215
-2.1,1500,UP,90,false,431422,216
-1.6,1000,DOWN,90,false,431422,217
0.7,1500,RIGHT,90,false,431422,218
-1.4,1500,LEFT,90,false,431422,219
2.1,1500,LEFT,90,false,431422,220
-1.6,1000,LEFT,90,false,431422,221
-3.2,1000,RIGHT,90,false,431422,222
0.7,1500,LEFT,90,false,431422,223
1.6,1000,DOWN,90,false,431422,224
-3.2,1000,RIGHT,0,true,431414,1
3.2,1000,RIGHT,0,true,431414,2
-2.1,1500,UP,0,true,431414,3
2.1,1500,LEFT,0,true,431414,4
3.2,1000,UP,0,true,431414,5
2.1,1500,DOWN,0,true,431414,6
3.2,1000,LEFT,0,true,431414,7
-3.2,1000,UP,0,true,431414,8
2.1,1500,RIGHT,0,true,431414,9
2.1,1500,UP,0,true,431414,10
-2.1,1500,RIGHT,0,true,431414,11
-3.2,1000,LEFT,0,true,431414,12
-3.2,1000,DOWN,0,true,431414,13
-2.1,1500,DOWN,0,true,431414,14
-2.1,1500,LEFT,0,true,431414,15
3.2,1000,DOWN,0,true,431414,16
0,1000,RIGHT,270,false,431414,1
0,1000,LEFT,270,false,431414,2
-3.2,1000,DOWN,270,false,431414,3
1.4,1500,LEFT,270,false,431414,4
1.6,1000,DOWN,270,false,431414,5
-1.06666,1000,RIGHT,270,false,431414,6
-3.2,1000,UP,270,false,431414,7
-0.7,1500,RIGHT,270,false,431414,8
0.7,1500,LEFT,270,false,431414,9
-1.6,1000,RIGHT,270,false,431414,10
-4.8,1000,DOWN,270,false,431414,11
3.54,1500,RIGHT,270,false,431414,12
-1.6,1000,RIGHT,270,false,431414,13
-1.06666,1000,UP,270,false,431414,14
-1.6,1000,DOWN,270,false,431414,15
1.06666,1000,LEFT,270,false,431414,16
0,1500,DOWN,270,false,431414,17
-2.1,1500,DOWN,270,false,431414,18
-0.7,1500,RIGHT,270,false,431414,19
1.6,1000,DOWN,270,false,431414,20
1.4,1500,RIGHT,270,false,431414,21
0,1000,UP,270,false,431414,22
0.7,1500,LEFT,270,false,431414,23
1.4,1500,UP,270,false,431414,24
-1.06666,1000,DOWN,270,false,431414,25
0,1000,DOWN,270,false,431414,26
-0.7,1500,DOWN,270,false,431414,27
0.7,1500,LEFT,270,false,431414,28
-1.4,1500,LEFT,90,false,431414,29
0.7,1500,UP,90,false,431414,30
-2.1,1500,RIGHT,90,false,431414,31
2.1,1500,RIGHT,90,false,431414,32
-1.6,1000,LEFT,90,false,431414,33
1.06666,1000,UP,90,false,431414,34
0,1500,DOWN,90,false,431414,35
-1.06666,1000,LEFT,90,false,431414,36
0,1500,RIGHT,90,false,431414,37
3.54,1500,UP,90,false,431414,38
-2.1,1500,DOWN,90,false,431414,39
1.4,1500,LEFT,90,false,431414,40
0.7,1500,UP,90,false,431414,41
-3.2,1000,RIGHT,90,false,431414,42
-1.4,1500,DOWN,90,false,431414,43
-1.06666,1000,DOWN,90,false,431414,44
0.7,1500,DOWN,90,false,431414,45
4.8,1000,LEFT,90,false,431414,46
2.1,1500,UP,90,false,431414,47
-2.1,1500,UP,90,false,431414,48
-0.7,1500,RIGHT,90,false,431414,49
0,1500,RIGHT,90,false,431414,50
-0.7,1500,UP,90,false,431414,51
-3.2,1000,DOWN,90,false,431414,52
1.4,1500,DOWN,90,false,431414,53
0,1000,RIGHT,90,false,431414,54
0.7,1500,DOWN,90,false,431414,55
-3.54,1500,DOWN,90,false,431414,56
1.6,1000,RIGHT,270,false,431414,57
3.54,1500,UP,270,false,431414,58
1.4,1500,DOWN,270,false,431414,59
1.06666,1000,UP,270,false,431414,60
-1.4,1500,LEFT,270,false,431414,61
-1.4,1500,RIGHT,270,false,431414,62
-0.7,1500,RIGHT,270,false,431414,63
3.2,1000,RIGHT,270,false,431414,64
-4.8,1000,RIGHT,270,false,431414,65
2.1,1500,LEFT,270,false,431414,66
-4.8,1000,LEFT,270,false,431414,67
-3.54,1500,RIGHT,270,false,431414,68
0.7,1500,RIGHT,270,false,431414,69
-1.6,1000,LEFT,270,false,431414,70
0,1500,LEFT,270,false,431414,71
-1.4,1500,UP,270,false,431414,72
-1.6,1000,UP,270,false,431414,73
0.7,1500,RIGHT,270,false,431414,74
0.7,1500,UP,270,false,431414,75
0,1000,LEFT,270,false,431414,76
0.7,1500,DOWN,270,false,431414,77
-1.4,1500,UP,270,false,431414,78
3.2,1000,DOWN,270,false,431414,79
-3.54,1500,LEFT,270,false,431414,80
-4.8,1000,UP,270,false,431414,81
-1.4,1500,LEFT,270,false,431414,82
0.7,1500,RIGHT,270,false,431414,83
-0.7,1500,UP,270,false,431414,84
3.2,1000,UP,90,false,431414,85
0.7,1500,LEFT,90,false,431414,86
1.06666,1000,DOWN,90,false,431414,87
0.7,1500,DOWN,90,false,431414,88
0.7,1500,RIGHT,90,false,431414,89
-1.6,1000,UP,90,false,431414,90
-1.6,1000,DOWN,90,false,431414,91
1.6,1000,UP,90,false,431414,92
-3.2,1000,UP,90,false,431414,93
-1.6,1000,RIGHT,90,false,431414,94
-0.7,1500,DOWN,90,false,431414,95
4.8,1000,UP,90,false,431414,96
0,1000,LEFT,90,false,431414,97
2.1,1500,LEFT,90,false,431414,98
1.4,1500,UP,90,false,431414,99
-4.8,1000,DOWN,90,false,431414,100
3.2,1000,RIGHT,90,false,431414,101
-1.4,1500,LEFT,90,false,431414,102
0.7,1500,UP,90,false,431414,103
0,1000,LEFT,90,false,431414,104
-1.6,1000,UP,90,false,431414,105
-1.06666,1000,RIGHT,90,false,431414,106
-3.54,1500,UP,90,false,431414,107
-0.7,1500,RIGHT,90,false,431414,108
-1.4,1500,UP,90,false,431414,109
-3.54,1500,RIGHT,90,false,431414,110
0,1000,UP,90,false,431414,111
4.8,1000,DOWN,90,false,431414,112
4.8,1000,DOWN,270,false,431414,113
3.54,1500,LEFT,270,false,431414,114
1.6,1000,RIGHT,270,false,431414,115
1.06666,1000,RIGHT,270,false,431414,116
1.4,1500,RIGHT,270,false,431414,117
-2.1,1500,LEFT,270,false,431414,118
-1.4,1500,RIGHT,270,false,431414,119
-0.7,1500,DOWN,270,false,431414,120
1.6,1000,UP,270,false,431414,121
-1.6,1000,UP,270,false,431414,122
1.6,1000,LEFT,270,false,431414,123
2.1,1500,RIGHT,270,false,431414,124
2.1,1500,DOWN,270,false,431414,125
1.6,1000,UP,270,false,431414,126
-1.4,1500,DOWN,270,false,431414,127
-0.7,1500,UP,270,false,431414,128
-0.7,1500,LEFT,270,false,431414,129
-0.7,1500,UP,270,false,431414,130
-3.54,1500,DOWN,270,false,431414,131
0.7,1500,UP,270,false,431414,132
3.2,1000,LEFT,270,false,431414,133
3.54,1500,DOWN,270,false,431414,134
-1.4,1500,DOWN,270,false,431414,135
3.2,1000,UP,270,false,431414,136
2.1,1500,UP,270,false,431414,137
1.4,1500,LEFT,270,false,431414,138
1.4,1500,UP,270,false,431414,139
0,1500,UP,270,false,431414,140
-0.7,1500,RIGHT,90,false,431414,141
1.6,1000,RIGHT,90,false,431414,142
4.8,1000,RIGHT,90,false,431414,143
0,1000,RIGHT,90,false,431414,144
-1.4,1500,UP,90,false,431414,145
-0.7,1500,DOWN,90,false,431414,146
0,1500,LEFT,90,false,431414,147
1.6,1000,LEFT,90,false,431414,148
-1.6,1000,LEFT,90,false,431414,149
3.2,1000,DOWN,90,false,431414,150
0.7,1500,RIGHT,90,false,431414,151
1.06666,1000,RIGHT,90,false,431414,152
-3.54,1500,LEFT,90,false,431414,153
-0.7,1500,LEFT,90,false,431414,154
-3.2,1000,LEFT,90,false,431414,155
0.7,1500,LEFT,90,false,431414,156
0,1500,UP,90,false,431414,157
0,1000,UP,90,false,431414,158
1.4,1500,UP,90,false,431414,159
-0.7,1500,LEFT,90,false,431414,160
-0.7,1500,DOWN,90,false,431414,161
1.06666,1000,LEFT,90,false,431414,162
1.6,1000,DOWN,90,false,431414,163
-4.8,1000,RIGHT,90,false,431414,164
1.4,1500,LEFT,90,false,431414,165
-1.4,1500,DOWN,90,false,431414,166
-1.6,1000,RIGHT,90,false,431414,167
-2.1,1500,LEFT,90,false,431414,168
-1.06666,1000,LEFT,270,false,431414,169
0.7,1500,DOWN,270,false,431414,170
4.8,1000,RIGHT,270,false,431414,171
1.6,1000,LEFT,270,false,431414,172
-0.7,1500,LEFT,270,false,431414,173
0,1500,RIGHT,270,false,431414,174
-2.1,1500,RIGHT,270,false,431414,175
-1.6,1000,LEFT,270,false,431414,176
-3.2,1000,LEFT,270,false,431414,177
0,1500,RIGHT,270,false,431414,178
0,1500,UP,270,false,431414,179
1.06666,1000,DOWN,270,false,431414,180
0.7,1500,UP,270,false,431414,181
-2.1,1500,UP,270,false,431414,182
4.8,1000,LEFT,270,false,431414,183
1.4,1500,DOWN,270,false,431414,184
-3.2,1000,RIGHT,270,false,431414,185
0,1500,DOWN,270,false,431414,186
-3.54,1500,UP,270,false,431414,187
0,1000,DOWN,270,false,431414,188
0.7,1500,DOWN,270,false,431414,189
-0.7,1500,LEFT,270,false,431414,190
0,1000,UP,270,false,431414,191
0,1000,RIGHT,270,false,431414,192
0,1500,LEFT,270,false,431414,193
4.8,1000,UP,270,false,431414,194
-1.6,1000,DOWN,270,false,431414,195
-0.7,1500,DOWN,270,false,431414,196
-0.7,1500,LEFT,90,false,431414,197
0.7,1500,LEFT,90,false,431414,198
1.6,1000,UP,90,false,431414,199
-1.4,1500,RIGHT,90,false,431414,200
1.4,1500,RIGHT,90,false,431414,201
0,1500,DOWN,90,false,431414,202
0,1000,DOWN,90,false,431414,203
1.6,1000,LEFT,90,false,431414,204
-0.7,1500,UP,90,false,431414,205
-1.06666,1000,UP,90,false,431414,206
0.7,1500,RIGHT,90,false,431414,207
-4.8,1000,UP,90,false,431414,208
1.6,1000,RIGHT,90,false,431414,209
0,1500,LEFT,90,false,431414,210
3.54,1500,DOWN,90,false,431414,211
0,1000,DOWN,90,false,431414,212
3.54,1500,RIGHT,90,false,431414,213
-1.6,1000,DOWN,90,false,431414,214
1.4,1500,RIGHT,90,false,431414,215
3.2,1000,LEFT,90,false,431414,216
3.54,1500,LEFT,90,false,431414,217
-1.4,1500,RIGHT,90,false,431414,218
-4.8,1000,LEFT,90,false,431414,219
-0.7,1500,UP,90,false,431414,220
2.1,1500,DOWN,90,false,431414,221
1.6,1000,DOWN,90,false,431414,222
1.4,1500,DOWN,90,false,431414,223
0,1500,UP,90,false,431414,224
-2.1,1500,LEFT,0,true,431423,1
2.1,1500,RIGHT,0,true,431423,2
-3.2,1000,RIGHT,0,true,431423,3
-3.2,1000,DOWN,0,true,431423,4
3.2,1000,UP,0,true,431423,5
3.2,1000,DOWN,0,true,431423,6
3.2,1000,LEFT,0,true,431423,7
2.1,1500,UP,0,true,431423,8
-3.2,1000,UP,0,true,431423,9
3.2,1000,RIGHT,0,true,431423,10
-2.1,1500,UP,0,true,431423,11
-3.2,1000,LEFT,0,true,431423,12
-2.1,1500,DOWN,0,true,431423,13
2.1,1500,DOWN,0,true,431423,14
-2.1,1500,RIGHT,0,true,431423,15
2.1,1500,LEFT,0,true,431423,16
4.8,1000,UP,90,false,431423,1
-1.6,1000,RIGHT,90,false,431423,2
2.1,1500,DOWN,90,false,431423,3
-0.7,1500,UP,90,false,431423,4
2.1,1500,RIGHT,90,false,431423,5
1.6,1000,UP,90,false,431423,6
0.7,1500,DOWN,90,false,431423,7
1.6,1000,LEFT,90,false,431423,8
0.7,1500,LEFT,90,false,431423,9
3.2,1000,LEFT,90,false,431423,10
-0.7,1500,RIGHT,90,false,431423,11
1.06666,1000,RIGHT,90,false,431423,12
0,1500,LEFT,90,false,431423,13
1.06666,1000,DOWN,90,false,431423,14
-1.6,1000,UP,90,false,431423,15
-3.2,1000,RIGHT,90,false,431423,16
-0.7,1500,RIGHT,90,false,431423,17
-0.7,1500,DOWN,90,false,431423,18
-0.7,1500,LEFT,90,false,431423,19
-1.06666,1000,UP,90,false,431423,20
-1.4,1500,UP,90,false,431423,21
3.2,1000,RIGHT,90,false,431423,22
-1.6,1000,UP,90,false,431423,23
-3.2,1000,UP,90,false,431423,24
0.7,1500,RIGHT,90,false,431423,25
0.7,1500,RIGHT,90,false,431423,26
1.4,1500,RIGHT,90,false,431423,27
4.8,1000,LEFT,90,false,431423,28
0,1000,RIGHT,270,false,431423,29
-0.7,1500,RIGHT,270,false,431423,30
-1.06666,1000,DOWN,270,false,431423,31
4.8,1000,UP,270,false,431423,32
0.7,1500,LEFT,270,false,431423,33
-0.7,1500,LEFT,270,false,431423,34
0,1500,DOWN,270,false,431423,35
0.7,1500,RIGHT,270,false,431423,36
-1.6,1000,LEFT,270,false,431423,37
-0.7,1500,LEFT,270,false,431423,38
-4.8,1000,RIGHT,270,false,431423,39
1.06666,1000,DOWN,270,false,431423,40
-1.6,1000,LEFT,270,false,431423,41
3.54,1500,LEFT,270,false,431423,42
3.54,1500,UP,270,false,431423,43
0,1500,RIGHT,270,false,431423,44
4.8,1000,DOWN,270,false,431423,45
0,1500,UP,270,false,431423,46
-3.54,1500,RIGHT,270,false,431423,47
-1.6,1000,UP,270,false,431423,48
-1.06666,1000,LEFT,270,false,431423,49
0,1000,UP,270,false,431423,50
0,1000,LEFT,270,false,431423,51
0.7,1500,UP,270,false,431423,52
-1.4,1500,LEFT,270,false,431423,53
-3.2,1000,DOWN,270,false,431423,54
0,1500,UP,270,false,431423,55
-0.7,1500,LEFT,270,false,431423,56
-1.06666,1000,DOWN,90,false,431423,57
1.4,1500,RIGHT,90,false,431423,58
-1.4,1500,DOWN,90,false,431423,59
1.6,1000,DOWN,90,false,431423,60
1.6,1000,RIGHT,90,false,431423,61
3.2,1000,UP,90,false,431423,62
3.2,1000,DOWN,90,false,431423,63
0,1500,DOWN,90,false,431423,64
-0.7,1500,UP,90,false,431423,65
-4.8,1000,LEFT,90,false,431423,66
-2.1,1500,DOWN,90,false,431423,67
0,1000,DOWN,90,false,431423,68
1.6,1000,LEFT,90,false,431423,69
-0.7,1500,UP,90,false,431423,70
-1.4,1500,UP,90,false,431423,71
1.06666,1000,LEFT,90,false,431423,72
0,1000,RIGHT,90,false,431423,73
4.8,1000,DOWN,90,false,431423,74
-4.8,1000,RIGHT,90,false,431423,75
3.54,1500,RIGHT,90,false,431423,76
4.8,1000,RIGHT,90,false,431423,77
3.54,1500,UP,90,false,431423,78
-2.1,1500,LEFT,90,false,431423,79
0,1500,UP,90,false,431423,80
0.7,1500,LEFT,90,false,431423,81
-2.1,1500,UP,90,false,431423,82
0,1500,RIGHT,90,false,431423,83
1.4,1500,UP,90,false,431423,84
1.6,1000,LEFT,270,false,431423,85
0,1000,RIGHT,270,false,431423,86
0.7,1500,UP,270,false,431423,87
-1.4,1500,UP,270,false,431423,88
1.6,1000,DOWN,270,false,431423,89
-1.4,1500,LEFT,270,false,431423,90
0.7,1500,DOWN,270,false,431423,91
1.06666,1000,LEFT,270,false,431423,92
-0.7,1500,RIGHT,270,false,431423,93
3.2,1000,LEFT,270,false,431423,94
3.54,1500,DOWN,270,false,431423,95
1.6,1000,LEFT,270,false,431423,96
1.4,1500,LEFT,270,false,431423,97
1.4,1500,DOWN,270,false,431423,98
0,1000,DOWN,270,false,431423,99
0,1500,LEFT,270,false,431423,100
1.6,1000,DOWN,270,false,431423,101
-1.06666,1000,RIGHT,270,false,431423,102
1.06666,1000,RIGHT,270,false,431423,103
0,1500,RIGHT,270,false,431423,104
-0.7,1500,DOWN,270,false,431423,105
0,1000,LEFT,270,false,431423,106
-3.54,1500,LEFT,270,false,431423,107
-3.2,1000,RIGHT,270,false,431423,108
3.54,1500,RIGHT,270,false,431423,109
-1.4,1500,DOWN,270,false,431423,110
-4.8,1000,UP,270,false,431423,111
1.6,1000,RIGHT,270,false,431423,112
0,1500,DOWN,90,false,431423,113
0,1000,UP,90,false,431423,114
-1.4,1500,LEFT,90,false,431423,115
0.7,1500,UP,90,false,431423,116
3.54,1500,DOWN,90,false,431423,117
1.6,1000,DOWN,90,false,431423,118
-3.54,1500,DOWN,90,false,431423,119
0,1000,RIGHT,90,false,431423,120
-3.2,1000,DOWN,90,false,431423,121
-3.2,1000,LEFT,90,false,431423,122
1.4,1500,DOWN,90,false,431423,123
2.1,1500,UP,90,false,431423,124
-0.7,1500,LEFT,90,false,431423,125
-3.54,1500,LEFT,90,false,431423,126
-1.06666,1000,LEFT,90,false,431423,127
0,1000,DOWN,90,false,431423,128
-3.54,1500,RIGHT,90,false,431423,129
0,1500,LEFT,90,false,431423,130
-1.6,1000,RIGHT,90,false,431423,131
-0.7,1500,DOWN,90,false,431423,132
0.7,1500,UP,90,false,431423,133
1.06666,1000,UP,90,false,431423,134
1.6,1000,RIGHT,90,false,431423,135
1.4,1500,UP,90,false,431423,136
0.7,1500,LEFT,90,false,431423,137
-4.8,1000,DOWN,90,false,431423,138
1.4,1500,LEFT,90,false,431423,139
-1.4,1500,LEFT,90,false,431423,140
-1.6,1000,RIGHT,270,false,431423,141
0.7,1500,DOWN,270,false,431423,142
-2.1,1500,DOWN,270,false,431423,143
2.1,1500,UP,270,false,431423,144
-0.7,1500,DOWN,270,false,431423,145
-1.4,1500,DOWN,270,false,431423,146
1.4,1500,UP,270,false,431423,147
0,1500,LEFT,270,false,431423,148
-0.7,1500,UP,270,false,431423,149
1.6,1000,RIGHT,270,false,431423,150
1.06666,1000,UP,270,false,431423,151
-2.1,1500,LEFT,270,false,431423,152
1.4,1500,RIGHT,270,false,431423,153
-0.7,1500,UP,270,false,431423,154
1.4,1500,RIGHT,270,false,431423,155
2.1,1500,RIGHT,270,false,431423,156
-3.2,1000,LEFT,270,false,431423,157
0.7,1500,DOWN,270,false,431423,158
-1.6,1000,RIGHT,270,false,431423,159
0.7,1500,UP,270,false,431423,160
3.2,1000,RIGHT,270,false,431423,161
-1.6,1000,UP,270,false,431423,162
1.6,1000,UP,270,false,431423,163
1.4,1500,LEFT,270,false,431423,164
0,1000,DOWN,270,false,431423,165
0.7,1500,LEFT,270,false,431423,166
-4.8,1000,LEFT,270,false,431423,167
-0.7,1500,DOWN,270,false,431423,168
-0.7,1500,LEFT,90,false,431423,169
0.7,1500,DOWN,90,false,431423,170
0.7,1500,DOWN,90,false,431423,171
-1.06666,1000,RIGHT,90,false,431423,172
0,1500,RIGHT,90,false,431423,173
1.4,1500,DOWN,90,false,431423,174
0,1000,LEFT,90,false,431423,175
0,1500,UP,90,false,431423,176
1.4,1500,LEFT,90,false,431423,177
-1.6,1000,LEFT,90,false,431423,178
0.7,1500,UP,90,false,431423,179
-0.7,1500,RIGHT,90,false,431423,180
-1.6,1000,LEFT,90,false,431423,181
-1.6,1000,DOWN,90,false,431423,182
-0.7,1500,DOWN,90,false,431423,183
-1.6,1000,DOWN,90,false,431423,184
0.7,1500,RIGHT,90,false,431423,185
0,1000,UP,90,false,431423,186
0,1000,LEFT,90,false,431423,187
3.54,1500,LEFT,90,false,431423,188
-1.4,1500,RIGHT,90,false,431423,189
-4.8,1000,UP,90,false,431423,190
-3.54,1500,UP,90,false,431423,191
-2.1,1500,RIGHT,90,false,431423,192
1.6,1000,UP,90,false,431423,193
2.1,1500,LEFT,90,false,431423,194
-1.4,1500,RIGHT,90,false,431423,195
-1.4,1500,DOWN,90,false,431423,196
2.1,1500,DOWN,270,false,431423,197
-3.54,1500,DOWN,270,false,431423,198
4.8,1000,RIGHT,270,false,431423,199
0,1500,DOWN,270,false,431423,200
3.2,1000,UP,270,false,431423,201
1.4,1500,DOWN,270,false,431423,202
4.8,1000,LEFT,270,false,431423,203
0.7,1500,RIGHT,270,false,431423,204
0.7,1500,RIGHT,270,false,431423,205
-1.6,1000,DOWN,270,false,431423,206
1.4,1500,UP,270,false,431423,207
1.6,1000,UP,270,false,431423,208
-0.7,1500,UP,270,false,431423,209
-2.1,1500,UP,270,false,431423,210
-4.8,1000,DOWN,270,false,431423,211
-1.6,1000,DOWN,270,false,431423,212
-3.54,1500,UP,270,false,431423,213
3.2,1000,DOWN,270,false,431423,214
0,1000,UP,270,false,431423,215
-3.2,1000,UP,270,false,431423,216
0.7,1500,LEFT,270,false,431423,217
-1.4,1500,RIGHT,270,false,431423,218
-1.06666,1000,UP,270,false,431423,219
-1.4,1500,UP,270,false,431423,220
-0.7,1500,RIGHT,270,false,431423,221
-1.4,1500,RIGHT,270,false,431423,222
-2.1,1500,RIGHT,270,false,431423,223
2.1,1500,LEFT,270,false,431423,224
2.1,1500,UP,0,true,431420,1
3.2,1000,LEFT,0,true,431420,2
2.1,1500,DOWN,0,true,431420,3
-3.2,1000,RIGHT,0,true,431420,4
-2.1,1500,DOWN,0,true,431420,5
2.1,1500,RIGHT,0,true,431420,6
-2.1,1500,UP,0,true,431420,7
-2.1,1500,RIGHT,0,true,431420,8
-3.2,1000,LEFT,0,true,431420,9
-2.1,1500,LEFT,0,true,431420,10
3.2,1000,DOWN,0,true,431420,11
-3.2,1000,UP,0,true,431420,12
2.1,1500,LEFT,0,true,431420,13
3.2,1000,UP,0,true,431420,14
3.2,1000,RIGHT,0,true,431420,15
-3.2,1000,DOWN,0,true,431420,16
-1.6,1000,DOWN,90,false,431420,1
1.4,1500,RIGHT,90,false,431420,2
0.7,1500,RIGHT,90,false,431420,3
-4.8,1000,LEFT,90,false,431420,4
-3.54,1500,DOWN,90,false,431420,5
0.7,1500,DOWN,90,false,431420,6
-1.6,1000,LEFT,90,false,431420,7
0,1500,LEFT,90,false,431420,8
0,1000,LEFT,90,false,431420,9
-4.8,1000,DOWN,90,false,431420,10
-1.6,1000,RIGHT,90,false,431420,11
-3.54,1500,UP,90,false,431420,12
-0.7,1500,RIGHT,90,false,431420,13
3.54,1500,DOWN,90,false,431420,14
-0.7,1500,UP,90,false,431420,15
0,1500,RIGHT,90,false,431420,16
1.06666,1000,DOWN,90,false,431420,17
-1.6,1000,DOWN,90,false,431420,18
-1.6,1000,LEFT,90,false,431420,19
-1.6,1000,RIGHT,90,false,431420,20
0,1500,UP,90,false,431420,21
-1.06666,1000,UP,90,false,431420,22
3.54,1500,RIGHT,90,false,431420,23
0.7,1500,UP,90,false,431420,24
1.6,1000,RIGHT,90,false,431420,25
0,1500,DOWN,90,false,431420,26
-1.4,1500,LEFT,90,false,431420,27
4.8,1000,RIGHT,90,false,431420,28
1.06666,1000,DOWN,270,false,431420,29
-3.2,1000,LEFT,270,false,431420,30
4.8,1000,UP,270,false,431420,31
2.1,1500,RIGHT,270,false,431420,32
-3.54,1500,DOWN,270,false,431420,33
-1.4,1500,DOWN,270,false,431420,34
0,1500,LEFT,270,false,431420,35
1.6,1000,UP,270,false,431420,36
0,1500,UP,270,false,431420,37
0.7,1500,DOWN,270,false,431420,38
0,1000,UP,270,false,431420,39
0,1000,RIGHT,270,false,431420,40
-1.4,1500,UP,270,false,431420,41
0.7,1500,RIGHT,270,false,431420,42
1.6,1000,DOWN,270,false,431420,43
3.54,1500,LEFT,270,false,431420,44
-1.06666,1000,DOWN,270,false,431420,45
2.1,1500,DOWN,270,false,431420,46
4.8,1000,LEFT,270,false,431420,47
-1.6,1000,RIGHT,270,false,431420,48
0,1500,RIGHT,270,false,431420,49
-0.7,1500,DOWN,270,false,431420,50
1.6,1000,LEFT,270,false,431420,51
0.7,1500,RIGHT,270,false,431420,52
1.6,1000,RIGHT,270,false,431420,53
-1.4,1500,RIGHT,270,false,431420,54
-0.7,1500,UP,270,false,431420,55
-3.54,1500,RIGHT,270,false,431420,56
0,1500,DOWN,90,false,431420,57
-1.4,1500,DOWN,90,false,431420,58
1.06666,1000,UP,90,false,431420,59
0,1500,UP,90,false,431420,60
2.1,1500,DOWN,90,false,431420,61
-0.7,1500,RIGHT,90,false,431420,62
1.4,1500,LEFT,90,false,431420,63
1.6,1000,UP,90,false,431420,64
-2.1,1500,LEFT,90,false,431420,65
1.4,1500,LEFT,90,false,431420,66
0.7,1500,DOWN,90,false,431420,67
-3.2,1000,LEFT,90,false,431420,68
-1.4,1500,UP,90,false,431420,69
-0.7,1500,RIGHT,90,false,431420,70
0.7,1500,LEFT,90,false,431420,71
3.2,1000,UP,90,false,431420,72
1.4,1500,DOWN,90,false,431420,73
0,1000,LEFT,90,false,431420,74
1.6,1000,LEFT,90,false,431420,75
-0.7,1500,UP,90,false,431420,76
0,1000,RIGHT,90,false,431420,77
-3.2,1000,UP,90,false,431420,78
-3.2,1000,RIGHT,90,false,431420,79
-3.54,1500,RIGHT,90,false,431420,80
4.8,1000,LEFT,90,false,431420,81
1.6,1000,LEFT,90,false,431420,82
-1.4,1500,LEFT,90,false,431420,83
-0.7,1500,LEFT,90,false,431420,84
1.06666,1000,RIGHT,270,false,431420,85
1.4,1500,UP,270,false,431420,86
-3.54,1500,UP,270,false,431420,87
-1.06666,1000,UP,270,false,431420,88
-0.7,1500,LEFT,270,false,431420,89
3.54,1500,UP,270,false,431420,90
3.54,1500,RIGHT,270,false,431420,91
-0.7,1500,RIGHT,270,false,431420,92
-1.06666,1000,LEFT,270,false,431420,93
0.7,1500,DOWN,270,false,431420,94
0,1500,RIGHT,270,false,431420,95
-0.7,1500,RIGHT,270,false,431420,96
0,1000,LEFT,270,false,431420,97
1.4,1500,LEFT,270,false,431420,98
-3.2,1000,RIGHT,270,false,431420,99
1.6,1000,UP,270,false,431420,100
0,1000,DOWN,270,false,431420,101
4.8,1000,DOWN,270,false,431420,102
0,1000,DOWN,270,false,431420,103
1.4,1500,UP,270,false,431420,104
3.2,1000,LEFT,270,false,431420,105
0,1500,DOWN,270,false,431420,106
1.06666,1000,LEFT,270,false,431420,107
-1.4,1500,DOWN,270,false,431420,108
-1.6,1000,LEFT,270,false,431420,109
-1.4,1500,RIGHT,270,false,431420,110
4.8,1000,RIGHT,270,false,431420,111
0,1000,UP,270,false,431420,112
3.54,1500,LEFT,90,false,431420,113
1.4,1500,UP,90,false,431420,114
-0.7,1500,LEFT,90,false,431420,115
0.7,1500,RIGHT,90,false,431420,116
0.7,1500,LEFT,90,false,431420,117
1.4,1500,DOWN,90,false,431420,118
-1.06666,1000,DOWN,90,false,431420,119
0,1000,DOWN,90,false,431420,120
0.7,1500,LEFT,90,false,431420,121
1.6,1000,DOWN,90,false,431420,122
0.7,1500,DOWN,90,false,431420,123
-2.1,1500,DOWN,90,false,431420,124
-3.2,1000,DOWN,90,false,431420,125
0,1500,LEFT,90,false,431420,126
-0.7,1500,DOWN,90,false,431420,127
-1.4,1500,DOWN,90,false,431420,128
3.2,1000,DOWN,90,false,431420,129
1.6,1000,UP,90,false,431420,130
0,1000,UP,90,false,431420,131
3.54,1500,UP,90,false,431420,132
1.4,1500,RIGHT,90,false,431420,133
-2.1,1500,RIGHT,90,false,431420,134
0,1500,RIGHT,90,false,431420,135
-4.8,1000,UP,90,false,431420,136
-1.4,1500,RIGHT,90,false,431420,137
1.6,1000,RIGHT,90,false,431420,138
-1.6,1000,UP,90,false,431420,139
4.8,1000,DOWN,90,false,431420,140
1.6,1000,DOWN,270,false,431420,141
1.4,1500,LEFT,270,false,431420,142
0.7,1500,LEFT,270,false,431420,143
-1.4,1500,LEFT,270,false,431420,144
0.7,1500,LEFT,270,false,431420,145
0,1000,LEFT,270,false,431420,146
-2.1,1500,DOWN,270,false,431420,147
-0.7,1500,UP,270,false,431420,148
-4.8,1000,RIGHT,270,false,431420,149
2.1,1500,LEFT,270,false,431420,150
-1.4,1500,UP,270,false,431420,151
-0.7,1500,UP,270,false,431420,152
1.6,1000,LEFT,270,false,431420,153
-0.7,1500,LEFT,270,false,431420,154
-1.6,1000,UP,270,false,431420,155
-1.6,1000,DOWN,270,false,431420,156
-3.2,1000,DOWN,270,false,431420,157
1.4,1500,DOWN,270,false,431420,158
-1.6,1000,RIGHT,270,false,431420,159
-1.6,1000,LEFT,270,false,431420,160
-1.4,1500,LEFT,270,false,431420,161
3.54,1500,DOWN,270,false,431420,162
0.7,1500,RIGHT,270,false,431420,163
-4.8,1000,LEFT,270,false,431420,164
0,1500,UP,270,false,431420,165
0,1500,DOWN,270,false,431420,166
0.7,1500,DOWN,270,false,431420,167
0,1000,RIGHT,270,false,431420,168
1.4,1500,UP,90,false,431420,169
0.7,1500,UP,90,false,431420,170
-1.06666,1000,LEFT,90,false,431420,171
4.8,1000,UP,90,false,431420,172
-0.7,1500,DOWN,90,false,431420,173
3.2,1000,LEFT,90,false,431420,174
-3.54,1500,LEFT,90,false,431420,175
-1.4,1500,UP,90,false,431420,176
1.6,1000,DOWN,90,false,431420,177
0,1000,DOWN,90,false,431420,178
-0.7,1500,DOWN,90,false,431420,179
-0.7,1500,UP,90,false,431420,180
0.7,1500,UP,90,false,431420,181
-1.06666,1000,RIGHT,90,false,431420,182
0,1000,UP,90,false,431420,183
2.1,1500,RIGHT,90,false,431420,184
-0.7,1500,LEFT,90,false,431420,185
2.1,1500,UP,90,false,431420,186
1.06666,1000,RIGHT,90,false,431420,187
0.7,1500,RIGHT,90,false,431420,188
-1.4,1500,RIGHT,90,false,431420,189
3.2,1000,RIGHT,90,false,431420,190
0,1000,RIGHT,90,false,431420,191
2.1,1500,LEFT,90,false,431420,192
-2.1,1500,UP,90,false,431420,193
-1.6,1000,UP,90,false,431420,194
1.06666,1000,LEFT,90,false,431420,195
-4.8,1000,RIGHT,90,false,431420,196
0,1500,LEFT,270,false,431420,197
-1.06666,1000,RIGHT,270,false,431420,198
1.4,1500,RIGHT,270,false,431420,199
0.7,1500,UP,270,false,431420,200
1.6,1000,RIGHT,270,false,431420,201
1.06666,1000,UP,270,false,431420,202
-2.1,1500,UP,270,false,431420,203
0.7,1500,LEFT,270,false,431420,204
-3.2,1000,UP,270,false,431420,205
-1.6,1000,UP,270,false,431420,206
-2.1,1500,LEFT,270,false,431420,207
-0.7,1500,DOWN,270,false,431420,208
-0.7,1500,LEFT,270,false,431420,209
-0.7,1500,RIGHT,270,false,431420,210
1.4,1500,RIGHT,270,false,431420,211
3.2,1000,RIGHT,270,false,431420,212
3.2,1000,UP,270,false,431420,213
0.7,1500,UP,270,false,431420,214
1.4,1500,DOWN,270,false,431420,215
0.7,1500,UP,270,false,431420,216
-2.1,1500,RIGHT,270,false,431420,217
-4.8,1000,UP,270,false,431420,218
-1.6,1000,DOWN,270,false,431420,219
3.2,1000,DOWN,270,false,431420,220
-0.7,1500,DOWN,270,false,431420,221
-3.54,1500,LEFT,270,false,431420,222
-4.8,1000,DOWN,270,false,431420,223
2.1,1500,UP,270,false,431420,224
-2.1,1500,UP,0,true,431333,1
3.2,1000,LEFT,0,true,431333,2
-3.2,1000,UP,0,true,431333,3
-3.2,1000,RIGHT,0,true,431333,4
2.1,1500,RIGHT,0,true,431333,5
2.1,1500,LEFT,0,true,431333,6
-3.2,1000,LEFT,0,true,431333,7
-3.2,1000,DOWN,0,true,431333,8
3.2,1000,DOWN,0,true,431333,9
2.1,1500,DOWN,0,true,431333,10
-2.1,1500,LEFT,0,true,431333,11
-2.1,1500,DOWN,0,true,431333,12
3.2,1000,UP,0,true,431333,13
2.1,1500,UP,0,true,431333,14
-2.1,1500,RIGHT,0,true,431333,15
3.2,1000,RIGHT,0,true,431333,16
-1.4,1500,DOWN,90,false,431333,1
0,1000,UP,90,false,431333,2
4.8,1000,RIGHT,90,false,431333,3
-2.1,1500,LEFT,90,false,431333,4
-0.7,1500,LEFT,90,false,431333,5
1.6,1000,DOWN,90,false,431333,6
-0.7,1500,RIGHT,90,false,431333,7
0,1500,LEFT,90,false,431333,8
-1.6,1000,DOWN,90,false,431333,9
0.7,1500,DOWN,90,false,431333,10
-1.4,1500,UP,90,false,431333,11
1.6,1000,LEFT,90,false,431333,12
-1.4,1500,UP,90,false,431333,13
0.7,1500,UP,90,false,431333,14
1.06666,1000,LEFT,90,false,431333,15
4.8,1000,UP,90,false,431333,16
-3.2,1000,UP,90,false,431333,17
-2.1,1500,RIGHT,90,false,431333,18
0.7,1500,RIGHT,90,false,431333,19
1.6,1000,UP,90,false,431333,20
-0.7,1500,DOWN,90,false,431333,21
0,1500,RIGHT,90,false,431333,22
-1.06666,1000,DOWN,90,false,431333,23
1.4,1500,LEFT,90,false,431333,24
0,1000,DOWN,90,false,431333,25
3.2,1000,DOWN,90,false,431333,26
-1.4,1500,DOWN,90,false,431333,27
0,1000,RIGHT,90,false,431333,28
-1.4,1500,UP,270,false,431333,29
1.6,1000,UP,270,false,431333,30
1.4,1500,LEFT,270,false,431333,31
3.54,1500,RIGHT,270,false,431333,32
0.7,1500,DOWN,270,false,431333,33
-3.54,1500,LEFT,270,false,431333,34
-1.06666,1000,UP,270,false,431333,35
3.54,1500,UP,270,false,431333,36
-3.2,1000,LEFT,270,false,431333,37
1.4,1500,LEFT,270,false,431333,38
-2.1,1500,LEFT,270,false,431333,39
-0.7,1500,RIGHT,270,false,431333,40
-0.7,1500,LEFT,270,false,431333,41
0,1500,DOWN,270,false,431333,42
1.06666,1000,RIGHT,270,false,431333,43
2.1,1500,DOWN,270,false,431333,44
0,1000,LEFT,270,false,431333,45
0,1500,DOWN,270,false,431333,46
0,1000,UP,270,false,431333,47
-0.7,1500,UP,270,false,431333,48
-1.06666,1000,DOWN,270,false,431333,49
-1.4,1500,RIGHT,270,false,431333,50
1.4,1500,DOWN,270,false,431333,51
0.7,1500,DOWN,270,false,431333,52
1.6,1000,RIGHT,270,false,431333,53
-4.8,1000,RIGHT,270,false,431333,54
-0.7,1500,LEFT,270,false,431333,55
-4.8,1000,DOWN,270,false,431333,56
-2.1,1500,DOWN,90,false,431333,57
3.2,1000,LEFT,90,false,431333,58
0,1000,UP,90,false,431333,59
-0.7,1500,DOWN,90,false,431333,60
-0.7,1500,DOWN,90,false,431333,61
-3.2,1000,DOWN,90,false,431333,62
-0.7,1500,UP,90,false,431333,63
1.6,1000,UP,90,false,431333,64
1.4,1500,RIGHT,90,false,431333,65
1.4,1500,UP,90,false,431333,66
1.6,1000,LEFT,90,false,431333,67
-4.8,1000,LEFT,90,false,431333,68
0.7,1500,RIGHT,90,false,431333,69
-4.8,1000,DOWN,90,false,431333,70
1.6,1000,DOWN,90,false,431333,71
2.1,1500,DOWN,90,false,431333,72
1.6,1000,RIGHT,90,false,431333,73
1.4,1500,RIGHT,90,false,431333,74
-0.7,1500,UP,90,false,431333,75
-3.54,1500,DOWN,90,false,431333,76
-3.2,1000,LEFT,90,false,431333,77
-3.2,1000,RIGHT,90,false,431333,78
-1.6,1000,UP,90,false,431333,79
-4.8,1000,RIGHT,90,false,431333,80
-1.06666,1000,UP,90,false,431333,81
0,1500,RIGHT,90,false,431333,82
0,1000,LEFT,90,false,431333,83
-1.4,1500,RIGHT,90,false,431333,84
-3.2,1000,RIGHT,270,false,431333,85
0.7,1500,RIGHT,270,false,431333,86
0,1500,RIGHT,270,false,431333,87
0,1000,DOWN,270,false,431333,88
0.7,1500,LEFT,270,false,431333,89
1.6,1000,LEFT,270,false,431333,90
-4.8,1000,LEFT,270,false,431333,91
-1.6,1000,UP,270,false,431333,92
0.7,1500,LEFT,270,false,431333,93
-1.6,1000,RIGHT,270,false,431333,94
4.8,1000,LEFT,270,false,431333,95
3.2,1000,LEFT,270,false,431333,96
-1.6,1000,UP,270,false,431333,97
0,1500,LEFT,270,false,431333,98
0,1500,LEFT,270,false,431333,99
-1.4,1500,DOWN,270,false,431333,100
3.2,1000,UP,270,false,431333,101
-1.4,1500,LEFT,270,false,431333,102
0,1000,RIGHT,270,false,431333,103
1.6,1000,RIGHT,270,false,431333,104
-1.6,1000,LEFT,270,false,431333,105
-3.54,1500,DOWN,270,false,431333,106
1.6,1000,DOWN,270,false,431333,107
-4.8,1000,UP,270,false,431333,108
0,1000,UP,270,false,431333,109
0.7,1500,UP,270,false,431333,110
-1.06666,1000,RIGHT,270,false,431333,111
4.8,1000,DOWN,270,false,431333,112
0,1000,RIGHT,90,false,431333,113
0.7,1500,RIGHT,90,false,431333,114
2.1,1500,LEFT,90,false,431333,115
-0.7,1500,RIGHT,90,false,431333,116
-1.6,1000,DOWN,90,false,431333,117
-1.4,1500,RIGHT,90,false,431333,118
3.54,1500,DOWN,90,false,431333,119
0,1500,DOWN,90,false,431333,120
0.7,1500,UP,90,false,431333,121
1.4,1500,DOWN,90,false,431333,122
3.54,1500,LEFT,90,false,431333,123
1.06666,1000,DOWN,90,false,431333,124
0,1000,LEFT,90,false,431333,125
4.8,1000,DOWN,90,false,431333,126
0,1000,DOWN,90,false,431333,127
0.7,1500,LEFT,90,false,431333,128
0,1500,UP,90,false,431333,129
1.4,1500,UP,90,false,431333,130
1.06666,1000,RIGHT,90,false,431333,131
0,1500,DOWN,90,false,431333,132
-2.1,1500,UP,90,false,431333,133
-1.6,1000,LEFT,90,false,431333,134
0.7,1500,LEFT,90,false,431333,135
1.06666,1000,UP,90,false,431333,136
0.7,1500,UP,90,false,431333,137
2.1,1500,UP,90,false,431333,138
-0.7,1500,RIGHT,90,false,431333,139
-0.7,1500,LEFT,90,false,431333,140
1.6,1000,DOWN,270,false,431333,141
-2.1,1500,RIGHT,270,false,431333,142
-1.4,1500,UP,270,false,431333,143
0.7,1500,RIGHT,270,false,431333,144
0,1500,RIGHT,270,false,431333,145
1.4,1500,DOWN,270,false,431333,146
1.6,1000,LEFT,270,false,431333,147
0.7,1500,RIGHT,270,false,431333,148
3.2,1000,RIGHT,270,false,431333,149
-3.54,1500,UP,270,false,431333,150
0,1500,UP,270,false,431333,151
-0.7,1500,LEFT,270,false,431333,152
-1.4,1500,RIGHT,270,false,431333,153
0.7,1500,UP,270,false,431333,154
-0.7,1500,DOWN,270,false,431333,155
2.1,1500,LEFT,270,false,431333,156
3.54,1500,DOWN,270,false,431333,157
-1.6,1000,RIGHT,270,false,431333,158
-1.6,1000,LEFT,270,false,431333,159
3.54,1500,LEFT,270,false,431333,160
1.4,1500,UP,270,false,431333,161
2.1,1500,UP,270,false,431333,162
-2.1,1500,DOWN,270,false,431333,163
1.4,1500,RIGHT,270,false,431333,164
-1.4,1500,DOWN,270,false,431333,165
-1.6,1000,DOWN,270,false,431333,166
4.8,1000,UP,270,false,431333,167
1.4,1500,UP,270,false,431333,168
1.4,1500,LEFT,90,false,431333,169
3.2,1000,RIGHT,90,false,431333,170
-1.6,1000,UP,90,false,431333,171
-1.6,1000,LEFT,90,false,431333,172
-3.54,1500,RIGHT,90,false,431333,173
-0.7,1500,UP,90,false,431333,174
2.1,1500,RIGHT,90,false,431333,175
3.54,1500,RIGHT,90,false,431333,176
3.2,1000,UP,90,false,431333,177
-0.7,1500,LEFT,90,false,431333,178
0,1500,LEFT,90,false,431333,179
0.7,1500,LEFT,90,false,431333,180
-1.06666,1000,RIGHT,90,false,431333,181
-1.4,1500,LEFT,90,false,431333,182
-1.6,1000,RIGHT,90,false,431333,183
0.7,1500,DOWN,90,false,431333,184
-1.4,1500,LEFT,90,false,431333,185
-4.8,1000,UP,90,false,431333,186
1.6,1000,RIGHT,90,false,431333,187
-3.54,1500,LEFT,90,false,431333,188
-1.06666,1000,LEFT,90,false,431333,189
3.54,1500,UP,90,false,431333,190
4.8,1000,LEFT,90,false,431333,191
-3.54,1500,UP,90,false,431333,192
1.4,1500,DOWN,90,false,431333,193
0,1500,UP,90,false,431333,194
0.7,1500,DOWN,90,false,431333,195
-1.6,1000,RIGHT,90,false,431333,196
-0.7,1500,UP,270,false,431333,197
0,1000,LEFT,270,false,431333,198
-0.7,1500,DOWN,270,false,431333,199
-3.54,1500,RIGHT,270,false,431333,200
1.06666,1000,UP,270,false,431333,201
-0.7,1500,RIGHT,270,false,431333,202
-3.2,1000,UP,270,false,431333,203
0,1000,DOWN,270,false,431333,204
-0.7,1500,UP,270,false,431333,205
1.06666,1000,DOWN,270,false,431333,206
1.6,1000,UP,270,false,431333,207
-1.4,1500,LEFT,270,false,431333,208
0,1000,RIGHT,270,false,431333,209
-0.7,1500,RIGHT,270,false,431333,210
1.06666,1000,LEFT,270,false,431333,211
-1.6,1000,DOWN,270,false,431333,212
3.2,1000,DOWN,270,false,431333,213
0.7,1500,LEFT,270,false,431333,214
-0.7,1500,DOWN,270,false,431333,215
-1.06666,1000,LEFT,270,false,431333,216
0.7,1500,DOWN,270,false,431333,217
-3.2,1000,DOWN,270,false,431333,218
0,1500,UP,270,false,431333,219
1.4,1500,RIGHT,270,false,431333,220
-2.1,1500,UP,270,false,431333,221
2.1,1500,RIGHT,270,false,431333,222
0.7,1500,UP,270,false,431333,223
4.8,1000,RIGHT,270,false,431333,224
-2.1,1500,DOWN,0,true,431403,1
3.2,1000,RIGHT,0,true,431403,2
3.2,1000,UP,0,true,431403,3
2.1,1500,LEFT,0,true,431403,4
-2.1,1500,RIGHT,0,true,431403,5
3.2,1000,DOWN,0,true,431403,6
-3.2,1000,RIGHT,0,true,431403,7
-3.2,1000,LEFT,0,true,431403,8
2.1,1500,UP,0,true,431403,9
2.1,1500,RIGHT,0,true,431403,10
-2.1,1500,LEFT,0,true,431403,11
-3.2,1000,DOWN,0,true,431403,12
-2.1,1500,UP,0,true,431403,13
2.1,1500,DOWN,0,true,431403,14
3.2,1000,LEFT,0,true,431403,15
-3.2,1000,UP,0,true,431403,16
-1.6,1000,DOWN,270,false,431403,1
3.54,1500,DOWN,270,false,431403,2
0,1500,RIGHT,270,false,431403,3
2.1,1500,RIGHT,270,false,431403,4
-3.54,1500,LEFT,270,false,431403,5
-1.6,1000,RIGHT,270,false,431403,6
-3.2,1000,UP,270,false,431403,7
-3.2,1000,DOWN,270,false,431403,8
1.6,1000,RIGHT,270,false,431403,9
1.06666,1000,UP,270,false,431403,10
0,1500,RIGHT,270,false,431403,11
-2.1,1500,UP,270,false,431403,12
1.6,1000,DOWN,270,false,431403,13
-0.7,1500,DOWN,270,false,431403,14
-1.6,1000,RIGHT,270,false,431403,15
0,1500,UP,270,false,431403,16
-1.4,1500,LEFT,270,false,431403,17
-0.7,1500,LEFT,270,false,431403,18
0.7,1500,LEFT,270,false,431403,19
-1.06666,1000,DOWN,270,false,431403,20
0,1000,RIGHT,270,false,431403,21
0.7,1500,RIGHT,270,false,431403,22
0,1500,UP,270,false,431403,23
-1.4,1500,DOWN,270,false,431403,24
-0.7,1500,UP,270,false,431403,25
-3.54,1500,DOWN,270,false,431403,26
-4.8,1000,LEFT,270,false,431403,27
0.7,1500,RIGHT,270,false,431403,28
0,1000,DOWN,90,false,431403,29
3.54,1500,RIGHT,90,false,431403,30
-1.6,1000,RIGHT,90,false,431403,31
-1.4,1500,LEFT,90,false,431403,32
0.7,1500,UP,90,false,431403,33
0.7,1500,LEFT,90,false,431403,34
0.7,1500,UP,90,false,431403,35
0.7,1500,RIGHT,90,false,431403,36
0,1000,LEFT,90,false,431403,37
0,1500,LEFT,90,false,431403,38
-3.54,1500,LEFT,90,false,431403,39
1.6,1000,DOWN,90,false,431403,40
0,1000,UP,90,false,431403,41
-0.7,1500,DOWN,90,false,431403,42
-1.6,1000,RIGHT,90,false,431403,43
-0.7,1500,UP,90,false,431403,44
-1.06666,1000,RIGHT,90,false,431403,45
-0.7,1500,DOWN,90,false,431403,46
-2.1,1500,LEFT,90,false,431403,47
4.8,1000,UP,90,false,431403,48
1.4,1500,LEFT,90,false,431403,49
0.7,1500,UP,90,false,431403,50
-1.4,1500,UP,90,false,431403,51
0,1500,RIGHT,90,false,431403,52
2.1,1500,DOWN,90,false,431403,53
0.7,1500,DOWN,90,false,431403,54
-3.2,1000,UP,90,false,431403,55
-2.1,1500,UP,90,false,431403,56
0.7,1500,RIGHT,270,false,431403,57
0.7,1500,UP,270,false,431403,58
-1.4,1500,RIGHT,270,false,431403,59
0,1000,RIGHT,270,false,431403,60
1.4,1500,LEFT,270,false,431403,61
1.6,1000,DOWN,270,false,431403,62
0,1500,LEFT,270,false,431403,63
-1.4,1500,LEFT,270,false,431403,64
-3.54,1500,UP,270,false,431403,65
-0.7,1500,UP,270,false,431403,66
-3.54,1500,RIGHT,270,false,431403,67
-1.06666,1000,RIGHT,270,false,431403,68
1.4,1500,DOWN,270,false,431403,69
-1.06666,1000,LEFT,270,false,431403,70
-3.2,1000,LEFT,270,false,431403,71
0.7,1500,DOWN,270,false,431403,72
-1.6,1000,LEFT,270,false,431403,73
-0.7,1500,DOWN,270,false,431403,74
1.6,1000,UP,270,false,431403,75
1.6,1000,RIGHT,270,false,431403,76
-2.1,1500,RIGHT,270,false,431403,77
3.54,1500,RIGHT,270,false,431403,78
4.8,1000,UP,270,false,431403,79
0.7,1500,UP,270,false,431403,80
1.6,1000,UP,270,false,431403,81
3.54,1500,UP,270,false,431403,82
0,1500,LEFT,270,false,431403,83
0.7,1500,LEFT,270,false,431403,84
2.1,1500,LEFT,90,false,431403,85
0,1000,LEFT,90,false,431403,86
0,1500,DOWN,90,false,431403,87
1.6,1000,UP,90,false,431403,88
0.7,1500,LEFT,90,false,431403,89
1.6,1000,LEFT,90,false,431403,90
-3.2,1000,DOWN,90,false,431403,91
-4.8,1000,DOWN,90,false,431403,92
-0.7,1500,UP,90,false,431403,93
0,1500,DOWN,90,false,431403,94
-0.7,1500,RIGHT,90,false,431403,95
2.1,1500,RIGHT,90,false,431403,96
-0.7,1500,LEFT,90,false,431403,97
-0.7,1500,UP,90,false,431403,98
4.8,1000,RIGHT,90,false,431403,99
3.2,1000,LEFT,90,false,431403,100
3.2,1000,UP,90,false,431403,101
-1.4,1500,DOWN,90,false,431403,102
-1.6,1000,UP,90,false,431403,103
-1.6,1000,LEFT,90,false,431403,104
-1.06666,1000,LEFT,90,false,431403,105
1.06666,1000,RIGHT,90,false,431403,106
-1.4,1500,RIGHT,90,false,431403,107
1.4,1500,RIGHT,90,false,431403,108
0.7,1500,RIGHT,90,false,431403,109
-1.4,1500,UP,90,false,431403,110
1.06666,1000,LEFT,90,false,431403,111
-4.8,1000,LEFT,90,false,431403,112
-1.6,1000,UP,270,false,431403,113
2.1,1500,UP,270,false,431403,114
-4.8,1000,UP,270,false,431403,115
3.2,1000,LEFT,270,false,431403,116
4.8,1000,RIGHT,270,false,431403,117
1.6,1000,LEFT,270,false,431403,118
-1.6,1000,DOWN,270,false,431403,119
-0.7,1500,LEFT,270,false,431403,120
0,1000,LEFT,270,false,431403,121
1.4,1500,LEFT,270,false,431403,122
4.8,1000,DOWN,270,false,431403,123
0.7,1500,DOWN,270,false,431403,124
-1.6,1000,UP,270,false,431403,125
-2.1,1500,DOWN,270,false,431403,126
0,1000,LEFT,270,false,431403,127
1.4,1500,RIGHT,270,false,431403,128
1.4,1500,DOWN,270,false,431403,129
0.7,1500,LEFT,270,false,431403,130
0,1000,UP,270,false,431403,131
-2.1,1500,LEFT,270,false,431403,132
-0.7,1500,RIGHT,270,false,431403,133
-0.7,1500,LEFT,270,false,431403,134
1.4,1500,RIGHT,270,false,431403,135
-1.4,1500,UP,270,false,431403,136
0.7,1500,DOWN,270,false,431403,137
0,1500,DOWN,270,false,431403,138
-1.4,1500,UP,270,false,431403,139
-1.6,1000,LEFT,270,false,431403,140
4.8,1000,LEFT,90,false,431403,141
3.54,1500,LEFT,90,false,431403,142
-1.6,1000,DOWN,90,false,431403,143
0.7,1500,DOWN,90,false,431403,144
3.2,1000,DOWN,90,false,431403,145
-1.4,1500,DOWN,90,false,431403,146
0,1500,RIGHT,90,false,431403,147
1.6,1000,RIGHT,90,false,431403,148
3.54,1500,DOWN,90,false,431403,149
-3.2,1000,LEFT,90,false,431403,150
0.7,1500,DOWN,90,false,431403,151
1.6,1000,UP,90,false,431403,152
-3.54,1500,DOWN,90,false,431403,153
0,1000,DOWN,90,false,431403,154
-3.54,1500,RIGHT,90,false,431403,155
1.6,1000,DOWN,90,false,431403,156
0,1500,UP,90,false,431403,157
-1.06666,1000,DOWN,90,false,431403,158
-1.6,1000,DOWN,90,false,431403,159
1.4,1500,LEFT,90,false,431403,160
-1.4,1500,RIGHT,90,false,431403,161
-4.8,1000,UP,90,false,431403,162
0,1000,UP,90,false,431403,163
-1.6,1000,LEFT,90,false,431403,164
3.54,1500,UP,90,false,431403,165
3.2,1000,RIGHT,90,false,431403,166
1.6,1000,RIGHT,90,false,431403,167
-1.06666,1000,UP,90,false,431403,168
2.1,1500,LEFT,270,false,431403,169
-1.06666,1000,UP,270,false,431403,170
-0.7,1500,UP,270,false,431403,171
-0.7,1500,RIGHT,270,false,431403,172
-4.8,1000,DOWN,270,false,431403,173
3.2,1000,DOWN,270,false,431403,174
1.4,1500,UP,270,false,431403,175
1.06666,1000,LEFT,270,false,431403,176
-1.4,1500,RIGHT,270,false,431403,177
-1.4,1500,DOWN,270,false,431403,178
0,1000,DOWN,270,false,431403,179
-0.7,1500,DOWN,270,false,431403,180
0.7,1500,UP,270,false,431403,181
3.2,1000,RIGHT,270,false,431403,182
0,1000,DOWN,270,false,431403,183
1.06666,1000,DOWN,270,false,431403,184
-3.2,1000,RIGHT,270,false,431403,185
4.8,1000,LEFT,270,false,431403,186
3.2,1000,UP,270,false,431403,187
-0.7,1500,RIGHT,270,false,431403,188
1.06666,1000,RIGHT,270,false,431403,189
1.6,1000,LEFT,270,false,431403,190
0,1000,UP,270,false,431403,191
-4.8,1000,RIGHT,270,false,431403,192
2.1,1500,DOWN,270,false,431403,193
1.4,1500,UP,270,false,431403,194
0,1500,DOWN,270,false,431403,195
3.54,1500,LEFT,270,false,431403,196
-3.2,1000,RIGHT,90,false,431403,197
1.6,1000,LEFT,90,false,431403,198
0.7,1500,RIGHT,90,false,431403,199
-0.7,1500,DOWN,90,false,431403,200
2.1,1500,UP,90,false,431403,201
0.7,1500,LEFT,90,false,431403,202
-0.7,1500,RIGHT,90,false,431403,203
1.4,1500,UP,90,false,431403,204
-2.1,1500,DOWN,90,false,431403,205
0,1000,RIGHT,90,false,431403,206
1.06666,1000,DOWN,90,false,431403,207
1.06666,1000,UP,90,false,431403,208
1.4,1500,UP,90,false,431403,209
-0.7,1500,LEFT,90,false,431403,210
4.8,1000,DOWN,90,false,431403,211
-3.54,1500,UP,90,false,431403,212
1.4,1500,DOWN,90,false,431403,213
-2.1,1500,RIGHT,90,false,431403,214
0,1500,UP,90,false,431403,215
0,1500,LEFT,90,false,431403,216
-1.6,1000,UP,90,false,431403,217
-4.8,1000,RIGHT,90,false,431403,218
-0.7,1500,LEFT,90,false,431403,219
-1.4,1500,LEFT,90,false,431403,220
0,1000,RIGHT,90,false,431403,221
-0.7,1500,RIGHT,90,false,431403,222
1.4,1500,RIGHT,90,false,431403,223
1.4,1500,DOWN,90,false,431403,224
2.1,1500,DOWN,0,true,431427,1
-3.2,1000,LEFT,0,true,431427,2
3.2,1000,DOWN,0,true,431427,3
2.1,1500,UP,0,true,431427,4
-2.1,1500,RIGHT,0,true,431427,5
2.1,1500,RIGHT,0,true,431427,6
3.2,1000,LEFT,0,true,431427,7
-3.2,1000,RIGHT,0,true,431427,8
3.2,1000,RIGHT,0,true,431427,9
2.1,1500,LEFT,0,true,431427,10
3.2,1000,UP,0,true,431427,11
-2.1,1500,UP,0,true,431427,12
-2.1,1500,DOWN,0,true,431427,13
-3.2,1000,UP,0,true,431427,14
-2.1,1500,LEFT,0,true,431427,15
-3.2,1000,DOWN,0,true,431427,16
3.54,1500,UP,90,false,431427,1
-4.8,1000,LEFT,90,false,431427,2
0,1500,DOWN,90,false,431427,3
0.7,1500,UP,90,false,431427,4
1.4,1500,DOWN,90,false,431427,5
-0.7,1500,DOWN,90,false,431427,6
1.6,1000,LEFT,90,false,431427,7
0.7,1500,LEFT,90,false,431427,8
-1.06666,1000,LEFT,90,false,431427,9
-1.06666,1000,DOWN,90,false,431427,10
-3.54,1500,UP,90,false,431427,11
4.8,1000,UP,90,false,431427,12
1.06666,1000,RIGHT,90,false,431427,13
-4.8,1000,DOWN,90,false,431427,14
2.1,1500,UP,90,false,431427,15
1.06666,1000,DOWN,90,false,431427,16
0,1000,UP,90,false,431427,17
0.7,1500,UP,90,false,431427,18
-1.06666,1000,UP,90,false,431427,19
0,1500,LEFT,90,false,431427,20
-1.4,1500,DOWN,90,false,431427,21
-1.6,1000,RIGHT,90,false,431427,22
-0.7,1500,RIGHT,90,false,431427,23
0.7,1500,DOWN,90,false,431427,24
1.4,1500,RIGHT,90,false,431427,25
4.8,1000,DOWN,90,false,431427,26
2.1,1500,LEFT,90,false,431427,27
-0.7,1500,LEFT,90,false,431427,28
-0.7,1500,RIGHT,270,false,431427,29
-0.7,1500,LEFT,270,false,431427,30
-4.8,1000,UP,270,false,431427,31
0.7,1500,RIGHT,270,false,431427,32
1.4,1500,RIGHT,270,false,431427,33
3.2,1000,RIGHT,270,false,431427,34
-3.54,1500,DOWN,270,false,431427,35
0,1000,UP,270,false,431427,36
0.7,1500,RIGHT,270,false,431427,37
1.6,1000,RIGHT,270,false,431427,38
3.54,1500,DOWN,270,false,431427,39
0,1500,RIGHT,270,false,431427,40
0,1000,RIGHT,270,false,431427,41
-0.7,1500,DOWN,270,false,431427,42
-1.06666,1000,UP,270,false,431427,43
-4.8,1000,LEFT,270,false,431427,44
-0.7,1500,UP,270,false,431427,45
-0.7,1500,LEFT,270,false,431427,46
4.8,1000,DOWN,270,false,431427,47
1.4,1500,LEFT,270,false,431427,48
1.4,1500,DOWN,270,false,431427,49
-1.4,1500,UP,270,false,431427,50
0.7,1500,DOWN,270,false,431427,51
-3.54,1500,RIGHT,270,false,431427,52
3.2,1000,LEFT,270,false,431427,53
1.6,1000,LEFT,270,false,431427,54
0.7,1500,UP,270,false,431427,55
0,1000,LEFT,270,false,431427,56
-4.8,1000,UP,90,false,431427,57
0.7,1500,LEFT,90,false,431427,58
0,1500,UP,90,false,431427,59
-2.1,1500,DOWN,90,false,431427,60
-1.6,1000,UP,90,false,431427,61
1.4,1500,RIGHT,90,false,431427,62
-1.06666,1000,RIGHT,90,false,431427,63
0.7,1500,LEFT,90,false,431427,64
3.2,1000,LEFT,90,false,431427,65
1.06666,1000,UP,90,false,431427,66
0,1000,RIGHT,90,false,431427,67
0.7,1500,DOWN,90,false,431427,68
0,1500,RIGHT,90,false,431427,69
-3.2,1000,LEFT,90,false,431427,70
3.2,1000,DOWN,90,false,431427,71
1.4,1500,LEFT,90,false,431427,72
-1.4,1500,UP,90,false,431427,73
3.54,1500,LEFT,90,false,431427,74
0.7,1500,RIGHT,90,false,431427,75
-1.4,1500,LEFT,90,false,431427,76
-1.4,1500,RIGHT,90,false,431427,77
1.6,1000,UP,90,false,431427,78
-3.54,1500,RIGHT,90,false,431427,79
-3.2,1000,DOWN,90,false,431427,80
0.7,1500,DOWN,90,false,431427,81
0.7,1500,RIGHT,90,false,431427,82
0.7,1500,UP,90,false,431427,83
-1.4,1500,LEFT,90,false,431427,84
1.6,1000,DOWN,270,false,431427,85
-1.06666,1000,LEFT,270,false,431427,86
-4.8,1000,DOWN,270,false,431427,87
0.7,1500,UP,270,false,431427,88
0.7,1500,UP,270,false,431427,89
0.7,1500,LEFT,270,false,431427,90
1.6,1000,UP,270,false,431427,91
1.6,1000,RIGHT,270,false,431427,92
0,1500,DOWN,270,false,431427,93
-1.6,1000,RIGHT,270,false,431427,94
-1.4,1500,RIGHT,270,false,431427,95
2.1,1500,RIGHT,270,false,431427,96
1.4,1500,DOWN,270,false,431427,97
0,1000,DOWN,270,false,431427,98
-2.1,1500,UP,270,false,431427,99
-3.54,1500,UP,270,false,431427,100
-1.4,1500,DOWN,270,false,431427,101
-1.4,1500,RIGHT,270,false,431427,102
0,1000,UP,270,false,431427,103
3.2,1000,DOWN,270,false,431427,104
1.06666,1000,RIGHT,270,false,431427,105
-3.2,1000,UP,270,false,431427,106
0,1000,LEFT,270,false,431427,107
-1.4,1500,LEFT,270,false,431427,108
-2.1,1500,DOWN,270,false,431427,109
3.54,1500,UP,270,false,431427,110
0.7,1500,DOWN,270,false,431427,111
-3.54,1500,LEFT,270,false,431427,112
-1.6,1000,DOWN,90,false,431427,113
1.4,1500,DOWN,90,false,431427,114
-3.54,1500,DOWN,90,false,431427,115
-1.6,1000,DOWN,90,false,431427,116
-0.7,1500,UP,90,false,431427,117
1.6,1000,RIGHT,90,false,431427,118
0,1000,RIGHT,90,false,431427,119
0.7,1500,RIGHT,90,false,431427,120
1.6,1000,DOWN,90,false,431427,121
1.4,1500,UP,90,false,431427,122
0,1000,LEFT,90,false,431427,123
0,1500,UP,90,false,431427,124
-1.6,1000,RIGHT,90,false,431427,125
-2.1,1500,LEFT,90,false,431427,126
0,1500,RIGHT,90,false,431427,127
3.2,1000,UP,90,false,431427,128
-0.7,1500,LEFT,90,false,431427,129
1.4,1500,LEFT,90,false,431427,130
-1.6,1000,LEFT,90,false,431427,131
2.1,1500,RIGHT,90,false,431427,132
-0.7,1500,DOWN,90,false,431427,133
1.4,1500,UP,90,false,431427,134
-1.4,1500,UP,90,false,431427,135
-3.2,1000,RIGHT,90,false,431427,136
-0.7,1500,UP,90,false,431427,137
2.1,1500,DOWN,90,false,431427,138
3.54,1500,RIGHT,90,false,431427,139
-1.4,1500,DOWN,90,false,431427,140
1.4,1500,RIGHT,270,false,431427,141
4.8,1000,LEFT,270,false,431427,142
-1.6,1000,LEFT,270,false,431427,143
0,1500,LEFT,270,false,431427,144
-0.7,1500,UP,270,false,431427,145
-1.06666,1000,DOWN,270,false,431427,146
-0.7,1500,DOWN,270,false,431427,147
4.8,1000,RIGHT,270,false,431427,148
-1.4,1500,DOWN,270,false,431427,149
0,1000,DOWN,270,false,431427,150
-0.7,1500,DOWN,270,false,431427,151
-2.1,1500,LEFT,270,false,431427,152
3.54,1500,LEFT,270,false,431427,153
0.7,1500,LEFT,270,false,431427,154
-0.7,1500,UP,270,false,431427,155
-1.6,1000,UP,270,false,431427,156
-1.6,1000,RIGHT,270,false,431427,157
0.7,1500,DOWN,270,false,431427,158
4.8,1000,UP,270,false,431427,159
-0.7,1500,RIGHT,270,false,431427,160
0.7,1500,RIGHT,270,false,431427,161
1.6,1000,LEFT,270,false,431427,162
3.54,1500,RIGHT,270,false,431427,163
-1.4,1500,LEFT,270,false,431427,164
-1.6,1000,DOWN,270,false,431427,165
0,1500,UP,270,false,431427,166
0,1000,RIGHT,270,false,431427,167
1.06666,1000,UP,270,false,431427,168
-3.2,1000,UP,90,false,431427,169
0,1500,DOWN,90,false,431427,170
-2.1,1500,UP,90,false,431427,171
0,1000,DOWN,90,false,431427,172
0,1000,LEFT,90,false,431427,173
1.06666,1000,LEFT,90,false,431427,174
1.6,1000,RIGHT,90,false,431427,175
1.6,1000,UP,90,false,431427,176
-0.7,1500,RIGHT,90,false,431427,177
3.54,1500,DOWN,90,false,431427,178
4.8,1000,LEFT,90,false,431427,179
0,1500,LEFT,90,false,431427,180
1.6,1000,DOWN,90,false,431427,181
-2.1,1500,RIGHT,90,false,431427,182
-0.7,1500,UP,90,false,431427,183
-0.7,1500,DOWN,90,false,431427,184
0,1000,DOWN,90,false,431427,185
-1.4,1500,RIGHT,90,false,431427,186
0,1000,UP,90,false,431427,187
-4.8,1000,RIGHT,90,false,431427,188
-1.6,1000,UP,90,false,431427,189
3.2,1000,RIGHT,90,false,431427,190
-0.7,1500,RIGHT,90,false,431427,191
-1.6,1000,LEFT,90,false,431427,192
-0.7,1500,LEFT,90,false,431427,193
1.6,1000,LEFT,90,false,431427,194
-3.54,1500,LEFT,90,false,431427,195
4.8,1000,RIGHT,90,false,431427,196
2.1,1500,LEFT,270,false,431427,197
2.1,1500,UP,270,false,431427,198
-1.6,1000,LEFT,270,false,431427,199
1.6,1000,DOWN,270,false,431427,200
1.4,1500,LEFT,270,false,431427,201
-3.2,1000,DOWN,270,false,431427,202
-4.8,1000,RIGHT,270,false,431427,203
1.06666,1000,LEFT,270,false,431427,204
-1.4,1500,UP,270,false,431427,205
2.1,1500,DOWN,270,false,431427,206
-3.2,1000,LEFT,270,false,431427,207
0,1500,DOWN,270,false,431427,208
-3.2,1000,RIGHT,270,false,431427,209
1.4,1500,UP,270,false,431427,210
1.4,1500,UP,270,false,431427,211
-2.1,1500,RIGHT,270,false,431427,212
1.6,1000,UP,270,false,431427,213
0,1500,LEFT,270,false,431427,214
-1.06666,1000,RIGHT,270,false,431427,215
-0.7,1500,LEFT,270,false,431427,216
1.06666,1000,DOWN,270,false,431427,217
0.7,1500,LEFT,270,false,431427,218
-1.6,1000,UP,270,false,431427,219
-1.6,1000,DOWN,270,false,431427,220
0,1500,UP,270,false,431427,221
0,1500,RIGHT,270,false,431427,222
-0.7,1500,RIGHT,270,false,431427,223
3.2,1000,UP,270,false,431427,224
2.1,1500,DOWN,0,true,431425,1
-3.2,1000,RIGHT,0,true,431425,2
-2.1,1500,UP,0,true,431425,3
3.2,1000,RIGHT,0,true,431425,4
2.1,1500,LEFT,0,true,431425,5
-2.1,1500,DOWN,0,true,431425,6
3.2,1000,DOWN,0,true,431425,7
-2.1,1500,RIGHT,0,true,431425,8
-3.2,1000,LEFT,0,true,431425,9
3.2,1000,LEFT,0,true,431425,10
-3.2,1000,UP,0,true,431425,11
-2.1,1500,LEFT,0,true,431425,12
-3.2,1000,DOWN,0,true,431425,13
2.1,1500,RIGHT,0,true,431425,14
2.1,1500,UP,0,true,431425,15
3.2,1000,UP,0,true,431425,16
-1.06666,1000,UP,90,false,431425,1
3.2,1000,DOWN,90,false,431425,2
0,1000,RIGHT,90,false,431425,3
0.7,1500,LEFT,90,false,431425,4
-4.8,1000,RIGHT,90,false,431425,5
1.6,1000,DOWN,90,false,431425,6
-3.2,1000,LEFT,90,false,431425,7
-1.06666,1000,RIGHT,90,false,431425,8
0.7,1500,DOWN,90,false,431425,9
1.06666,1000,UP,90,false,431425,10
0.7,1500,UP,90,false,431425,11
1.4,1500,RIGHT,90,false,431425,12
-0.7,1500,RIGHT,90,false,431425,13
0,1000,DOWN,90,false,431425,14
-3.54,1500,RIGHT,90,false,431425,15
2.1,1500,UP,90,false,431425,16
-2.1,1500,UP,90,false,431425,17
-0.7,1500,UP,90,false,431425,18
3.54,1500,UP,90,false,431425,19
-3.54,1500,UP,90,false,431425,20
-1.4,1500,DOWN,90,false,431425,21
-0.7,1500,RIGHT,90,false,431425,22
0,1500,UP,90,false,431425,23
2.1,1500,LEFT,90,false,431425,24
1.06666,1000,LEFT,90,false,431425,25
-0.7,1500,DOWN,90,false,431425,26
3.54,1500,LEFT,90,false,431425,27
1.6,1000,DOWN,90,false,431425,28
0.7,1500,DOWN,270,false,431425,29
3.2,1000,UP,270,false,431425,30
-1.6,1000,LEFT,270,false,431425,31
-3.2,1000,RIGHT,270,false,431425,32
-2.1,1500,DOWN,270,false,431425,33
1.4,1500,DOWN,270,false,431425,34
-0.7,1500,UP,270,false,431425,35
1.06666,1000,UP,270,false,431425,36
-0.7,1500,RIGHT,270,false,431425,37
0.7,1500,LEFT,270,false,431425,38
-1.4,1500,DOWN,270,false,431425,39
0.7,1500,RIGHT,270,false,431425,40
4.8,1000,RIGHT,270,false,431425,41
-1.06666,1000,UP,270,false,431425,42
0,1500,LEFT,270,false,431425,43
2.1,1500,UP,270,false,431425,44
-1.4,1500,LEFT,270,false,431425,45
-4.8,1000,RIGHT,270,false,431425,46
0,1000,UP,270,false,431425,47
-3.54,1500,DOWN,270,false,431425,48
-3.2,1000,UP,270,false,431425,49
0,1000,DOWN,270,false,431425,50
0,1500,LEFT,270,false,431425,51
1.4,1500,RIGHT,270,false,431425,52
1.4,1500,LEFT,270,false,431425,53
-1.4,1500,UP,270,false,431425,54
1.06666,1000,RIGHT,270,false,431425,55
-2.1,1500,LEFT,270,false,431425,56
0,1000,UP,90,false,431425,57
0,1000,UP,90,false,431425,58
3.2,1000,RIGHT,90,false,431425,59
-0.7,1500,LEFT,90,false,431425,60
-1.4,1500,RIGHT,90,false,431425,61
0.7,1500,DOWN,90,false,431425,62
4.8,1000,DOWN,90,false,431425,63
0.7,1500,RIGHT,90,false,431425,64
1.6,1000,UP,90,false,431425,65
0,1500,LEFT,90,false,431425,66
2.1,1500,RIGHT,90,false,431425,67
0,1500,RIGHT,90,false,431425,68
-1.4,1500,UP,90,false,431425,69
-0.7,1500,RIGHT,90,false,431425,70
0,1500,LEFT,90,false,431425,71
-1.4,1500,RIGHT,90,false,431425,72
0,1500,RIGHT,90,false,431425,73
3.2,1000,UP,90,false,431425,74
0.7,1500,UP,90,false,431425,75
-3.54,1500,DOWN,90,false,431425,76
-1.06666,1000,LEFT,90,false,431425,77
4.8,1000,RIGHT,90,false,431425,78
0.7,1500,LEFT,90,false,431425,79
-3.2,1000,DOWN,90,false,431425,80
-4.8,1000,LEFT,90,false,431425,81
1.6,1000,LEFT,90,false,431425,82
-4.8,1000,DOWN,90,false,431425,83
0.7,1500,DOWN,90,false,431425,84
1.6,1000,UP,270,false,431425,85
-1.6,1000,LEFT,270,false,431425,86
0.7,1500,UP,270,false,431425,87
1.4,1500,UP,270,false,431425,88
-1.4,1500,UP,270,false,431425,89
-0.7,1500,RIGHT,270,false,431425,90
1.4,1500,DOWN,270,false,431425,91
0,1500,UP,270,false,431425,92
-0.7,1500,LEFT,270,false,431425,93
-1.06666,1000,RIGHT,270,false,431425,94
4.8,1000,UP,270,false,431425,95
-1.4,1500,DOWN,270,false,431425,96
-1.06666,1000,LEFT,270,false,431425,97
4.8,1000,DOWN,270,false,431425,98
1.6,1000,DOWN,270,false,431425,99
-0.7,1500,RIGHT,270,false,431425,100
1.6,1000,RIGHT,270,false,431425,101
-0.7,1500,LEFT,270,false,431425,102
-3.54,1500,RIGHT,270,false,431425,103
1.4,1500,LEFT,270,false,431425,104
0,1000,RIGHT,270,false,431425,105
-1.6,1000,DOWN,270,false,431425,106
-0.7,1500,LEFT,270,false,431425,107
-0.7,1500,UP,270,false,431425,108
-3.54,1500,LEFT,270,false,431425,109
1.06666,1000,DOWN,270,false,431425,110
1.06666,1000,LEFT,270,false,431425,111
-1.6,1000,UP,270,false,431425,112
-0.7,1500,UP,90,false,431425,113
-1.6,1000,UP,90,false,431425,114
-0.7,1500,LEFT,90,false,431425,115
1.6,1000,RIGHT,90,false,431425,116
1.06666,1000,DOWN,90,false,431425,117
-1.4,1500,LEFT,90,false,431425,118
-1.6,1000,LEFT,90,false,431425,119
3.54,1500,DOWN,90,false,431425,120
1.06666,1000,RIGHT,90,false,431425,121
0.7,1500,LEFT,90,false,431425,122
1.6,1000,RIGHT,90,false,431425,123
0,1500,DOWN,90,false,431425,124
0.7,1500,UP,90,false,431425,125
-0.7,1500,DOWN,90,false,431425,126
-2.1,1500,LEFT,90,false,431425,127
3.54,1500,RIGHT,90,false,431425,128
-1.6,1000,RIGHT,90,false,431425,129
0,1000,RIGHT,90,false,431425,130
0.7,1500,RIGHT,90,false,431425,131
1.6,1000,UP,90,false,431425,132
1.4,1500,UP,90,false,431425,133
-1.06666,1000,DOWN,90,false,431425,134
-1.4,1500,UP,90,false,431425,135
-3.2,1000,UP,90,false,431425,136
1.4,1500,LEFT,90,false,431425,137
1.6,1000,LEFT,90,false,431425,138
-3.2,1000,RIGHT,90,false,431425,139
-0.7,1500,UP,90,false,431425,140
0,1000,DOWN,270,false,431425,141
0,1500,RIGHT,270,false,431425,142
-1.06666,1000,DOWN,270,false,431425,143
3.2,1000,RIGHT,270,false,431425,144
-0.7,1500,UP,270,false,431425,145
0,1000,LEFT,270,false,431425,146
0,1500,RIGHT,270,false,431425,147
3.54,1500,RIGHT,270,false,431425,148
1.6,1000,LEFT,270,false,431425,149
3.54,1500,UP,270,false,431425,150
0,1000,LEFT,270,false,431425,151
3.54,1500,LEFT,270,false,431425,152
1.4,1500,UP,270,false,431425,153
0,1000,UP,270,false,431425,154
-4.8,1000,LEFT,270,false,431425,155
-1.6,1000,RIGHT,270,false,431425,156
1.6,1000,UP,270,false,431425,157
0,1500,UP,270,false,431425,158
0.7,1500,UP,270,false,431425,159
1.6,1000,RIGHT,270,false,431425,160
1.4,1500,RIGHT,270,false,431425,161
2.1,1500,LEFT,270,false,431425,162
0.7,1500,RIGHT,270,false,431425,163
-1.6,1000,RIGHT,270,false,431425,164
-1.4,1500,RIGHT,270,false,431425,165
3.2,1000,DOWN,270,false,431425,166
0.7,1500,UP,270,false,431425,167
0,1500,DOWN,270,false,431425,168
1.4,1500,DOWN,90,false,431425,169
-1.6,1000,DOWN,90,false,431425,170
0,1000,LEFT,90,false,431425,171
-2.1,1500,DOWN,90,false,431425,172
-0.7,1500,DOWN,90,false,431425,173
-1.4,1500,DOWN,90,false,431425,174
1.4,1500,UP,90,false,431425,175
-3.54,1500,LEFT,90,false,431425,176
4.8,1000,UP,90,false,431425,177
-1.6,1000,DOWN,90,false,431425,178
1.4,1500,DOWN,90,false,431425,179
-1.6,1000,UP,90,false,431425,180
-1.4,1500,LEFT,90,false,431425,181
-1.6,1000,LEFT,90,false,431425,182
1.4,1500,LEFT,90,false,431425,183
3.2,1000,LEFT,90,false,431425,184
0,1000,DOWN,90,false,431425,185
4.8,1000,LEFT,90,false,431425,186
0,1500,UP,90,false,431425,187
0,1500,DOWN,90,false,431425,188
0,1000,LEFT,90,false,431425,189
-0.7,1500,LEFT,90,false,431425,190
0.7,1500,RIGHT,90,false,431425,191
-1.6,1000,RIGHT,90,false,431425,192
-4.8,1000,UP,90,false,431425,193
1.4,1500,RIGHT,90,false,431425,194
2.1,1500,DOWN,90,false,431425,195
-2.1,1500,RIGHT,90,false,431425,196
0.7,1500,DOWN,270,false,431425,197
-2.1,1500,UP,270,false,431425,198
3.2,1000,LEFT,270,false,431425,199
-0.7,1500,DOWN,270,false,431425,200
-2.1,1500,RIGHT,270,false,431425,201
-3.2,1000,DOWN,270,false,431425,202
0.7,1500,RIGHT,270,false,431425,203
-1.6,1000,UP,270,false,431425,204
0.7,1500,LEFT,270,false,431425,205
-0.7,1500,DOWN,270,false,431425,206
-4.8,1000,UP,270,false,431425,207
-1.6,1000,DOWN,270,false,431425,208
0.7,1500,LEFT,270,false,431425,209
0,1000,RIGHT,270,false,431425,210
-1.4,1500,RIGHT,270,false,431425,211
-0.7,1500,DOWN,270,false,431425,212
1.6,1000,DOWN,270,false,431425,213
2.1,1500,RIGHT,270,false,431425,214
3.54,1500,DOWN,270,false,431425,215
0,1500,DOWN,270,false,431425,216
-4.8,1000,DOWN,270,false,431425,217
4.8,1000,LEFT,270,false,431425,218
-3.54,1500,UP,270,false,431425,219
-1.4,1500,LEFT,270,false,431425,220
1.6,1000,LEFT,270,false,431425,221
2.1,1500,DOWN,270,false,431425,222
-3.2,1000,LEFT,270,false,431425,223
0.7,1500,DOWN,270,false,431425,224
-2.1,1500,RIGHT,0,true,431419,1
2.1,1500,DOWN,0,true,431419,2
3.2,1000,RIGHT,0,true,431419,3
2.1,1500,UP,0,true,431419,4
-3.2,1000,UP,0,true,431419,5
3.2,1000,DOWN,0,true,431419,6
-3.2,1000,LEFT,0,true,431419,7
-2.1,1500,UP,0,true,431419,8
-3.2,1000,DOWN,0,true,431419,9
2.1,1500,LEFT,0,true,431419,10
3.2,1000,LEFT,0,true,431419,11
-2.1,1500,LEFT,0,true,431419,12
-2.1,1500,DOWN,0,true,431419,13
2.1,1500,RIGHT,0,true,431419,14
-3.2,1000,RIGHT,0,true,431419,15
3.2,1000,UP,0,true,431419,16
0,1000,DOWN,270,false,431419,1
-3.54,1500,RIGHT,270,false,431419,2
4.8,1000,RIGHT,270,false,431419,3
1.6,1000,RIGHT,270,false,431419,4
-3.54,1500,LEFT,270,false,431419,5
3.2,1000,RIGHT,270,false,431419,6
2.1,1500,RIGHT,270,false,431419,7
-3.2,1000,UP,270,false,431419,8
0,1500,UP,270,false,431419,9
2.1,1500,UP,270,false,431419,10
1.6,1000,UP,270,false,431419,11
1.6,1000,RIGHT,270,false,431419,12
-4.8,1000,UP,270,false,431419,13
4.8,1000,DOWN,270,false,431419,14
-0.7,1500,LEFT,270,false,431419,15
0,1000,LEFT,270,false,431419,16
1.6,1000,UP,270,false,431419,17
2.1,1500,DOWN,270,false,431419,18
-1.06666,1000,DOWN,270,false,431419,19
1.6,1000,LEFT,270,false,431419,20
0.7,1500,UP,270,false,431419,21
-0.7,1500,RIGHT,270,false,431419,22
-2.1,1500,LEFT,270,false,431419,23
-0.7,1500,RIGHT,270,false,431419,24
-0.7,1500,LEFT,270,false,431419,25
-3.2,1000,RIGHT,270,false,431419,26
-4.8,1000,DOWN,270,false,431419,27
-3.2,1000,LEFT,270,false,431419,28
-1.4,1500,UP,90,false,431419,29
0,1500,DOWN,90,false,431419,30
0,1000,RIGHT,90,false,431419,31
0,1000,DOWN,90,false,431419,32
0.7,1500,DOWN,90,false,431419,33
1.6,1000,LEFT,90,false,431419,34
0.7,1500,LEFT,90,false,431419,35
-1.6,1000,DOWN,90,false,431419,36
-3.54,1500,LEFT,90,false,431419,37
-3.2,1000,LEFT,90,false,431419,38
2.1,1500,LEFT,90,false,431419,39
0,1000,LEFT,90,false,431419,40
1.6,1000,DOWN,90,false,431419,41
-1.4,1500,DOWN,90,false,431419,42
1.4,1500,DOWN,90,false,431419,43
3.2,1000,RIGHT,90,false,431419,44
-1.4,1500,RIGHT,90,false,431419,45
-0.7,1500,UP,90,false,431419,46
1.6,1000,UP,90,false,431419,47
-1.6,1000,RIGHT,90,false,431419,48
-1.6,1000,LEFT,90,false,431419,49
-3.54,1500,DOWN,90,false,431419,50
0,1500,UP,90,false,431419,51
-1.6,1000,UP,90,false,431419,52
-1.06666,1000,LEFT,90,false,431419,53
-1.6,1000,LEFT,90,false,431419,54
3.2,1000,DOWN,90,false,431419,55
-0.7,1500,LEFT,90,false,431419,56
-1.4,1500,DOWN,270,false,431419,57
1.6,1000,DOWN,270,false,431419,58
-1.6,1000,UP,270,false,431419,59
1.6,1000,LEFT,270,false,431419,60
3.2,1000,UP,270,false,431419,61
0,1000,UP,270,false,431419,62
3.54,1500,UP,270,false,431419,63
1.4,1500,UP,270,false,431419,64
-1.6,1000,DOWN,270,false,431419,65
0.7,1500,RIGHT,270,false,431419,66
0,1500,RIGHT,270,false,431419,67
-1.6,1000,DOWN,270,false,431419,68
1.4,1500,RIGHT,270,false,431419,69
0.7,1500,LEFT,270,false,431419,70
-1.6,1000,LEFT,270,false,431419,71
-0.7,1500,RIGHT,270,false,431419,72
-1.6,1000,UP,270,false,431419,73
0,1000,RIGHT,270,false,431419,74
-1.06666,1000,LEFT,270,false,431419,75
1.06666,1000,LEFT,270,false,431419,76
3.2,1000,DOWN,270,false,431419,77
-1.4,1500,DOWN,270,false,431419,78
1.4,1500,LEFT,270,false,431419,79
0,1000,UP,270,false,431419,80
0,1500,UP,270,false,431419,81
1.4,1500,UP,270,false,431419,82
-1.4,1500,LEFT,270,false,431419,83
-1.6,1000,RIGHT,270,false,431419,84
-4.8,1000,LEFT,90,false,431419,85
-2.1,1500,UP,90,false,431419,86
0,1500,DOWN,90,false,431419,87
0.7,1500,RIGHT,90,false,431419,88
3.2,1000,UP,90,false,431419,89
-3.2,1000,UP,90,false,431419,90
0,1000,UP,90,false,431419,91
1.4,1500,LEFT,90,false,431419,92
-3.54,1500,UP,90,false,431419,93
1.6,1000,LEFT,90,false,431419,94
-1.6,1000,UP,90,false,431419,95
-0.7,1500,DOWN,90,false,431419,96
0.7,1500,UP,90,false,431419,97
4.8,1000,DOWN,90,false,431419,98
0.7,1500,DOWN,90,false,431419,99
-3.2,1000,DOWN,90,false,431419,100
-1.06666,1000,UP,90,false,431419,101
-0.7,1500,RIGHT,90,false,431419,102
-4.8,1000,UP,90,false,431419,103
-1.06666,1000,RIGHT,90,false,431419,104
1.4,1500,LEFT,90,false,431419,105
0,1000,DOWN,90,false,431419,106
0.7,1500,LEFT,90,false,431419,107
3.2,1000,LEFT,90,false,431419,108
1.4,1500,RIGHT,90,false,431419,109
3.54,1500,LEFT,90,false,431419,110
-1.4,1500,RIGHT,90,false,431419,111
1.6,1000,DOWN,90,false,431419,112
-1.6,1000,RIGHT,270,false,431419,113
1.4,1500,RIGHT,270,false,431419,114
0.7,1500,LEFT,270,false,431419,115
3.2,1000,LEFT,270,false,431419,116
1.4,1500,DOWN,270,false,431419,117
-1.4,1500,LEFT,270,false,431419,118
0,1500,RIGHT,270,false,431419,119
-1.6,1000,LEFT,270,false,431419,120
0,1500,DOWN,270,false,431419,121
2.1,1500,LEFT,270,false,431419,122
0,1000,RIGHT,270,false,431419,123
-0.7,1500,UP,270,false,431419,124
-0.7,1500,LEFT,270,false,431419,125
0.7,1500,UP,270,false,431419,126
0.7,1500,LEFT,270,false,431419,127
-3.2,1000,DOWN,270,false,431419,128
-0.7,1500,UP,270,false,431419,129
1.4,1500,DOWN,270,false,431419,130
3.54,1500,LEFT,270,false,431419,131
0.7,1500,RIGHT,270,false,431419,132
-2.1,1500,UP,270,false,431419,133
-0.7,1500,DOWN,270,false,431419,134
1.06666,1000,UP,270,false,431419,135
1.06666,1000,RIGHT,270,false,431419,136
0.7,1500,DOWN,270,false,431419,137
0.7,1500,RIGHT,270,false,431419,138
-1.4,1500,RIGHT,270,false,431419,139
-2.1,1500,DOWN,270,false,431419,140
-3.54,1500,RIGHT,90,false,431419,141
1.4,1500,RIGHT,90,false,431419,142
2.1,1500,RIGHT,90,false,431419,143
0,1500,UP,90,false,431419,144
-1.4,1500,DOWN,90,false,431419,145
2.1,1500,UP,90,false,431419,146
1.06666,1000,UP,90,false,431419,147
-1.6,1000,RIGHT,90,false,431419,148
-2.1,1500,RIGHT,90,false,431419,149
-3.2,1000,RIGHT,90,false,431419,150
-0.7,1500,DOWN,90,false,431419,151
-1.6,1000,DOWN,90,false,431419,152
-0.7,1500,LEFT,90,false,431419,153
1.6,1000,RIGHT,90,false,431419,154
-4.8,1000,RIGHT,90,false,431419,155
-0.7,1500,UP,90,false,431419,156
1.4,1500,UP,90,false,431419,157
-0.7,1500,UP,90,false,431419,158
0.7,1500,RIGHT,90,false,431419,159
3.54,1500,UP,90,false,431419,160
-1.4,1500,UP,90,false,431419,161
0,1500,LEFT,90,false,431419,162
1.06666,1000,DOWN,90,false,431419,163
-2.1,1500,LEFT,90,false,431419,164
0,1500,LEFT,90,false,431419,165
0,1000,RIGHT,90,false,431419,166
-2.1,1500,DOWN,90,false,431419,167
0.7,1500,RIGHT,90,false,431419,168
0,1000,LEFT,270,false,431419,169
0.7,1500,UP,270,false,431419,170
0,1500,LEFT,270,false,431419,171
-4.8,1000,RIGHT,270,false,431419,172
-0.7,1500,DOWN,270,false,431419,173
-4.8,1000,LEFT,270,false,431419,174
3.54,1500,RIGHT,270,false,431419,175
1.06666,1000,DOWN,270,false,431419,176
-1.4,1500,UP,270,false,431419,177
3.54,1500,DOWN,270,false,431419,178
0,1500,DOWN,270,false,431419,179
-1.4,1500,UP,270,false,431419,180
0,1000,DOWN,270,false,431419,181
-1.4,1500,RIGHT,270,false,431419,182
-0.7,1500,UP,270,false,431419,183
-1.06666,1000,RIGHT,270,false,431419,184
4.8,1000,LEFT,270,false,431419,185
-0.7,1500,DOWN,270,false,431419,186
0,1500,LEFT,270,false,431419,187
1.4,1500,LEFT,270,false,431419,188
-2.1,1500,RIGHT,270,false,431419,189
0.7,1500,DOWN,270,false,431419,190
-3.54,1500,UP,270,false,431419,191
0.7,1500,DOWN,270,false,431419,192
4.8,1000,UP,270,false,431419,193
-3.54,1500,DOWN,270,false,431419,194
1.6,1000,DOWN,270,false,431419,195
-1.06666,1000,UP,270,false,431419,196
0.7,1500,UP,90,false,431419,197
-4.8,1000,DOWN,90,false,431419,198
-0.7,1500,RIGHT,90,false,431419,199
1.6,1000,UP,90,false,431419,200
-0.7,1500,DOWN,90,false,431419,201
4.8,1000,RIGHT,90,false,431419,202
3.54,1500,RIGHT,90,false,431419,203
3.54,1500,DOWN,90,false,431419,204
0.7,1500,UP,90,false,431419,205
0,1500,RIGHT,90,false,431419,206
-1.06666,1000,DOWN,90,false,431419,207
-0.7,1500,RIGHT,90,false,431419,208
-1.4,1500,LEFT,90,false,431419,209
0,1000,LEFT,90,false,431419,210
0.7,1500,DOWN,90,false,431419,211
4.8,1000,LEFT,90,false,431419,212
2.1,1500,DOWN,90,false,431419,213
0,1500,RIGHT,90,false,431419,214
0,1000,UP,90,false,431419,215
1.4,1500,DOWN,90,false,431419,216
0.7,1500,LEFT,90,false,431419,217
-0.7,1500,LEFT,90,false,431419,218
-1.4,1500,LEFT,90,false,431419,219
4.8,1000,UP,90,false,431419,220
1.4,1500,UP,90,false,431419,221
1.6,1000,RIGHT,90,false,431419,222
1.06666,1000,RIGHT,90,false,431419,223
1.06666,1000,LEFT,90,false,431419,224
3.2,1000,DOWN,0,true,431341,1
-2.1,1500,RIGHT,0,true,431341,2
2.1,1500,LEFT,0,true,431341,3
-3.2,1000,LEFT,0,true,431341,4
2.1,1500,DOWN,0,true,431341,5
3.2,1000,LEFT,0,true,431341,6
3.2,1000,UP,0,true,431341,7
-3.2,1000,RIGHT,0,true,431341,8
-2.1,1500,LEFT,0,true,431341,9
-2.1,1500,UP,0,true,431341,10
2.1,1500,RIGHT,0,true,431341,11
3.2,1000,RIGHT,0,true,431341,12
-2.1,1500,DOWN,0,true,431341,13
-3.2,1000,UP,0,true,431341,14
2.1,1500,UP,0,true,431341,15
-3.2,1000,DOWN,0,true,431341,16
0,1500,RIGHT,90,false,431341,1
-0.7,1500,RIGHT,90,false,431341,2
0.7,1500,DOWN,90,false,431341,3
4.8,1000,DOWN,90,false,431341,4
0.7,1500,LEFT,90,false,431341,5
0,1000,LEFT,90,false,431341,6
-1.6,1000,DOWN,90,false,431341,7
-3.2,1000,UP,90,false,431341,8
-1.4,1500,UP,90,false,431341,9
3.2,1000,UP,90,false,431341,10
0.7,1500,DOWN,90,false,431341,11
-0.7,1500,DOWN,90,false,431341,12
-1.6,1000,UP,90,false,431341,13
1.4,1500,UP,90,false,431341,14
1.4,1500,UP,90,false,431341,15
1.6,1000,LEFT,90,false,431341,16
-2.1,1500,LEFT,90,false,431341,17
0.7,1500,UP,90,false,431341,18
-0.7,1500,LEFT,90,false,431341,19
0,1500,DOWN,90,false,431341,20
0.7,1500,DOWN,90,false,431341,21
-2.1,1500,RIGHT,90,false,431341,22
-1.6,1000,DOWN,90,false,431341,23
-3.54,1500,DOWN,90,false,431341,24
1.6,1000,UP,90,false,431341,25
-1.6,1000,LEFT,90,false,431341,26
1.6,1000,RIGHT,90,false,431341,27
0,1000,RIGHT,90,false,431341,28
2.1,1500,DOWN,270,false,431341,29
-0.7,1500,UP,270,false,431341,30
0.7,1500,LEFT,270,false,431341,31
3.54,1500,LEFT,270,false,431341,32
4.8,1000,UP,270,false,431341,33
0,1500,LEFT,270,false,431341,34
0,1500,UP,270,false,431341,35
-3.54,1500,LEFT,270,false,431341,36
0,1000,RIGHT,270,false,431341,37
1.6,1000,DOWN,270,false,431341,38
-1.6,1000,LEFT,270,false,431341,39
1.6,1000,LEFT,270,false,431341,40
0.7,1500,LEFT,270,false,431341,41
-3.54,1500,UP,270,false,431341,42
1.4,1500,UP,270,false,431341,43
1.06666,1000,UP,270,false,431341,44
0.7,1500,RIGHT,270,false,431341,45
4.8,1000,DOWN,270,false,431341,46
-1.6,1000,RIGHT,270,false,431341,47
2.1,1500,UP,270,false,431341,48
-0.7,1500,RIGHT,270,false,431341,49
-1.4,1500,DOWN,270,false,431341,50
-1.6,1000,DOWN,270,false,431341,51
1.06666,1000,LEFT,270,false,431341,52
1.4,1500,RIGHT,270,false,431341,53
0,1000,DOWN,270,false,431341,54
0,1000,LEFT,270,false,431341,55
0.7,1500,DOWN,270,false,431341,56
0.7,1500,RIGHT,90,false,431341,57
0,1500,UP,90,false,431341,58
-1.6,1000,LEFT,90,false,431341,59
1.4,1500,RIGHT,90,false,431341,60
2.1,1500,LEFT,90,false,431341,61
-0.7,1500,UP,90,false,431341,62
2.1,1500,UP,90,false,431341,63
0.7,1500,UP,90,false,431341,64
-4.8,1000,DOWN,90,false,431341,65
2.1,1500,RIGHT,90,false,431341,66
1.4,1500,LEFT,90,false,431341,67
0.7,1500,LEFT,90,false,431341,68
1.4,1500,LEFT,90,false,431341,69
-4.8,1000,RIGHT,90,false,431341,70
4.8,1000,LEFT,90,false,431341,71
-2.1,1500,UP,90,false,431341,72
0,1500,LEFT,90,false,431341,73
0.7,1500,LEFT,90,false,431341,74
1.6,1000,RIGHT,90,false,431341,75
3.2,1000,RIGHT,90,false,431341,76
1.06666,1000,UP,90,false,431341,77
-1.06666,1000,DOWN,90,false,431341,78
-1.4,1500,RIGHT,90,false,431341,79
3.54,1500,LEFT,90,false,431341,80
1.6,1000,DOWN,90,false,431341,81
-0.7,1500,LEFT,90,false,431341,82
0,1500,UP,90,false,431341,83
-4.8,1000,UP,90,false,431341,84
0,1000,LEFT,270,false,431341,85
1.4,1500,UP,270,false,431341,86
-0.7,1500,LEFT,270,false,431341,87
3.54,1500,DOWN,270,false,431341,88
1.4,1500,DOWN,270,false,431341,89
-0.7,1500,LEFT,270,false,431341,90
-0.7,1500,DOWN,270,false,431341,91
-4.8,1000,DOWN,270,false,431341,92
1.06666,1000,RIGHT,270,false,431341,93
3.54,1500,RIGHT,270,false,431341,94
-0.7,1500,DOWN,270,false,431341,95
0,1000,DOWN,270,false,431341,96
-1.4,1500,DOWN,270,false,431341,97
0,1500,DOWN,270,false,431341,98
-4.8,1000,UP,270,false,431341,99
1.6,1000,LEFT,270,false,431341,100
0,1500,UP,270,false,431341,101
0.7,1500,UP,270,false,431341,102
-2.1,1500,UP,270,false,431341,103
1.06666,1000,DOWN,270,false,431341,104
-2.1,1500,RIGHT,270,false,431341,105
2.1,1500,LEFT,270,false,431341,106
-2.1,1500,DOWN,270,false,431341,107
-1.6,1000,LEFT,270,false,431341,108
3.2,1000,LEFT,270,false,431341,109
0.7,1500,DOWN,270,false,431341,110
-3.2,1000,LEFT,270,false,431341,111
0.7,1500,RIGHT,270,false,431341,112
-3.2,1000,DOWN,90,false,431341,113
-0.7,1500,DOWN,90,false,431341,114
1.6,1000,DOWN,90,false,431341,115
-0.7,1500,UP,90,false,431341,116
0,1500,LEFT,90,false,431341,117
3.54,1500,DOWN,90,false,431341,118
0.7,1500,RIGHT,90,false,431341,119
-2.1,1500,DOWN,90,false,431341,120
0,1000,RIGHT,90,false,431341,121
-1.4,1500,DOWN,90,false,431341,122
1.4,1500,RIGHT,90,false,431341,123
4.8,1000,RIGHT,90,false,431341,124
-0.7,1500,LEFT,90,false,431341,125
-3.2,1000,RIGHT,90,false,431341,126
1.06666,1000,DOWN,90,false,431341,127
3.2,1000,LEFT,90,false,431341,128
1.6,1000,LEFT,90,false,431341,129
-0.7,1500,RIGHT,90,false,431341,130
-1.4,1500,LEFT,90,false,431341,131
-4.8,1000,LEFT,90,false,431341,132
-3.2,1000,LEFT,90,false,431341,133
2.1,1500,DOWN,90,false,431341,134
-1.6,1000,UP,90,false,431341,135
1.6,1000,UP,90,false,431341,136
0,1000,UP,90,false,431341,137
-1.06666,1000,RIGHT,90,false,431341,138
-3.54,1500,RIGHT,90,false,431341,139
0,1000,LEFT,90,false,431341,140
-0.7,1500,LEFT,270,false,431341,141
-1.4,1500,LEFT,270,false,431341,142
0.7,1500,DOWN,270,false,431341,143
1.6,1000,DOWN,270,false,431341,144
-1.06666,1000,LEFT,270,false,431341,145
0,1500,RIGHT,270,false,431341,146
-3.54,1500,DOWN,270,false,431341,147
0.7,1500,LEFT,270,false,431341,148
0,1000,UP,270,false,431341,149
-1.6,1000,DOWN,270,false,431341,150
1.6,1000,UP,270,false,431341,151
-1.4,1500,UP,270,false,431341,152
-0.7,1500,UP,270,false,431341,153
2.1,1500,RIGHT,270,false,431341,154
-1.06666,1000,RIGHT,270,false,431341,155
-1.4,1500,LEFT,270,false,431341,156
0,1000,UP,270,false,431341,157
-1.06666,1000,DOWN,270,false,431341,158
1.4,1500,RIGHT,270,false,431341,159
3.54,1500,UP,270,false,431341,160
0,1000,RIGHT,270,false,431341,161
3.2,1000,UP,270,false,431341,162
-3.2,1000,DOWN,270,false,431341,163
0,1500,LEFT,270,false,431341,164
0.7,1500,UP,270,false,431341,165
-1.4,1500,RIGHT,270,false,431341,166
4.8,1000,LEFT,270,false,431341,167
-1.4,1500,UP,270,false,431341,168
-0.7,1500,RIGHT,90,false,431341,169
1.4,1500,DOWN,90,false,431341,170
-0.7,1500,UP,90,false,431341,171
0.7,1500,RIGHT,90,false,431341,172
-3.54,1500,LEFT,90,false,431341,173
1.4,1500,DOWN,90,false,431341,174
-1.6,1000,RIGHT,90,false,431341,175
0,1000,UP,90,false,431341,176
-1.4,1500,UP,90,false,431341,177
4.8,1000,UP,90,false,431341,178
3.54,1500,UP,90,false,431341,179
1.06666,1000,LEFT,90,false,431341,180
-1.6,1000,RIGHT,90,false,431341,181
-3.54,1500,UP,90,false,431341,182
0,1500,DOWN,90,false,431341,183
0,1000,DOWN,90,false,431341,184
-0.7,1500,DOWN,90,false,431341,185
-1.06666,1000,UP,90,false,431341,186
3.2,1000,DOWN,90,false,431341,187
-1.06666,1000,LEFT,90,false,431341,188
-1.4,1500,DOWN,90,false,431341,189
0,1000,DOWN,90,false,431341,190
1.06666,1000,RIGHT,90,false,431341,191
0,1500,RIGHT,90,false,431341,192
-1.4,1500,RIGHT,90,false,431341,193
-1.4,1500,LEFT,90,false,431341,194
0.7,1500,UP,90,false,431341,195
3.54,1500,RIGHT,90,false,431341,196
-1.6,1000,UP,270,false,431341,197
3.2,1000,RIGHT,270,false,431341,198
-3.54,1500,RIGHT,270,false,431341,199
-0.7,1500,DOWN,270,false,431341,200
-0.7,1500,RIGHT,270,false,431341,201
-1.06666,1000,UP,270,false,431341,202
1.6,1000,UP,270,false,431341,203
1.6,1000,RIGHT,270,false,431341,204
-1.6,1000,UP,270,false,431341,205
-3.2,1000,UP,270,false,431341,206
-0.7,1500,UP,270,false,431341,207
1.4,1500,LEFT,270,false,431341,208
-3.2,1000,RIGHT,270,false,431341,209
-0.7,1500,RIGHT,270,false,431341,210
1.4,1500,LEFT,270,false,431341,211
-4.8,1000,LEFT,270,false,431341,212
-1.4,1500,RIGHT,270,false,431341,213
-1.6,1000,RIGHT,270,false,431341,214
0.7,1500,RIGHT,270,false,431341,215
1.6,1000,RIGHT,270,false,431341,216
-2.1,1500,LEFT,270,false,431341,217
0,1500,DOWN,270,false,431341,218
1.4,1500,DOWN,270,false,431341,219
4.8,1000,RIGHT,270,false,431341,220
3.2,1000,DOWN,270,false,431341,221
-4.8,1000,RIGHT,270,false,431341,222
0.7,1500,UP,270,false,431341,223
0,1500,RIGHT,270,false,431341,224
3.2,1000,UP,0,true,431340,1
-3.2,1000,UP,0,true,431340,2
-3.2,1000,RIGHT,0,true,431340,3
2.1,1500,DOWN,0,true,431340,4
2.1,1500,LEFT,0,true,431340,5
3.2,1000,LEFT,0,true,431340,6
-2.1,1500,LEFT,0,true,431340,7
2.1,1500,RIGHT,0,true,431340,8
3.2,1000,RIGHT,0,true,431340,9
-3.2,1000,DOWN,0,true,431340,10
3.2,1000,DOWN,0,true,431340,11
-2.1,1500,UP,0,true,431340,12
-2.1,1500,RIGHT,0,true,431340,13
-3.2,1000,LEFT,0,true,431340,14
-2.1,1500,DOWN,0,true,431340,15
2.1,1500,UP,0,true,431340,16
1.4,1500,RIGHT,270,false,431340,1
0.7,1500,RIGHT,270,false,431340,2
0,1000,LEFT,270,false,431340,3
1.06666,1000,DOWN,270,false,431340,4
-4.8,1000,UP,270,false,431340,5
-0.7,1500,UP,270,false,431340,6
-4.8,1000,DOWN,270,false,431340,7
3.2,1000,DOWN,270,false,431340,8
0.7,1500,DOWN,270,false,431340,9
-1.06666,1000,UP,270,false,431340,10
0.7,1500,UP,270,false,431340,11
-0.7,1500,RIGHT,270,false,431340,12
4.8,1000,LEFT,270,false,431340,13
-3.54,1500,LEFT,270,false,431340,14
0,1500,RIGHT,270,false,431340,15
0.7,1500,LEFT,270,false,431340,16
-1.4,1500,UP,270,false,431340,17
0.7,1500,RIGHT,270,false,431340,18
1.4,1500,DOWN,270,false,431340,19
4.8,1000,RIGHT,270,false,431340,20
3.2,1000,UP,270,false,431340,21
-1.4,1500,LEFT,270,false,431340,22
1.4,1500,DOWN,270,false,431340,23
-1.6,1000,UP,270,false,431340,24
-1.4,1500,UP,270,false,431340,25
1.4,1500,UP,270,false,431340,26
-0.7,1500,DOWN,270,false,431340,27
-1.4,1500,LEFT,270,false,431340,28
-3.2,1000,LEFT,90,false,431340,29
-0.7,1500,UP,90,false,431340,30
0,1000,UP,90,false,431340,31
-3.54,1500,RIGHT,90,false,431340,32
1.6,1000,DOWN,90,false,431340,33
-0.7,1500,LEFT,90,false,431340,34
3.2,1000,RIGHT,90,false,431340,35
3.2,1000,DOWN,90,false,431340,36
-1.4,1500,RIGHT,90,false,431340,37
-1.4,1500,DOWN,90,false,431340,38
0,1500,UP,90,false,431340,39
0,1500,LEFT,90,false,431340,40
3.54,1500,RIGHT,90,false,431340,41
-0.7,1500,RIGHT,90,false,431340,42
0.7,1500,LEFT,90,false,431340,43
-0.7,1500,RIGHT,90,false,431340,44
-4.8,1000,LEFT,90,false,431340,45
0.7,1500,UP,90,false,431340,46
0,1000,LEFT,90,false,431340,47
0.7,1500,LEFT,90,false,431340,48
4.8,1000,RIGHT,90,false,431340,49
-0.7,1500,LEFT,90,false,431340,50
0,1000,UP,90,false,431340,51
-1.6,1000,RIGHT,90,false,431340,52
-0.7,1500,RIGHT,90,false,431340,53
1.06666,1000,UP,90,false,431340,54
3.54,1500,DOWN,90,false,431340,55
0.7,1500,UP,90,false,431340,56
-0.7,1500,LEFT,270,false,431340,57
0,1000,UP,270,false,431340,58
-1.4,1500,DOWN,270,false,431340,59
0.7,1500,DOWN,270,false,431340,60
-0.7,1500,UP,270,false,431340,61
-0.7,1500,DOWN,270,false,431340,62
-0.7,1500,RIGHT,270,false,431340,63
2.1,1500,UP,270,false,431340,64
3.2,1000,LEFT,270,false,431340,65
-3.2,1000,RIGHT,270,false,431340,66
3.54,1500,UP,270,false,431340,67
1.4,1500,LEFT,270,false,431340,68
1.6,1000,UP,270,false,431340,69
0,1500,LEFT,270,false,431340,70
4.8,1000,UP,270,false,431340,71
3.54,1500,RIGHT,270,false,431340,72
2.1,1500,DOWN,270,false,431340,73
-1.6,1000,RIGHT,270,false,431340,74
0,1000,DOWN,270,false,431340,75
1.6,1000,RIGHT,270,false,431340,76
-0.7,1500,UP,270,false,431340,77
0,1500,UP,270,false,431340,78
-1.6,1000,UP,270,false,431340,79
-0.7,1500,RIGHT,270,false,431340,80
-4.8,1000,LEFT,270,false,431340,81
1.6,1000,DOWN,270,false,431340,82
1.6,1000,UP,270,false,431340,83
-0.7,1500,LEFT,270,false,431340,84
1.06666,1000,DOWN,90,false,431340,85
-1.6,1000,LEFT,90,false,431340,86
1.4,1500,LEFT,90,false,431340,87
-1.4,1500,LEFT,90,false,431340,88
0,1500,RIGHT,90,false,431340,89
0,1000,DOWN,90,false,431340,90
2.1,1500,DOWN,90,false,431340,91
4.8,1000,UP,90,false,431340,92
1.4,1500,RIGHT,90,false,431340,93
2.1,1500,RIGHT,90,false,431340,94
-1.4,1500,LEFT,90,false,431340,95
-1.4,1500,UP,90,false,431340,96
1.6,1000,UP,90,false,431340,97
-1.6,1000,UP,90,false,431340,98
1.4,1500,LEFT,90,false,431340,99
4.8,1000,DOWN,90,false,431340,100
0.7,1500,RIGHT,90,false,431340,101
1.4,1500,UP,90,false,431340,102
-0.7,1500,LEFT,90,false,431340,103
1.6,1000,LEFT,90,false,431340,104
1.6,1000,LEFT,90,false,431340,105
-3.2,1000,UP,90,false,431340,106
0,1500,LEFT,90,false,431340,107
-4.8,1000,DOWN,90,false,431340,108
1.4,1500,UP,90,false,431340,109
-3.54,1500,LEFT,90,false,431340,110
1.4,1500,RIGHT,90,false,431340,111
-0.7,1500,DOWN,90,false,431340,112
1.06666,1000,LEFT,270,false,431340,113
2.1,1500,LEFT,270,false,431340,114
1.06666,1000,UP,270,false,431340,115
-3.2,1000,DOWN,270,false,431340,116
-3.54,1500,DOWN,270,false,431340,117
0.7,1500,UP,270,false,431340,118
0,1500,DOWN,270,false,431340,119
0,1000,UP,270,false,431340,120
-2.1,1500,DOWN,270,false,431340,121
1.06666,1000,RIGHT,270,false,431340,122
1.6,1000,LEFT,270,false,431340,123
-2.1,1500,RIGHT,270,false,431340,124
3.54,1500,LEFT,270,false,431340,125
-0.7,1500,LEFT,270,false,431340,126
-1.06666,1000,RIGHT,270,false,431340,127
1.6,1000,DOWN,270,false,431340,128
2.1,1500,RIGHT,270,false,431340,129
1.6,1000,RIGHT,270,false,431340,130
-1.06666,1000,LEFT,270,false,431340,131
-1.4,1500,RIGHT,270,false,431340,132
1.4,1500,UP,270,false,431340,133
0.7,1500,RIGHT,270,false,431340,134
-3.54,1500,RIGHT,270,false,431340,135
0.7,1500,DOWN,270,false,431340,136
-1.6,1000,RIGHT,270,false,431340,137
-1.4,1500,DOWN,270,false,431340,138
0.7,1500,LEFT,270,false,431340,139
1.4,1500,LEFT,270,false,431340,140
-0.7,1500,UP,90,false,431340,141
-4.8,1000,UP,90,false,431340,142
1.6,1000,UP,90,false,431340,143
0,1000,RIGHT,90,false,431340,144
-1.06666,1000,RIGHT,90,false,431340,145
1.6,1000,RIGHT,90,false,431340,146
-1.6,1000,RIGHT,90,false,431340,147
3.54,1500,LEFT,90,false,431340,148
0.7,1500,RIGHT,90,false,431340,149
0,1500,DOWN,90,false,431340,150
-1.4,1500,DOWN,90,false,431340,151
1.4,1500,DOWN,90,false,431340,152
0.7,1500,RIGHT,90,false,431340,153
0,1000,LEFT,90,false,431340,154
0.7,1500,UP,90,false,431340,155
-0.7,1500,UP,90,false,431340,156
-3.54,1500,DOWN,90,false,431340,157
-4.8,1000,RIGHT,90,false,431340,158
-1.06666,1000,LEFT,90,false,431340,159
3.2,1000,UP,90,false,431340,160
0,1000,RIGHT,90,false,431340,161
0,1500,DOWN,90,false,431340,162
-1.06666,1000,UP,90,false,431340,163
0.7,1500,LEFT,90,false,431340,164
0.7,1500,DOWN,90,false,431340,165
4.8,1000,LEFT,90,false,431340,166
-3.2,1000,DOWN,90,false,431340,167
0,1500,UP,90,false,431340,168
4.8,1000,DOWN,270,false,431340,169
0,1500,DOWN,270,false,431340,170
-1.4,1500,RIGHT,270,false,431340,171
-3.54,1500,UP,270,false,431340,172
-1.6,1000,DOWN,270,false,431340,173
0,1000,LEFT,270,false,431340,174
0,1500,LEFT,270,false,431340,175
-1.6,1000,LEFT,270,false,431340,176
0,1000,RIGHT,270,false,431340,177
-3.2,1000,LEFT,270,false,431340,178
3.54,1500,DOWN,270,false,431340,179
-1.6,1000,LEFT,270,false,431340,180
3.2,1000,RIGHT,270,false,431340,181
-1.06666,1000,DOWN,270,false,431340,182
0,1500,UP,270,false,431340,183
-2.1,1500,UP,270,false,431340,184
-2.1,1500,LEFT,270,false,431340,185
1.4,1500,RIGHT,270,false,431340,186
1.6,1000,LEFT,270,false,431340,187
-1.6,1000,DOWN,270,false,431340,188
-3.2,1000,UP,270,false,431340,189
0,1500,RIGHT,270,false,431340,190
0.7,1500,LEFT,270,false,431340,191
0.7,1500,UP,270,false,431340,192
-4.8,1000,RIGHT,270,false,431340,193
0,1000,DOWN,270,false,431340,194
-0.7,1500,DOWN,270,false,431340,195
0,1000,RIGHT,270,false,431340,196
0.7,1500,DOWN,90,false,431340,197
0,1500,RIGHT,90,false,431340,198
0.7,1500,DOWN,90,false,431340,199
-3.2,1000,RIGHT,90,false,431340,200
1.06666,1000,RIGHT,90,false,431340,201
1.6,1000,RIGHT,90,false,431340,202
-1.4,1500,UP,90,false,431340,203
3.54,1500,UP,90,false,431340,204
0,1000,DOWN,90,false,431340,205
-2.1,1500,LEFT,90,false,431340,206
-1.6,1000,UP,90,false,431340,207
-2.1,1500,UP,90,false,431340,208
3.2,1000,LEFT,90,false,431340,209
-1.4,1500,RIGHT,90,false,431340,210
-2.1,1500,DOWN,90,false,431340,211
-1.06666,1000,DOWN,90,false,431340,212
-1.6,1000,LEFT,90,false,431340,213
2.1,1500,LEFT,90,false,431340,214
2.1,1500,UP,90,false,431340,215
-1.6,1000,DOWN,90,false,431340,216
-0.7,1500,DOWN,90,false,431340,217
1.06666,1000,LEFT,90,false,431340,218
1.4,1500,DOWN,90,false,431340,219
1.6,1000,DOWN,90,false,431340,220
-0.7,1500,DOWN,90,false,431340,221
-1.6,1000,DOWN,90,false,431340,222
-3.54,1500,UP,90,false,431340,223
-2.1,1500,RIGHT,90,false,431340,224
-3.2,1000,LEFT,0,true,431338,1
-2.1,1500,RIGHT,0,true,431338,2
2.1,1500,UP,0,true,431338,3
-3.2,1000,DOWN,0,true,431338,4
-2.1,1500,LEFT,0,true,431338,5
-2.1,1500,UP,0,true,431338,6
-2.1,1500,DOWN,0,true,431338,7
3.2,1000,LEFT,0,true,431338,8
3.2,1000,RIGHT,0,true,431338,9
2.1,1500,LEFT,0,true,431338,10
2.1,1500,DOWN,0,true,431338,11
-3.2,1000,RIGHT,0,true,431338,12
3.2,1000,DOWN,0,true,431338,13
2.1,1500,RIGHT,0,true,431338,14
3.2,1000,UP,0,true,431338,15
-3.2,1000,UP,0,true,431338,16
0,1000,DOWN,270,false,431338,1
-0.7,1500,RIGHT,270,false,431338,2
0.7,1500,RIGHT,270,false,431338,3
-4.8,1000,LEFT,270,false,431338,4
3.2,1000,UP,270,false,431338,5
0,1000,UP,270,false,431338,6
4.8,1000,LEFT,270,false,431338,7
-3.2,1000,LEFT,270,false,431338,8
1.4,1500,RIGHT,270,false,431338,9
0.7,1500,DOWN,270,false,431338,10
-1.4,1500,LEFT,270,false,431338,11
-1.06666,1000,LEFT,270,false,431338,12
-1.6,1000,LEFT,270,false,431338,13
0.7,1500,DOWN,270,false,431338,14
3.54,1500,RIGHT,270,false,431338,15
1.4,1500,DOWN,270,false,431338,16
1.06666,1000,LEFT,270,false,431338,17
1.6,1000,RIGHT,270,false,431338,18
-1.6,1000,RIGHT,270,false,431338,19
0.7,1500,LEFT,270,false,431338,20
3.54,1500,DOWN,270,false,431338,21
-1.4,1500,DOWN,270,false,431338,22
0,1000,RIGHT,270,false,431338,23
1.4,1500,UP,270,false,431338,24
-2.1,1500,DOWN,270,false,431338,25
-1.06666,1000,RIGHT,270,false,431338,26
-1.6,1000,DOWN,270,false,431338,27
0,1000,LEFT,270,false,431338,28
-1.6,1000,LEFT,90,false,431338,29
-1.6,1000,RIGHT,90,false,431338,30
0.7,1500,RIGHT,90,false,431338,31
1.6,1000,DOWN,90,false,431338,32
1.6,1000,UP,90,false,431338,33
3.54,1500,RIGHT,90,false,431338,34
0.7,1500,LEFT,90,false,431338,35
0.7,1500,LEFT,90,false,431338,36
-3.54,1500,LEFT,90,false,431338,37
-0.7,1500,DOWN,90,false,431338,38
-0.7,1500,LEFT,90,false,431338,39
-0.7,1500,UP,90,false,431338,40
-1.6,1000,UP,90,false,431338,41
-1.06666,1000,LEFT,90,false,431338,42
0,1500,UP,90,false,431338,43
0.7,1500,UP,90,false,431338,44
0,1500,UP,90,false,431338,45
-1.4,1500,LEFT,90,false,431338,46
-1.4,1500,UP,90,false,431338,47
1.06666,1000,RIGHT,90,false,431338,48
-1.4,1500,LEFT,90,false,431338,49
-1.06666,1000,DOWN,90,false,431338,50
-1.4,1500,DOWN,90,false,431338,51
-3.2,1000,UP,90,false,431338,52
1.4,1500,RIGHT,90,false,431338,53
-1.6,1000,UP,90,false,431338,54
0,1500,DOWN,90,false,431338,55
3.54,1500,DOWN,90,false,431338,56
-3.54,1500,DOWN,270,false,431338,57
4.8,1000,UP,270,false,431338,58
0,1500,DOWN,270,false,431338,59
-2.1,1500,RIGHT,270,false,431338,60
1.06666,1000,RIGHT,270,false,431338,61
-0.7,1500,DOWN,270,false,431338,62
3.54,1500,LEFT,270,false,431338,63
1.06666,1000,UP,270,false,431338,64
-0.7,1500,LEFT,270,false,431338,65
2.1,1500,UP,270,false,431338,66
-1.4,1500,DOWN,270,false,431338,67
-0.7,1500,DOWN,270,false,431338,68
1.4,1500,RIGHT,270,false,431338,69
-1.06666,1000,UP,270,false,431338,70
-2.1,1500,UP,270,false,431338,71
3.2,1000,LEFT,270,false,431338,72
1.6,1000,UP,270,false,431338,73
2.1,1500,RIGHT,270,false,431338,74
0.7,1500,LEFT,270,false,431338,75
0,1000,LEFT,270,false,431338,76
0.7,1500,DOWN,270,false,431338,77
-1.6,1000,RIGHT,270,false,431338,78
4.8,1000,RIGHT,270,false,431338,79
4.8,1000,DOWN,270,false,431338,80
-0.7,1500,UP,270,false,431338,81
-1.6,1000,UP,270,false,431338,82
1.4,1500,DOWN,270,false,431338,83
0.7,1500,UP,270,false,431338,84
-1.6,1000,LEFT,90,false,431338,85
-2.1,1500,DOWN,90,false,431338,86
0.7,1500,RIGHT,90,false,431338,87
-0.7,1500,RIGHT,90,false,431338,88
0,1000,RIGHT,90,false,431338,89
4.8,1000,DOWN,90,false,431338,90
-4.8,1000,DOWN,90,false,431338,91
-1.4,1500,UP,90,false,431338,92
0,1000,UP,90,false,431338,93
2.1,1500,LEFT,90,false,431338,94
-3.2,1000,DOWN,90,false,431338,95
1.6,1000,UP,90,false,431338,96
-4.8,1000,RIGHT,90,false,431338,97
-1.6,1000,DOWN,90,false,431338,98
1.4,1500,UP,90,false,431338,99
1.6,1000,LEFT,90,false,431338,100
2.1,1500,DOWN,90,false,431338,101
3.2,1000,UP,90,false,431338,102
-0.7,1500,RIGHT,90,false,431338,103
0,1500,DOWN,90,false,431338,104
1.6,1000,DOWN,90,false,431338,105
0.7,1500,UP,90,false,431338,106
0.7,1500,DOWN,90,false,431338,107
0,1500,LEFT,90,false,431338,108
-0.7,1500,UP,90,false,431338,109
-4.8,1000,LEFT,90,false,431338,110
-1.4,1500,RIGHT,90,false,431338,111
-3.54,1500,RIGHT,90,false,431338,112
1.6,1000,UP,270,false,431338,113
1.4,1500,LEFT,270,false,431338,114
-4.8,1000,UP,270,false,431338,115
-0.7,1500,RIGHT,270,false,431338,116
-1.4,1500,LEFT,270,false,431338,117
0,1000,DOWN,270,false,431338,118
0,1500,LEFT,270,false,431338,119
0.7,1500,UP,270,false,431338,120
3.2,1000,DOWN,270,false,431338,121
0.7,1500,RIGHT,270,false,431338,122
-4.8,1000,RIGHT,270,false,431338,123
0,1500,RIGHT,270,false,431338,124
-1.4,1500,UP,270,false,431338,125
1.6,1000,DOWN,270,false,431338,126
2.1,1500,LEFT,270,false,431338,127
1.6,1000,LEFT,270,false,431338,128
0,1500,LEFT,270,false,431338,129
-3.54,1500,RIGHT,270,false,431338,130
0,1500,RIGHT,270,false,431338,131
-3.2,1000,RIGHT,270,false,431338,132
-1.6,1000,LEFT,270,false,431338,133
-1.06666,1000,DOWN,270,false,431338,134
1.06666,1000,DOWN,270,false,431338,135
-0.7,1500,LEFT,270,false,431338,136
2.1,1500,DOWN,270,false,431338,137
-4.8,1000,DOWN,270,false,431338,138
-3.54,1500,UP,270,false,431338,139
-3.54,1500,LEFT,270,false,431338,140
-0.7,1500,DOWN,90,false,431338,141
1.4,1500,DOWN,90,false,431338,142
-2.1,1500,UP,90,false,431338,143
0,1000,DOWN,90,false,431338,144
0,1000,LEFT,90,false,431338,145
3.54,1500,UP,90,false,431338,146
-3.2,1000,RIGHT,90,false,431338,147
-2.1,1500,RIGHT,90,false,431338,148
1.4,1500,DOWN,90,false,431338,149
4.8,1000,RIGHT,90,false,431338,150
0,1500,RIGHT,90,false,431338,151
-0.7,1500,UP,90,false,431338,152
-0.7,1500,LEFT,90,false,431338,153
1.6,1000,LEFT,90,false,431338,154
1.6,1000,RIGHT,90,false,431338,155
1.4,1500,RIGHT,90,false,431338,156
-0.7,1500,LEFT,90,false,431338,157
0,1000,UP,90,false,431338,158
3.2,1000,LEFT,90,false,431338,159
0,1000,DOWN,90,false,431338,160
1.06666,1000,LEFT,90,false,431338,161
3.54,1500,LEFT,90,false,431338,162
4.8,1000,LEFT,90,false,431338,163
3.2,1000,RIGHT,90,false,431338,164
-3.2,1000,LEFT,90,false,431338,165
-1.06666,1000,UP,90,false,431338,166
2.1,1500,UP,90,false,431338,167
1.4,1500,LEFT,90,false,431338,168
-1.4,1500,UP,270,false,431338,169
3.2,1000,RIGHT,270,false,431338,170
3.54,1500,UP,270,false,431338,171
-0.7,1500,UP,270,false,431338,172
-2.1,1500,LEFT,270,false,431338,173
1.6,1000,LEFT,270,false,431338,174
-1.6,1000,DOWN,270,false,431338,175
1.6,1000,DOWN,270,false,431338,176
-0.7,1500,LEFT,270,false,431338,177
-1.4,1500,RIGHT,270,false,431338,178
-3.2,1000,UP,270,false,431338,179
0,1500,UP,270,false,431338,180
-0.7,1500,DOWN,270,false,431338,181
-0.7,1500,UP,270,false,431338,182
0,1000,RIGHT,270,false,431338,183
-1.4,1500,RIGHT,270,false,431338,184
0,1000,UP,270,false,431338,185
1.4,1500,UP,270,false,431338,186
0.7,1500,LEFT,270,false,431338,187
0,1500,DOWN,270,false,431338,188
0.7,1500,RIGHT,270,false,431338,189
0.7,1500,UP,270,false,431338,190
1.6,1000,RIGHT,270,false,431338,191
1.4,1500,LEFT,270,false,431338,192
0,1500,UP,270,false,431338,193
-0.7,1500,RIGHT,270,false,431338,194
-1.6,1000,UP,270,false,431338,195
-3.2,1000,DOWN,270,false,431338,196
-3.54,1500,DOWN,90,false,431338,197
-3.54,1500,UP,90,false,431338,198
0,1500,LEFT,90,false,431338,199
3.2,1000,DOWN,90,false,431338,200
0,1500,RIGHT,90,false,431338,201
0.7,1500,DOWN,90,false,431338,202
1.06666,1000,UP,90,false,431338,203
-0.7,1500,DOWN,90,false,431338,204
0.7,1500,DOWN,90,false,431338,205
0.7,1500,RIGHT,90,false,431338,206
-1.6,1000,RIGHT,90,false,431338,207
1.4,1500,UP,90,false,431338,208
-1.4,1500,DOWN,90,false,431338,209
1.06666,1000,DOWN,90,false,431338,210
1.4,1500,LEFT,90,false,431338,211
-0.7,1500,RIGHT,90,false,431338,212
-2.1,1500,LEFT,90,false,431338,213
2.1,1500,RIGHT,90,false,431338,214
0.7,1500,LEFT,90,false,431338,215
4.8,1000,UP,90,false,431338,216
0.7,1500,UP,90,false,431338,217
0,1000,RIGHT,90,false,431338,218
-1.06666,1000,RIGHT,90,false,431338,219
-4.8,1000,UP,90,false,431338,220
0,1000,LEFT,90,false,431338,221
-1.4,1500,RIGHT,90,false,431338,222
1.6,1000,RIGHT,90,false,431338,223
-1.6,1000,DOWN,90,false,431338,224
-3.2,1000,UP,0,true,431336,1
3.2,1000,RIGHT,0,true,431336,2
3.2,1000,DOWN,0,true,431336,3
-2.1,1500,DOWN,0,true,431336,4
2.1,1500,DOWN,0,true,431336,5
3.2,1000,UP,0,true,431336,6
2.1,1500,RIGHT,0,true,431336,7
2.1,1500,UP,0,true,431336,8
-2.1,1500,LEFT,0,true,431336,9
-2.1,1500,RIGHT,0,true,431336,10
-3.2,1000,DOWN,0,true,431336,11
3.2,1000,LEFT,0,true,431336,12
-3.2,1000,RIGHT,0,true,431336,13
2.1,1500,LEFT,0,true,431336,14
-2.1,1500,UP,0,true,431336,15
-3.2,1000,LEFT,0,true,431336,16
3.54,1500,LEFT,90,false,431336,1
1.6,1000,LEFT,90,false,431336,2
0,1500,RIGHT,90,false,431336,3
-3.54,1500,UP,90,false,431336,4
2.1,1500,LEFT,90,false,431336,5
1.4,1500,UP,90,false,431336,6
-0.7,1500,LEFT,90,false,431336,7
-1.6,1000,DOWN,90,false,431336,8
-4.8,1000,UP,90,false,431336,9
0.7,1500,UP,90,false,431336,10
3.54,1500,DOWN,90,false,431336,11
3.2,1000,DOWN,90,false,431336,12
0.7,1500,LEFT,90,false,431336,13
-0.7,1500,RIGHT,90,false,431336,14
-2.1,1500,RIGHT,90,false,431336,15
2.1,1500,RIGHT,90,false,431336,16
3.54,1500,UP,90,false,431336,17
0,1000,RIGHT,90,false,431336,18
-3.2,1000,UP,90,false,431336,19
0.7,1500,LEFT,90,false,431336,20
-3.54,1500,RIGHT,90,false,431336,21
-1.06666,1000,UP,90,false,431336,22
-1.06666,1000,RIGHT,90,false,431336,23
1.6,1000,RIGHT,90,false,431336,24
4.8,1000,LEFT,90,false,431336,25
-2.1,1500,DOWN,90,false,431336,26
0,1500,RIGHT,90,false,431336,27
2.1,1500,DOWN,90,false,431336,28
1.4,1500,LEFT,270,false,431336,29
-1.6,1000,RIGHT,270,false,431336,30
-1.4,1500,LEFT,270,false,431336,31
-4.8,1000,DOWN,270,false,431336,32
1.6,1000,DOWN,270,false,431336,33
1.6,1000,LEFT,270,false,431336,34
0.7,1500,RIGHT,270,false,431336,35
3.54,1500,LEFT,270,false,431336,36
-1.6,1000,LEFT,270,false,431336,37
3.54,1500,DOWN,270,false,431336,38
0,1500,RIGHT,270,false,431336,39
1.06666,1000,DOWN,270,false,431336,40
-3.54,1500,UP,270,false,431336,41
2.1,1500,UP,270,false,431336,42
-1.06666,1000,UP,270,false,431336,43
-4.8,1000,LEFT,270,false,431336,44
-3.54,1500,LEFT,270,false,431336,45
-4.8,1000,UP,270,false,431336,46
-2.1,1500,UP,270,false,431336,47
-0.7,1500,RIGHT,270,false,431336,48
-0.7,1500,RIGHT,270,false,431336,49
-1.4,1500,DOWN,270,false,431336,50
0,1000,UP,270,false,431336,51
-2.1,1500,LEFT,270,false,431336,52
-2.1,1500,DOWN,270,false,431336,53
1.6,1000,UP,270,false,431336,54
0.7,1500,LEFT,270,false,431336,55
-4.8,1000,RIGHT,270,false,431336,56
0.7,1500,DOWN,90,false,431336,57
-2.1,1500,LEFT,90,false,431336,58
2.1,1500,UP,90,false,431336,59
-3.54,1500,DOWN,90,false,431336,60
-1.6,1000,RIGHT,90,false,431336,61
-1.4,1500,RIGHT,90,false,431336,62
1.4,1500,DOWN,90,false,431336,63
0,1000,UP,90,false,431336,64
0,1000,DOWN,90,false,431336,65
3.54,1500,RIGHT,90,false,431336,66
4.8,1000,DOWN,90,false,431336,67
-0.7,1500,DOWN,90,false,431336,68
3.2,1000,LEFT,90,false,431336,69
-1.4,1500,DOWN,90,false,431336,70
-0.7,1500,UP,90,false,431336,71
0,1000,RIGHT,90,false,431336,72
0,1000,DOWN,90,false,431336,73
0,1500,UP,90,false,431336,74
0.7,1500,UP,90,false,431336,75
1.4,1500,DOWN,90,false,431336,76
-1.6,1000,LEFT,90,false,431336,77
0.7,1500,DOWN,90,false,431336,78
-0.7,1500,RIGHT,90,false,431336,79
-3.2,1000,RIGHT,90,false,431336,80
3.2,1000,UP,90,false,431336,81
0,1000,UP,90,false,431336,82
0.7,1500,RIGHT,90,false,431336,83
-0.7,1500,LEFT,90,false,431336,84
-2.1,1500,RIGHT,270,false,431336,85
1.4,1500,DOWN,270,false,431336,86
-1.6,1000,LEFT,270,false,431336,87
-1.4,1500,LEFT,270,false,431336,88
0,1000,DOWN,270,false,431336,89
3.2,1000,UP,270,false,431336,90
0,1000,LEFT,270,false,431336,91
2.1,1500,DOWN,270,false,431336,92
0.7,1500,DOWN,270,false,431336,93
-0.7,1500,LEFT,270,false,431336,94
2.1,1500,LEFT,270,false,431336,95
0.7,1500,LEFT,270,false,431336,96
0,1000,RIGHT,270,false,431336,97
-3.2,1000,RIGHT,270,false,431336,98
-1.6,1000,UP,270,false,431336,99
0,1000,RIGHT,270,false,431336,100
1.4,1500,RIGHT,270,false,431336,101
-3.54,1500,RIGHT,270,false,431336,102
-1.06666,1000,DOWN,270,false,431336,103
0.7,1500,UP,270,false,431336,104
1.4,1500,DOWN,270,false,431336,105
1.06666,1000,RIGHT,270,false,431336,106
1.4,1500,RIGHT,270,false,431336,107
3.54,1500,UP,270,false,431336,108
0.7,1500,UP,270,false,431336,109
-0.7,1500,DOWN,270,false,431336,110
0,1500,UP,270,false,431336,111
-3.2,1000,DOWN,270,false,431336,112
0.7,1500,RIGHT,90,false,431336,113
1.06666,1000,UP,90,false,431336,114
-4.8,1000,LEFT,90,false,431336,115
-1.6,1000,LEFT,90,false,431336,116
1.6,1000,UP,90,false,431336,117
-1.4,1500,UP,90,false,431336,118
0.7,1500,RIGHT,90,false,431336,119
-4.8,1000,RIGHT,90,false,431336,120
1.4,1500,LEFT,90,false,431336,121
-0.7,1500,UP,90,false,431336,122
0,1500,DOWN,90,false,431336,123
-1.6,1000,UP,90,false,431336,124
1.06666,1000,LEFT,90,false,431336,125
1.6,1000,DOWN,90,false,431336,126
-4.8,1000,DOWN,90,false,431336,127
1.4,1500,RIGHT,90,false,431336,128
-0.7,1500,LEFT,90,false,431336,129
-3.2,1000,DOWN,90,false,431336,130
0,1000,LEFT,90,false,431336,131
0,1000,LEFT,90,false,431336,132
-0.7,1500,RIGHT,90,false,431336,133
-1.06666,1000,DOWN,90,false,431336,134
-3.2,1000,LEFT,90,false,431336,135
-1.6,1000,DOWN,90,false,431336,136
0.7,1500,DOWN,90,false,431336,137
4.8,1000,RIGHT,90,false,431336,138
0,1500,DOWN,90,false,431336,139
1.6,1000,DOWN,90,false,431336,140
0,1500,RIGHT,270,false,431336,141
-1.4,1500,UP,270,false,431336,142
-1.6,1000,DOWN,270,false,431336,143
4.8,1000,LEFT,270,false,431336,144
-1.4,1500,RIGHT,270,false,431336,145
2.1,1500,RIGHT,270,false,431336,146
-3.2,1000,LEFT,270,false,431336,147
-0.7,1500,UP,270,false,431336,148
0,1000,LEFT,270,false,431336,149
-1.4,1500,UP,270,false,431336,150
-0.7,1500,LEFT,270,false,431336,151
-1.06666,1000,RIGHT,270,false,431336,152
-1.4,1500,DOWN,270,false,431336,153
0.7,1500,DOWN,270,false,431336,154
1.6,1000,LEFT,270,false,431336,155
0.7,1500,UP,270,false,431336,156
4.8,1000,UP,270,false,431336,157
-1.4,1500,RIGHT,270,false,431336,158
1.06666,1000,LEFT,270,false,431336,159
3.54,1500,RIGHT,270,false,431336,160
1.4,1500,UP,270,false,431336,161
1.4,1500,UP,270,false,431336,162
-1.6,1000,UP,270,false,431336,163
0,1500,UP,270,false,431336,164
1.6,1000,DOWN,270,false,431336,165
0.7,1500,LEFT,270,false,431336,166
-0.7,1500,DOWN,270,false,431336,167
3.2,1000,DOWN,270,false,431336,168
-1.4,1500,DOWN,90,false,431336,169
-1.4,1500,UP,90,false,431336,170
0,1500,UP,90,false,431336,171
0.7,1500,UP,90,false,431336,172
-1.6,1000,RIGHT,90,false,431336,173
1.6,1000,UP,90,false,431336,174
1.4,1500,RIGHT,90,false,431336,175
1.4,1500,UP,90,false,431336,176
0,1500,LEFT,90,false,431336,177
0,1500,LEFT,90,false,431336,178
1.06666,1000,RIGHT,90,false,431336,179
-1.4,1500,LEFT,90,false,431336,180
1.4,1500,LEFT,90,false,431336,181
-3.54,1500,LEFT,90,false,431336,182
0.7,1500,LEFT,90,false,431336,183
-0.7,1500,UP,90,false,431336,184
-1.4,1500,LEFT,90,false,431336,185
-0.7,1500,DOWN,90,false,431336,186
3.2,1000,RIGHT,90,false,431336,187
1.6,1000,LEFT,90,false,431336,188
-1.06666,1000,LEFT,90,false,431336,189
1.6,1000,RIGHT,90,false,431336,190
-0.7,1500,DOWN,90,false,431336,191
-2.1,1500,UP,90,false,431336,192
-1.6,1000,UP,90,false,431336,193
-1.4,1500,RIGHT,90,false,431336,194
1.06666,1000,DOWN,90,false,431336,195
4.8,1000,UP,90,false,431336,196
3.2,1000,LEFT,270,false,431336,197
1.06666,1000,UP,270,false,431336,198
0,1000,UP,270,false,431336,199
-0.7,1500,UP,270,false,431336,200
0.7,1500,DOWN,270,false,431336,201
-1.6,1000,DOWN,270,false,431336,202
1.6,1000,RIGHT,270,false,431336,203
-1.6,1000,RIGHT,270,false,431336,204
0.7,1500,RIGHT,270,false,431336,205
0,1500,DOWN,270,false,431336,206
-0.7,1500,DOWN,270,false,431336,207
-0.7,1500,RIGHT,270,false,431336,208
-0.7,1500,LEFT,270,false,431336,209
0,1500,LEFT,270,false,431336,210
4.8,1000,DOWN,270,false,431336,211
0.7,1500,RIGHT,270,false,431336,212
0,1500,LEFT,270,false,431336,213
0,1000,DOWN,270,false,431336,214
1.4,1500,LEFT,270,false,431336,215
-1.06666,1000,LEFT,270,false,431336,216
-3.2,1000,UP,270,false,431336,217
4.8,1000,RIGHT,270,false,431336,218
0,1500,DOWN,270,false,431336,219
1.6,1000,RIGHT,270,false,431336,220
3.2,1000,RIGHT,270,false,431336,221
1.6,1000,UP,270,false,431336,222
-3.54,1500,DOWN,270,false,431336,223
-0.7,1500,UP,270,false,431336,224
-2.1,1500,RIGHT,0,true,431401,1
2.1,1500,LEFT,0,true,431401,2
2.1,1500,DOWN,0,true,431401,3
-3.2,1000,UP,0,true,431401,4
-3.2,1000,LEFT,0,true,431401,5
-2.1,1500,UP,0,true,431401,6
3.2,1000,UP,0,true,431401,7
2.1,1500,UP,0,true,431401,8
-2.1,1500,DOWN,0,true,431401,9
3.2,1000,DOWN,0,true,431401,10
3.2,1000,LEFT,0,true,431401,11
-2.1,1500,LEFT,0,true,431401,12
2.1,1500,RIGHT,0,true,431401,13
3.2,1000,RIGHT,0,true,431401,14
-3.2,1000,DOWN,0,true,431401,15
-3.2,1000,RIGHT,0,true,431401,16
-4.8,1000,UP,90,false,431401,1
0,1000,RIGHT,90,false,431401,2
0.7,1500,UP,90,false,431401,3
0.7,1500,UP,90,false,431401,4
1.4,1500,DOWN,90,false,431401,5
0,1500,LEFT,90,false,431401,6
-1.4,1500,RIGHT,90,false,431401,7
2.1,1500,UP,90,false,431401,8
-2.1,1500,DOWN,90,false,431401,9
4.8,1000,UP,90,false,431401,10
0,1500,DOWN,90,false,431401,11
1.4,1500,LEFT,90,false,431401,12
1.6,1000,RIGHT,90,false,431401,13
0,1000,UP,90,false,431401,14
3.54,1500,UP,90,false,431401,15
-1.6,1000,UP,90,false,431401,16
3.2,1000,DOWN,90,false,431401,17
3.2,1000,LEFT,90,false,431401,18
-1.06666,1000,DOWN,90,false,431401,19
1.06666,1000,LEFT,90,false,431401,20
0.7,1500,LEFT,90,false,431401,21
-1.6,1000,LEFT,90,false,431401,22
-1.6,1000,RIGHT,90,false,431401,23
4.8,1000,RIGHT,90,false,431401,24
1.06666,1000,DOWN,90,false,431401,25
-1.6,1000,DOWN,90,false,431401,26
-3.2,1000,DOWN,90,false,431401,27
1.6,1000,DOWN,90,false,431401,28
1.06666,1000,LEFT,270,false,431401,29
1.4,1500,LEFT,270,false,431401,30
3.2,1000,DOWN,270,false,431401,31
-3.2,1000,LEFT,270,false,431401,32
3.2,1000,LEFT,270,false,431401,33
-3.2,1000,RIGHT,270,false,431401,34
0,1500,DOWN,270,false,431401,35
0.7,1500,RIGHT,270,false,431401,36
4.8,1000,LEFT,270,false,431401,37
4.8,1000,UP,270,false,431401,38
1.06666,1000,RIGHT,270,false,431401,39
3.54,1500,LEFT,270,false,431401,40
2.1,1500,UP,270,false,431401,41
0,1000,UP,270,false,431401,42
0,1500,RIGHT,270,false,431401,43
0,1500,DOWN,270,false,431401,44
0.7,1500,UP,270,false,431401,45
-0.7,1500,LEFT,270,false,431401,46
3.54,1500,RIGHT,270,false,431401,47
0,1500,LEFT,270,false,431401,48
-2.1,1500,LEFT,270,false,431401,49
-4.8,1000,UP,270,false,431401,50
-1.4,1500,DOWN,270,false,431401,51
-0.7,1500,UP,270,false,431401,52
1.4,1500,LEFT,270,false,431401,53
-4.8,1000,RIGHT,270,false,431401,54
0.7,1500,LEFT,270,false,431401,55
1.4,1500,DOWN,270,false,431401,56
0,1000,RIGHT,90,false,431401,57
-3.2,1000,RIGHT,90,false,431401,58
0.7,1500,LEFT,90,false,431401,59
1.6,1000,LEFT,90,false,431401,60
-2.1,1500,RIGHT,90,false,431401,61
-0.7,1500,DOWN,90,false,431401,62
0.7,1500,UP,90,false,431401,63
-0.7,1500,DOWN,90,false,431401,64
0.7,1500,DOWN,90,false,431401,65
0.7,1500,RIGHT,90,false,431401,66
0,1000,LEFT,90,false,431401,67
2.1,1500,LEFT,90,false,431401,68
-1.6,1000,RIGHT,90,false,431401,69
4.8,1000,DOWN,90,false,431401,70
-3.54,1500,LEFT,90,false,431401,71
1.4,1500,DOWN,90,false,431401,72
-3.54,1500,RIGHT,90,false,431401,73
-0.7,1500,RIGHT,90,false,431401,74
1.4,1500,RIGHT,90,false,431401,75
3.54,1500,LEFT,90,false,431401,76
0,1000,LEFT,90,false,431401,77
1.4,1500,UP,90,false,431401,78
1.4,1500,RIGHT,90,false,431401,79
-4.8,1000,DOWN,90,false,431401,80
3.54,1500,DOWN,90,false,431401,81
-0.7,1500,LEFT,90,false,431401,82
0,1000,UP,90,false,431401,83
-3.2,1000,LEFT,90,false,431401,84
4.8,1000,DOWN,270,false,431401,85
0,1500,UP,270,false,431401,86
0,1000,RIGHT,270,false,431401,87
1.6,1000,DOWN,270,false,431401,88
3.2,1000,UP,270,false,431401,89
0,1000,UP,270,false,431401,90
-1.6,1000,RIGHT,270,false,431401,91
3.54,1500,DOWN,270,false,431401,92
-0.7,1500,UP,270,false,431401,93
3.54,1500,UP,270,false,431401,94
-1.6,1000,LEFT,270,false,431401,95
0.7,1500,DOWN,270,false,431401,96
-1.6,1000,UP,270,false,431401,97
1.4,1500,DOWN,270,false,431401,98
-1.6,1000,RIGHT,270,false,431401,99
-1.4,1500,UP,270,false,431401,100
-1.4,1500,RIGHT,270,false,431401,101
1.4,1500,RIGHT,270,false,431401,102
-0.7,1500,DOWN,270,false,431401,103
-1.4,1500,UP,270,false,431401,104
-0.7,1500,UP,270,false,431401,105
-0.7,1500,DOWN,270,false,431401,106
0,1500,UP,270,false,431401,107
-2.1,1500,DOWN,270,false,431401,108
0,1000,DOWN,270,false,431401,109
-3.54,1500,LEFT,270,false,431401,110
2.1,1500,RIGHT,270,false,431401,111
0,1000,LEFT,270,false,431401,112
1.6,1000,UP,90,false,431401,113
1.06666,1000,RIGHT,90,false,431401,114
1.06666,1000,UP,90,false,431401,115
-1.4,1500,UP,90,false,431401,116
1.6,1000,UP,90,false,431401,117
-1.06666,1000,RIGHT,90,false,431401,118
-3.54,1500,UP,90,false,431401,119
0,1000,DOWN,90,false,431401,120
3.2,1000,UP,90,false,431401,121
1.4,1500,UP,90,false,431401,122
-1.4,1500,LEFT,90,false,431401,123
2.1,1500,DOWN,90,false,431401,124
-1.4,1500,DOWN,90,false,431401,125
0,1500,UP,90,false,431401,126
1.4,1500,LEFT,90,false,431401,127
0,1000,DOWN,90,false,431401,128
-0.7,1500,LEFT,90,false,431401,129
-0.7,1500,UP,90,false,431401,130
-4.8,1000,RIGHT,90,false,431401,131
-1.06666,1000,UP,90,false,431401,132
0,1500,RIGHT,90,false,431401,133
-1.6,1000,UP,90,false,431401,134
-1.4,1500,UP,90,false,431401,135
-0.7,1500,RIGHT,90,false,431401,136
3.54,1500,RIGHT,90,false,431401,137
0.7,1500,DOWN,90,false,431401,138
-2.1,1500,UP,90,false,431401,139
-0.7,1500,RIGHT,90,false,431401,140
-1.6,1000,DOWN,270,false,431401,141
-4.8,1000,DOWN,270,false,431401,142
-1.06666,1000,DOWN,270,false,431401,143
0,1000,LEFT,270,false,431401,144
0.7,1500,UP,270,false,431401,145
-1.6,1000,UP,270,false,431401,146
1.6,1000,LEFT,270,false,431401,147
0,1000,DOWN,270,false,431401,148
-1.06666,1000,UP,270,false,431401,149
1.06666,1000,UP,270,false,431401,150
1.6,1000,RIGHT,270,false,431401,151
-3.54,1500,RIGHT,270,false,431401,152
3.2,1000,RIGHT,270,false,431401,153
-3.54,1500,UP,270,false,431401,154
0.7,1500,DOWN,270,false,431401,155
0,1500,LEFT,270,false,431401,156
0,1000,RIGHT,270,false,431401,157
-3.2,1000,UP,270,false,431401,158
1.4,1500,RIGHT,270,false,431401,159
-1.06666,1000,LEFT,270,false,431401,160
-3.54,1500,DOWN,270,false,431401,161
-2.1,1500,UP,270,false,431401,162
-1.06666,1000,RIGHT,270,false,431401,163
-0.7,1500,DOWN,270,false,431401,164
-4.8,1000,LEFT,270,false,431401,165
0.7,1500,DOWN,270,false,431401,166
-1.4,1500,RIGHT,270,false,431401,167
-1.4,1500,DOWN,270,false,431401,168
0.7,1500,RIGHT,90,false,431401,169
0,1500,LEFT,90,false,431401,170
-3.54,1500,DOWN,90,false,431401,171
0,1500,RIGHT,90,false,431401,172
-1.6,1000,LEFT,90,false,431401,173
-0.7,1500,DOWN,90,false,431401,174
-0.7,1500,UP,90,false,431401,175
-3.2,1000,UP,90,false,431401,176
-0.7,1500,LEFT,90,false,431401,177
-2.1,1500,LEFT,90,false,431401,178
0,1500,DOWN,90,false,431401,179
0.7,1500,RIGHT,90,false,431401,180
1.6,1000,RIGHT,90,false,431401,181
-1.4,1500,LEFT,90,false,431401,182
0.7,1500,DOWN,90,false,431401,183
3.2,1000,RIGHT,90,false,431401,184
-1.06666,1000,LEFT,90,false,431401,185
-4.8,1000,LEFT,90,false,431401,186
2.1,1500,RIGHT,90,false,431401,187
4.8,1000,LEFT,90,false,431401,188
-1.6,1000,DOWN,90,false,431401,189
0,1500,UP,90,false,431401,190
1.6,1000,DOWN,90,false,431401,191
-0.7,1500,UP,90,false,431401,192
0.7,1500,LEFT,90,false,431401,193
-1.4,1500,DOWN,90,false,431401,194
1.6,1000,LEFT,90,false,431401,195
-1.4,1500,RIGHT,90,false,431401,196
2.1,1500,LEFT,270,false,431401,197
1.6,1000,DOWN,270,false,431401,198
1.6,1000,RIGHT,270,false,431401,199
1.4,1500,UP,270,false,431401,200
-0.7,1500,RIGHT,270,false,431401,201
-0.7,1500,RIGHT,270,false,431401,202
1.6,1000,UP,270,false,431401,203
0.7,1500,RIGHT,270,false,431401,204
-1.6,1000,LEFT,270,false,431401,205
0,1500,RIGHT,270,false,431401,206
-2.1,1500,RIGHT,270,false,431401,207
1.06666,1000,DOWN,270,false,431401,208
-3.2,1000,DOWN,270,false,431401,209
2.1,1500,DOWN,270,false,431401,210
0.7,1500,RIGHT,270,false,431401,211
0.7,1500,LEFT,270,false,431401,212
0.7,1500,UP,270,false,431401,213
-1.6,1000,DOWN,270,false,431401,214
-0.7,1500,LEFT,270,false,431401,215
1.6,1000,UP,270,false,431401,216
-0.7,1500,LEFT,270,false,431401,217
-1.4,1500,LEFT,270,false,431401,218
-1.4,1500,LEFT,270,false,431401,219
0.7,1500,LEFT,270,false,431401,220
4.8,1000,RIGHT,270,false,431401,221
-0.7,1500,RIGHT,270,false,431401,222
1.6,1000,LEFT,270,false,431401,223
1.4,1500,UP,270,false,431401,224
-3.2,1000,LEFT,0,true,431424,1
3.2,1000,UP,0,true,431424,2
-3.2,1000,RIGHT,0,true,431424,3
-3.2,1000,DOWN,0,true,431424,4
-2.1,1500,RIGHT,0,true,431424,5
2.1,1500,RIGHT,0,true,431424,6
-2.1,1500,UP,0,true,431424,7
3.2,1000,LEFT,0,true,431424,8
2.1,1500,DOWN,0,true,431424,9
2.1,1500,LEFT,0,true,431424,10
2.1,1500,UP,0,true,431424,11
3.2,1000,RIGHT,0,true,431424,12
-2.1,1500,LEFT,0,true,431424,13
-3.2,1000,UP,0,true,431424,14
-2.1,1500,DOWN,0,true,431424,15
3.2,1000,DOWN,0,true,431424,16
-1.4,1500,RIGHT,90,false,431424,1
-2.1,1500,UP,90,false,431424,2
1.4,1500,RIGHT,90,false,431424,3
-1.06666,1000,UP,90,false,431424,4
-1.4,1500,UP,90,false,431424,5
-2.1,1500,DOWN,90,false,431424,6
1.4,1500,LEFT,90,false,431424,7
-0.7,1500,DOWN,90,false,431424,8
-1.06666,1000,RIGHT,90,false,431424,9
-3.2,1000,DOWN,90,false,431424,10
1.06666,1000,UP,90,false,431424,11
0.7,1500,UP,90,false,431424,12
2.1,1500,RIGHT,90,false,431424,13
0,1000,DOWN,90,false,431424,14
0.7,1500,DOWN,90,false,431424,15
0,1000,UP,90,false,431424,16
0,1500,LEFT,90,false,431424,17
-0.7,1500,UP,90,false,431424,18
-1.4,1500,DOWN,90,false,431424,19
3.2,1000,DOWN,90,false,431424,20
-0.7,1500,DOWN,90,false,431424,21
-0.7,1500,UP,90,false,431424,22
1.4,1500,RIGHT,90,false,431424,23
2.1,1500,DOWN,90,false,431424,24
0,1000,DOWN,90,false,431424,25
-0.7,1500,RIGHT,90,false,431424,26
1.6,1000,UP,90,false,431424,27
3.54,1500,UP,90,false,431424,28
1.4,1500,DOWN,270,false,431424,29
1.06666,1000,RIGHT,270,false,431424,30
1.6,1000,LEFT,270,false,431424,31
-1.4,1500,UP,270,false,431424,32
-1.6,1000,LEFT,270,false,431424,33
-1.6,1000,DOWN,270,false,431424,34
3.2,1000,UP,270,false,431424,35
0,1000,UP,270,false,431424,36
0.7,1500,RIGHT,270,false,431424,37
1.4,1500,RIGHT,270,false,431424,38
3.2,1000,DOWN,270,false,431424,39
-0.7,1500,DOWN,270,false,431424,40
0,1000,LEFT,270,false,431424,41
3.2,1000,RIGHT,270,false,431424,42
0,1500,UP,270,false,431424,43
1.6,1000,LEFT,270,false,431424,44
-4.8,1000,LEFT,270,false,431424,45
0,1000,DOWN,270,false,431424,46
1.6,1000,RIGHT,270,false,431424,47
-3.2,1000,DOWN,270,false,431424,48
-1.4,1500,DOWN,270,false,431424,49
0.7,1500,LEFT,270,false,431424,50
-0.7,1500,UP,270,false,431424,51
3.54,1500,RIGHT,270,false,431424,52
0,1500,RIGHT,270,false,431424,53
1.06666,1000,UP,270,false,431424,54
0,1000,RIGHT,270,false,431424,55
0,1500,DOWN,270,false,431424,56
1.6,1000,LEFT,90,false,431424,57
-2.1,1500,RIGHT,90,false,431424,58
3.2,1000,LEFT,90,false,431424,59
-3.2,1000,UP,90,false,431424,60
3.2,1000,UP,90,false,431424,61
0.7,1500,DOWN,90,false,431424,62
0.7,1500,RIGHT,90,false,431424,63
0,1500,UP,90,false,431424,64
0,1500,DOWN,90,false,431424,65
-1.6,1000,LEFT,90,false,431424,66
-1.4,1500,DOWN,90,false,431424,67
1.6,1000,RIGHT,90,false,431424,68
1.4,1500,UP,90,false,431424,69
-1.6,1000,RIGHT,90,false,431424,70
4.8,1000,DOWN,90,false,431424,71
-3.54,1500,DOWN,90,false,431424,72
-1.4,1500,RIGHT,90,false,431424,73
1.4,1500,LEFT,90,false,431424,74
-0.7,1500,UP,90,false,431424,75
1.6,1000,DOWN,90,false,431424,76
-3.54,1500,UP,90,false,431424,77
1.6,1000,DOWN,90,false,431424,78
-1.6,1000,RIGHT,90,false,431424,79
-1.6,1000,LEFT,90,false,431424,80
-0.7,1500,RIGHT,90,false,431424,81
3.54,1500,DOWN,90,false,431424,82
1.6,1000,UP,90,false,431424,83
3.2,1000,RIGHT,90,false,431424,84
0.7,1500,UP,270,false,431424,85
3.54,1500,LEFT,270,false,431424,86
1.6,1000,UP,270,false,431424,87
0.7,1500,RIGHT,270,false,431424,88
-2.1,1500,UP,270,false,431424,89
4.8,1000,DOWN,270,false,431424,90
-1.4,1500,UP,270,false,431424,91
2.1,1500,DOWN,270,false,431424,92
0,1000,LEFT,270,false,431424,93
1.4,1500,LEFT,270,false,431424,94
-3.54,1500,RIGHT,270,false,431424,95
-0.7,1500,LEFT,270,false,431424,96
-1.6,1000,DOWN,270,false,431424,97
-1.06666,1000,DOWN,270,false,431424,98
1.4,1500,LEFT,270,false,431424,99
-3.54,1500,UP,270,false,431424,100
4.8,1000,RIGHT,270,false,431424,101
-3.2,1000,LEFT,270,false,431424,102
-0.7,1500,DOWN,270,false,431424,103
0,1000,UP,270,false,431424,104
-3.54,1500,LEFT,270,false,431424,105
-0.7,1500,RIGHT,270,false,431424,106
-2.1,1500,DOWN,270,false,431424,107
-1.6,1000,RIGHT,270,false,431424,108
1.6,1000,UP,270,false,431424,109
-1.4,1500,LEFT,270,false,431424,110
-1.6,1000,RIGHT,270,false,431424,111
2.1,1500,RIGHT,270,false,431424,112
-4.8,1000,UP,90,false,431424,113
-1.4,1500,LEFT,90,false,431424,114
2.1,1500,LEFT,90,false,431424,115
1.6,1000,RIGHT,90,false,431424,116
0,1000,RIGHT,90,false,431424,117
-3.2,1000,LEFT,90,false,431424,118
-3.54,1500,LEFT,90,false,431424,119
0.7,1500,LEFT,90,false,431424,120
-0.7,1500,DOWN,90,false,431424,121
0,1500,RIGHT,90,false,431424,122
0.7,1500,UP,90,false,431424,123
-1.4,1500,UP,90,false,431424,124
0,1000,LEFT,90,false,431424,125
-0.7,1500,RIGHT,90,false,431424,126
-0.7,1500,LEFT,90,false,431424,127
-0.7,1500,LEFT,90,false,431424,128
-0.7,1500,LEFT,90,false,431424,129
-2.1,1500,LEFT,90,false,431424,130
-3.2,1000,RIGHT,90,false,431424,131
-1.6,1000,UP,90,false,431424,132
-1.6,1000,UP,90,false,431424,133
-1.6,1000,DOWN,90,false,431424,134
-4.8,1000,DOWN,90,false,431424,135
-1.06666,1000,DOWN,90,false,431424,136
1.4,1500,DOWN,90,false,431424,137
-1.06666,1000,LEFT,90,false,431424,138
-4.8,1000,RIGHT,90,false,431424,139
0,1000,UP,90,false,431424,140
-1.6,1000,UP,270,false,431424,141
0.7,1500,DOWN,270,false,431424,142
-1.4,1500,RIGHT,270,false,431424,143
0.7,1500,LEFT,270,false,431424,144
3.2,1000,LEFT,270,false,431424,145
0,1500,UP,270,false,431424,146
0,1500,LEFT,270,false,431424,147
-1.6,1000,LEFT,270,false,431424,148
2.1,1500,UP,270,false,431424,149
1.4,1500,DOWN,270,false,431424,150
-3.2,1000,UP,270,false,431424,151
4.8,1000,LEFT,270,false,431424,152
1.4,1500,UP,270,false,431424,153
-4.8,1000,UP,270,false,431424,154
-2.1,1500,RIGHT,270,false,431424,155
4.8,1000,UP,270,false,431424,156
-2.1,1500,LEFT,270,false,431424,157
-0.7,1500,LEFT,270,false,431424,158
1.6,1000,RIGHT,270,false,431424,159
0,1500,DOWN,270,false,431424,160
0.7,1500,LEFT,270,false,431424,161
1.6,1000,DOWN,270,false,431424,162
0,1500,RIGHT,270,false,431424,163
-4.8,1000,DOWN,270,false,431424,164
-1.4,1500,RIGHT,270,false,431424,165
-0.7,1500,UP,270,false,431424,166
-1.4,1500,LEFT,270,false,431424,167
-0.7,1500,RIGHT,270,false,431424,168
4.8,1000,RIGHT,90,false,431424,169
0.7,1500,UP,90,false,431424,170
3.54,1500,RIGHT,90,false,431424,171
0,1500,RIGHT,90,false,431424,172
-3.54,1500,RIGHT,90,false,431424,173
0.7,1500,LEFT,90,false,431424,174
2.1,1500,UP,90,false,431424,175
0,1000,LEFT,90,false,431424,176
1.4,1500,DOWN,90,false,431424,177
0,1500,UP,90,false,431424,178
0.7,1500,LEFT,90,false,431424,179
0.7,1500,RIGHT,90,false,431424,180
-1.6,1000,DOWN,90,false,431424,181
0.7,1500,RIGHT,90,false,431424,182
1.06666,1000,RIGHT,90,false,431424,183
1.6,1000,LEFT,90,false,431424,184
1.4,1500,UP,90,false,431424,185
-1.4,1500,LEFT,90,false,431424,186
0,1000,RIGHT,90,false,431424,187
0,1500,LEFT,90,false,431424,188
4.8,1000,LEFT,90,false,431424,189
1.06666,1000,LEFT,90,false,431424,190
0.7,1500,DOWN,90,false,431424,191
-4.8,1000,LEFT,90,false,431424,192
0,1500,DOWN,90,false,431424,193
1.06666,1000,DOWN,90,false,431424,194
4.8,1000,UP,90,false,431424,195
3.54,1500,LEFT,90,false,431424,196
1.06666,1000,LEFT,270,false,431424,197
-3.54,1500,DOWN,270,false,431424,198
-0.7,1500,UP,270,false,431424,199
0,1500,LEFT,270,false,431424,200
0.7,1500,DOWN,270,false,431424,201
0.7,1500,DOWN,270,false,431424,202
0.7,1500,UP,270,false,431424,203
3.54,1500,UP,270,false,431424,204
0.7,1500,UP,270,false,431424,205
-1.06666,1000,LEFT,270,false,431424,206
-0.7,1500,RIGHT,270,false,431424,207
-0.7,1500,DOWN,270,false,431424,208
-0.7,1500,LEFT,270,false,431424,209
-1.4,1500,DOWN,270,false,431424,210
1.6,1000,DOWN,270,false,431424,211
1.4,1500,UP,270,false,431424,212
2.1,1500,LEFT,270,false,431424,213
3.54,1500,DOWN,270,false,431424,214
-1.6,1000,UP,270,false,431424,215
-4.8,1000,RIGHT,270,false,431424,216
-1.06666,1000,RIGHT,270,false,431424,217
1.06666,1000,DOWN,270,false,431424,218
-1.06666,1000,UP,270,false,431424,219
0.7,1500,RIGHT,270,false,431424,220
-3.2,1000,RIGHT,270,false,431424,221
1.4,1500,RIGHT,270,false,431424,222
0,1000,DOWN,270,false,431424,223
0,1000,RIGHT,270,false,431424,224
3.2,1000,DOWN,0,true,431352,1
3.2,1000,LEFT,0,true,431352,2
2.1,1500,RIGHT,0,true,431352,3
-2.1,1500,RIGHT,0,true,431352,4
-2.1,1500,LEFT,0,true,431352,5
-3.2,1000,RIGHT,0,true,431352,6
2.1,1500,DOWN,0,true,431352,7
-3.2,1000,UP,0,true,431352,8
-2.1,1500,UP,0,true,431352,9
-3.2,1000,LEFT,0,true,431352,10
-3.2,1000,DOWN,0,true,431352,11
3.2,1000,UP,0,true,431352,12
2.1,1500,UP,0,true,431352,13
2.1,1500,LEFT,0,true,431352,14
-2.1,1500,DOWN,0,true,431352,15
3.2,1000,RIGHT,0,true,431352,16
3.2,1000,DOWN,270,false,431352,1
-0.7,1500,UP,270,false,431352,2
0.7,1500,RIGHT,270,false,431352,3
0,1500,DOWN,270,false,431352,4
1.6,1000,DOWN,270,false,431352,5
-1.4,1500,DOWN,270,false,431352,6
0.7,1500,UP,270,false,431352,7
-0.7,1500,RIGHT,270,false,431352,8
-0.7,1500,UP,270,false,431352,9
-0.7,1500,DOWN,270,false,431352,10
0,1000,UP,270,false,431352,11
-1.06666,1000,UP,270,false,431352,12
1.6,1000,LEFT,270,false,431352,13
0,1500,UP,270,false,431352,14
-4.8,1000,LEFT,270,false,431352,15
1.4,1500,UP,270,false,431352,16
1.4,1500,RIGHT,270,false,431352,17
3.2,1000,UP,270,false,431352,18
-0.7,1500,UP,270,false,431352,19
-3.2,1000,RIGHT,270,false,431352,20
0,1500,RIGHT,270,false,431352,21
1.6,1000,UP,270,false,431352,22
4.8,1000,LEFT,270,false,431352,23
-2.1,1500,UP,270,false,431352,24
1.6,1000,LEFT,270,false,431352,25
0,1000,RIGHT,270,false,431352,26
-0.7,1500,DOWN,270,false,431352,27
0.7,1500,DOWN,270,false,431352,28
0.7,1500,LEFT,90,false,431352,29
1.6,1000,LEFT,90,false,431352,30
-4.8,1000,UP,90,false,431352,31
1.4,1500,UP,90,false,431352,32
-3.2,1000,DOWN,90,false,431352,33
1.6,1000,UP,90,false,431352,34
0,1000,RIGHT,90,false,431352,35
0,1500,DOWN,90,false,431352,36
-3.54,1500,LEFT,90,false,431352,37
-1.6,1000,RIGHT,90,false,431352,38
-1.6,1000,DOWN,90,false,431352,39
0,1000,LEFT,90,false,431352,40
3.54,1500,DOWN,90,false,431352,41
0,1500,LEFT,90,false,431352,42
-1.4,1500,RIGHT,90,false,431352,43
0.7,1500,UP,90,false,431352,44
4.8,1000,LEFT,90,false,431352,45
1.6,1000,LEFT,90,false,431352,46
-1.6,1000,DOWN,90,false,431352,47
1.4,1500,LEFT,90,false,431352,48
-2.1,1500,RIGHT,90,false,431352,49
0.7,1500,DOWN,90,false,431352,50
0,1500,RIGHT,90,false,431352,51
2.1,1500,RIGHT,90,false,431352,52
3.54,1500,LEFT,90,false,431352,53
-1.4,1500,LEFT,90,false,431352,54
-4.8,1000,DOWN,90,false,431352,55
-3.2,1000,UP,90,false,431352,56
0,1000,DOWN,270,false,431352,57
-1.6,1000,UP,270,false,431352,58
0,1000,DOWN,270,false,431352,59
2.1,1500,UP,270,false,431352,60
1.4,1500,RIGHT,270,false,431352,61
-0.7,1500,LEFT,270,false,431352,62
0.7,1500,LEFT,270,false,431352,63
3.54,1500,DOWN,270,false,431352,64
-0.7,1500,LEFT,270,false,431352,65
2.1,1500,DOWN,270,false,431352,66
-1.6,1000,UP,270,false,431352,67
-2.1,1500,LEFT,270,false,431352,68
-0.7,1500,LEFT,270,false,431352,69
3.2,1000,RIGHT,270,false,431352,70
-1.4,1500,DOWN,270,false,431352,71
1.06666,1000,UP,270,false,431352,72
3.54,1500,RIGHT,270,false,431352,73
0,1500,RIGHT,270,false,431352,74
2.1,1500,RIGHT,270,false,431352,75
1.06666,1000,LEFT,270,false,431352,76
0.7,1500,DOWN,270,false,431352,77
0,1500,DOWN,270,false,431352,78
-1.6,1000,DOWN,270,false,431352,79
1.4,1500,DOWN,270,false,431352,80
1.4,1500,DOWN,270,false,431352,81
-1.4,1500,LEFT,270,false,431352,82
-1.6,1000,RIGHT,270,false,431352,83
0.7,1500,DOWN,270,false,431352,84
-3.2,1000,LEFT,90,false,431352,85
-0.7,1500,UP,90,false,431352,86
-1.4,1500,LEFT,90,false,431352,87
-1.4,1500,DOWN,90,false,431352,88
1.6,1000,RIGHT,90,false,431352,89
-0.7,1500,LEFT,90,false,431352,90
0.7,1500,UP,90,false,431352,91
0,1000,UP,90,false,431352,92
-0.7,1500,LEFT,90,false,431352,93
0.7,1500,RIGHT,90,false,431352,94
-3.54,1500,UP,90,false,431352,95
1.06666,1000,LEFT,90,false,431352,96
-2.1,1500,LEFT,90,false,431352,97
-0.7,1500,LEFT,90,false,431352,98
3.2,1000,UP,90,false,431352,99
-0.7,1500,DOWN,90,false,431352,100
1.06666,1000,DOWN,90,false,431352,101
1.4,1500,DOWN,90,false,431352,102
2.1,1500,UP,90,false,431352,103
-1.6,1000,LEFT,90,false,431352,104
-1.06666,1000,LEFT,90,false,431352,105
1.4,1500,RIGHT,90,false,431352,106
0,1000,LEFT,90,false,431352,107
4.8,1000,RIGHT,90,false,431352,108
0.7,1500,RIGHT,90,false,431352,109
-1.4,1500,RIGHT,90,false,431352,110
-1.4,1500,UP,90,false,431352,111
4.8,1000,UP,90,false,431352,112
-0.7,1500,DOWN,270,false,431352,113
0.7,1500,LEFT,270,false,431352,114
-2.1,1500,DOWN,270,false,431352,115
-1.4,1500,UP,270,false,431352,116
2.1,1500,LEFT,270,false,431352,117
0,1000,RIGHT,270,false,431352,118
3.54,1500,UP,270,false,431352,119
-3.2,1000,LEFT,270,false,431352,120
1.4,1500,LEFT,270,false,431352,121
-2.1,1500,RIGHT,270,false,431352,122
1.6,1000,RIGHT,270,false,431352,123
-3.54,1500,DOWN,270,false,431352,124
-0.7,1500,RIGHT,270,false,431352,125
0,1000,LEFT,270,false,431352,126
-3.2,1000,DOWN,270,false,431352,127
-1.6,1000,LEFT,270,false,431352,128
4.8,1000,UP,270,false,431352,129
0.7,1500,LEFT,270,false,431352,130
4.8,1000,DOWN,270,false,431352,131
-1.06666,1000,RIGHT,270,false,431352,132
-4.8,1000,RIGHT,270,false,431352,133
0,1000,LEFT,270,false,431352,134
-1.06666,1000,DOWN,270,false,431352,135
-1.6,1000,DOWN,270,false,431352,136
-1.4,1500,RIGHT,270,false,431352,137
-3.2,1000,UP,270,false,431352,138
-3.54,1500,UP,270,false,431352,139
-0.7,1500,RIGHT,270,false,431352,140
-1.06666,1000,DOWN,90,false,431352,141
0.7,1500,RIGHT,90,false,431352,142
0,1500,UP,90,false,431352,143
3.54,1500,RIGHT,90,false,431352,144
2.1,1500,LEFT,90,false,431352,145
-0.7,1500,UP,90,false,431352,146
-2.1,1500,UP,90,false,431352,147
1.4,1500,RIGHT,90,false,431352,148
0.7,1500,UP,90,false,431352,149
-4.8,1000,LEFT,90,false,431352,150
-1.4,1500,UP,90,false,431352,151
3.54,1500,UP,90,false,431352,152
-4.8,1000,RIGHT,90,false,431352,153
4.8,1000,DOWN,90,false,431352,154
1.4,1500,UP,90,false,431352,155
1.06666,1000,RIGHT,90,false,431352,156
3.2,1000,RIGHT,90,false,431352,157
0.7,1500,LEFT,90,false,431352,158
0.7,1500,DOWN,90,false,431352,159
0,1000,DOWN,90,false,431352,160
-1.06666,1000,UP,90,false,431352,161
1.4,1500,DOWN,90,false,431352,162
-0.7,1500,RIGHT,90,false,431352,163
0.7,1500,LEFT,90,false,431352,164
-0.7,1500,RIGHT,90,false,431352,165
-1.6,1000,UP,90,false,431352,166
-1.6,1000,UP,90,false,431352,167
0,1000,RIGHT,90,false,431352,168
-3.54,1500,LEFT,270,false,431352,169
-1.6,1000,RIGHT,270,false,431352,170
1.06666,1000,DOWN,270,false,431352,171
3.54,1500,LEFT,270,false,431352,172
0.7,1500,UP,270,false,431352,173
1.06666,1000,RIGHT,270,false,431352,174
1.6,1000,DOWN,270,false,431352,175
-4.8,1000,DOWN,270,false,431352,176
-1.4,1500,LEFT,270,false,431352,177
0.7,1500,RIGHT,270,false,431352,178
0,1500,LEFT,270,false,431352,179
-4.8,1000,UP,270,false,431352,180
0.7,1500,RIGHT,270,false,431352,181
0.7,1500,UP,270,false,431352,182
4.8,1000,RIGHT,270,false,431352,183
-1.4,1500,RIGHT,270,false,431352,184
-1.6,1000,LEFT,270,false,431352,185
1.6,1000,RIGHT,270,false,431352,186
1.6,1000,UP,270,false,431352,187
-1.4,1500,UP,270,false,431352,188
-3.54,1500,RIGHT,270,false,431352,189
1.4,1500,LEFT,270,false,431352,190
3.2,1000,LEFT,270,false,431352,191
0,1500,LEFT,270,false,431352,192
-1.06666,1000,LEFT,270,false,431352,193
0,1500,UP,270,false,431352,194
1.4,1500,UP,270,false,431352,195
0,1000,UP,270,false,431352,196
2.1,1500,DOWN,90,false,431352,197
1.4,1500,LEFT,90,false,431352,198
-1.06666,1000,RIGHT,90,false,431352,199
-1.4,1500,DOWN,90,false,431352,200
-3.54,1500,DOWN,90,false,431352,201
3.2,1000,LEFT,90,false,431352,202
-0.7,1500,DOWN,90,false,431352,203
-3.54,1500,RIGHT,90,false,431352,204
0.7,1500,DOWN,90,false,431352,205
1.06666,1000,UP,90,false,431352,206
1.6,1000,RIGHT,90,false,431352,207
0,1500,DOWN,90,false,431352,208
1.6,1000,DOWN,90,false,431352,209
-3.2,1000,RIGHT,90,false,431352,210
-2.1,1500,DOWN,90,false,431352,211
-1.6,1000,RIGHT,90,false,431352,212
0,1000,DOWN,90,false,431352,213
1.6,1000,UP,90,false,431352,214
-1.6,1000,LEFT,90,false,431352,215
-0.7,1500,DOWN,90,false,431352,216
0,1000,UP,90,false,431352,217
0,1500,LEFT,90,false,431352,218
0,1500,UP,90,false,431352,219
3.2,1000,DOWN,90,false,431352,220
-0.7,1500,UP,90,false,431352,221
-0.7,1500,RIGHT,90,false,431352,222
0,1500,RIGHT,90,false,431352,223
1.6,1000,DOWN,90,false,431352,224
-3.2,1000,RIGHT,0,true,431346,1
3.2,1000,RIGHT,0,true,431346,2
-2.1,1500,RIGHT,0,true,431346,3
3.2,1000,LEFT,0,true,431346,4
2.1,1500,RIGHT,0,true,431346,5
2.1,1500,LEFT,0,true,431346,6
2.1,1500,UP,0,true,431346,7
-2.1,1500,UP,0,true,431346,8
-3.2,1000,LEFT,0,true,431346,9
-3.2,1000,DOWN,0,true,431346,10
-2.1,1500,DOWN,0,true,431346,11
3.2,1000,UP,0,true,431346,12
2.1,1500,DOWN,0,true,431346,13
-2.1,1500,LEFT,0,true,431346,14
3.2,1000,DOWN,0,true,431346,15
-3.2,1000,UP,0,true,431346,16
-0.7,1500,DOWN,270,false,431346,1
4.8,1000,RIGHT,270,false,431346,2
0,1000,UP,270,false,431346,3
-0.7,1500,LEFT,270,false,431346,4
0.7,1500,DOWN,270,false,431346,5
3.54,1500,RIGHT,270,false,431346,6
0,1500,DOWN,270,false,431346,7
-4.8,1000,RIGHT,270,false,431346,8
1.06666,1000,UP,270,false,431346,9
0.7,1500,LEFT,270,false,431346,10
3.2,1000,DOWN,270,false,431346,11
1.4,1500,UP,270,false,431346,12
0.7,1500,DOWN,270,false,431346,13
3.54,1500,UP,270,false,431346,14
1.4,1500,UP,270,false,431346,15
-1.4,1500,RIGHT,270,false,431346,16
2.1,1500,LEFT,270,false,431346,17
3.54,1500,DOWN,270,false,431346,18
0.7,1500,RIGHT,270,false,431346,19
0,1000,DOWN,270,false,431346,20
-0.7,1500,LEFT,270,false,431346,21
1.4,1500,RIGHT,270,false,431346,22
-1.6,1000,LEFT,270,false,431346,23
0.7,1500,DOWN,270,false,431346,24
1.6,1000,DOWN,270,false,431346,25
1.4,1500,DOWN,270,false,431346,26
0,1500,LEFT,270,false,431346,27
-0.7,1500,RIGHT,270,false,431346,28
-1.4,1500,UP,90,false,431346,29
0,1000,DOWN,90,false,431346,30
-4.8,1000,RIGHT,90,false,431346,31
-1.4,1500,RIGHT,90,false,431346,32
-2.1,1500,RIGHT,90,false,431346,33
2.1,1500,RIGHT,90,false,431346,34
-0.7,1500,RIGHT,90,false,431346,35
0.7,1500,DOWN,90,false,431346,36
3.54,1500,LEFT,90,false,431346,37
0.7,1500,LEFT,90,false,431346,38
0,1500,DOWN,90,false,431346,39
2.1,1500,UP,90,false,431346,40
1.4,1500,RIGHT,90,false,431346,41
1.4,1500,UP,90,false,431346,42
-4.8,1000,LEFT,90,false,431346,43
-3.54,1500,LEFT,90,false,431346,44
-3.2,1000,LEFT,90,false,431346,45
0.7,1500,LEFT,90,false,431346,46
0,1500,UP,90,false,431346,47
0,1000,RIGHT,90,false,431346,48
3.54,1500,RIGHT,90,false,431346,49
1.6,1000,DOWN,90,false,431346,50
0,1000,DOWN,90,false,431346,51
2.1,1500,DOWN,90,false,431346,52
-1.6,1000,UP,90,false,431346,53
-1.06666,1000,RIGHT,90,false,431346,54
0.7,1500,RIGHT,90,false,431346,55
0.7,1500,UP,90,false,431346,56
-1.6,1000,UP,270,false,431346,57
0,1500,LEFT,270,false,431346,58
-4.8,1000,UP,270,false,431346,59
0,1500,RIGHT,270,false,431346,60
0.7,1500,UP,270,false,431346,61
0,1000,LEFT,270,false,431346,62
-1.4,1500,DOWN,270,false,431346,63
0,1500,DOWN,270,false,431346,64
0,1500,RIGHT,270,false,431346,65
1.4,1500,DOWN,270,false,431346,66
4.8,1000,LEFT,270,false,431346,67
0,1000,LEFT,270,false,431346,68
1.4,1500,LEFT,270,false,431346,69
-1.6,1000,RIGHT,270,false,431346,70
3.2,1000,UP,270,false,431346,71
2.1,1500,UP,270,false,431346,72
1.06666,1000,RIGHT,270,false,431346,73
1.6,1000,UP,270,false,431346,74
0.7,1500,UP,270,false,431346,75
3.2,1000,RIGHT,270,false,431346,76
1.6,1000,RIGHT,270,false,431346,77
-3.54,1500,DOWN,270,false,431346,78
-2.1,1500,LEFT,270,false,431346,79
-1.06666,1000,DOWN,270,false,431346,80
0,1500,UP,270,false,431346,81
4.8,1000,DOWN,270,false,431346,82
-2.1,1500,UP,270,false,431346,83
1.06666,1000,LEFT,270,false,431346,84
-1.6,1000,UP,90,false,431346,85
-3.2,1000,RIGHT,90,false,431346,86
-0.7,1500,LEFT,90,false,431346,87
-0.7,1500,RIGHT,90,false,431346,88
-1.6,1000,DOWN,90,false,431346,89
3.2,1000,DOWN,90,false,431346,90
-1.06666,1000,UP,90,false,431346,91
0.7,1500,LEFT,90,false,431346,92
-0.7,1500,LEFT,90,false,431346,93
1.6,1000,RIGHT,90,false,431346,94
0.7,1500,DOWN,90,false,431346,95
-3.54,1500,RIGHT,90,false,431346,96
-1.6,1000,LEFT,90,false,431346,97
0,1500,RIGHT,90,false,431346,98
0,1500,UP,90,false,431346,99
3.2,1000,UP,90,false,431346,100
1.6,1000,DOWN,90,false,431346,101
1.4,1500,UP,90,false,431346,102
1.4,1500,LEFT,90,false,431346,103
-3.2,1000,DOWN,90,false,431346,104
1.6,1000,LEFT,90,false,431346,105
-1.06666,1000,LEFT,90,false,431346,106
4.8,1000,LEFT,90,false,431346,107
0,1000,UP,90,false,431346,108
0,1500,LEFT,90,false,431346,109
1.6,1000,LEFT,90,false,431346,110
3.2,1000,LEFT,90,false,431346,111
-0.7,1500,UP,90,false,431346,112
-1.4,1500,UP,270,false,431346,113
-4.8,1000,LEFT,270,false,431346,114
-1.6,1000,UP,270,false,431346,115
-0.7,1500,UP,270,false,431346,116
-0.7,1500,DOWN,270,false,431346,117
-2.1,1500,RIGHT,270,false,431346,118
1.06666,1000,DOWN,270,false,431346,119
-0.7,1500,LEFT,270,false,431346,120
2.1,1500,DOWN,270,false,431346,121
-1.4,1500,LEFT,270,false,431346,122
1.6,1000,LEFT,270,false,431346,123
-0.7,1500,RIGHT,270,false,431346,124
-3.54,1500,LEFT,270,false,431346,125
0.7,1500,LEFT,270,false,431346,126
1.4,1500,LEFT,270,false,431346,127
-1.4,1500,DOWN,270,false,431346,128
0.7,1500,RIGHT,270,false,431346,129
0,1500,UP,270,false,431346,130
0.7,1500,UP,270,false,431346,131
-3.2,1000,DOWN,270,false,431346,132
-1.4,1500,LEFT,270,false,431346,133
-1.6,1000,LEFT,270,false,431346,134
-3.2,1000,UP,270,false,431346,135
2.1,1500,RIGHT,270,false,431346,136
1.6,1000,UP,270,false,431346,137
-1.06666,1000,RIGHT,270,false,431346,138
0,1000,RIGHT,270,false,431346,139
0.7,1500,LEFT,270,false,431346,140
3.54,1500,UP,90,false,431346,141
-1.4,1500,UP,90,false,431346,142
1.6,1000,UP,90,false,431346,143
0,1500,DOWN,90,false,431346,144
1.4,1500,DOWN,90,false,431346,145
-2.1,1500,DOWN,90,false,431346,146
0,1000,LEFT,90,false,431346,147
-2.1,1500,UP,90,false,431346,148
1.06666,1000,DOWN,90,false,431346,149
1.06666,1000,LEFT,90,false,431346,150
1.06666,1000,UP,90,false,431346,151
-0.7,1500,DOWN,90,false,431346,152
-0.7,1500,LEFT,90,false,431346,153
-0.7,1500,UP,90,false,431346,154
-0.7,1500,RIGHT,90,false,431346,155
-1.4,1500,DOWN,90,false,431346,156
-1.6,1000,RIGHT,90,false,431346,157
1.6,1000,RIGHT,90,false,431346,158
-4.8,1000,UP,90,false,431346,159
-2.1,1500,LEFT,90,false,431346,160
1.06666,1000,RIGHT,90,false,431346,161
4.8,1000,UP,90,false,431346,162
-3.54,1500,UP,90,false,431346,163
-1.4,1500,LEFT,90,false,431346,164
0.7,1500,RIGHT,90,false,431346,165
2.1,1500,LEFT,90,false,431346,166
-0.7,1500,DOWN,90,false,431346,167
1.4,1500,RIGHT,90,false,431346,168
-0.7,1500,UP,270,false,431346,169
3.54,1500,LEFT,270,false,431346,170
1.6,1000,RIGHT,270,false,431346,171
-1.4,1500,UP,270,false,431346,172
-0.7,1500,RIGHT,270,false,431346,173
-0.7,1500,UP,270,false,431346,174
-1.6,1000,DOWN,270,false,431346,175
1.6,1000,DOWN,270,false,431346,176
3.2,1000,LEFT,270,false,431346,177
0,1000,DOWN,270,false,431346,178
1.6,1000,LEFT,270,false,431346,179
1.4,1500,RIGHT,270,false,431346,180
-1.06666,1000,LEFT,270,false,431346,181
-1.6,1000,DOWN,270,false,431346,182
-1.6,1000,RIGHT,270,false,431346,183
-4.8,1000,DOWN,270,false,431346,184
4.8,1000,UP,270,false,431346,185
-3.54,1500,UP,270,false,431346,186
-3.2,1000,LEFT,270,false,431346,187
0,1000,RIGHT,270,false,431346,188
0.7,1500,RIGHT,270,false,431346,189
0,1000,UP,270,false,431346,190
-0.7,1500,DOWN,270,false,431346,191
-1.06666,1000,UP,270,false,431346,192
-3.54,1500,RIGHT,270,false,431346,193
-2.1,1500,DOWN,270,false,431346,194
-3.2,1000,RIGHT,270,false,431346,195
-1.4,1500,RIGHT,270,false,431346,196
4.8,1000,DOWN,90,false,431346,197
-1.4,1500,DOWN,90,false,431346,198
0.7,1500,DOWN,90,false,431346,199
0.7,1500,UP,90,false,431346,200
-0.7,1500,UP,90,false,431346,201
3.54,1500,DOWN,90,false,431346,202
0,1000,UP,90,false,431346,203
-1.06666,1000,DOWN,90,false,431346,204
1.6,1000,UP,90,false,431346,205
-0.7,1500,DOWN,90,false,431346,206
0.7,1500,UP,90,false,431346,207
-4.8,1000,DOWN,90,false,431346,208
-1.6,1000,LEFT,90,false,431346,209
1.4,1500,LEFT,90,false,431346,210
3.2,1000,RIGHT,90,false,431346,211
-1.4,1500,RIGHT,90,false,431346,212
4.8,1000,RIGHT,90,false,431346,213
0,1000,LEFT,90,false,431346,214
-1.6,1000,DOWN,90,false,431346,215
-3.2,1000,UP,90,false,431346,216
0,1500,RIGHT,90,false,431346,217
0.7,1500,RIGHT,90,false,431346,218
-1.6,1000,RIGHT,90,false,431346,219
0,1500,LEFT,90,false,431346,220
-3.54,1500,DOWN,90,false,431346,221
-1.4,1500,LEFT,90,false,431346,222
0,1000,RIGHT,90,false,431346,223
1.4,1500,DOWN,90,false,431346,224
-2.1,1500,RIGHT,0,true,431347,1
2.1,1500,UP,0,true,431347,2
-3.2,1000,DOWN,0,true,431347,3
3.2,1000,RIGHT,0,true,431347,4
-3.2,1000,UP,0,true,431347,5
2.1,1500,LEFT,0,true,431347,6
-2.1,1500,DOWN,0,true,431347,7
3.2,1000,DOWN,0,true,431347,8
2.1,1500,RIGHT,0,true,431347,9
-2.1,1500,UP,0,true,431347,10
3.2,1000,LEFT,0,true,431347,11
3.2,1000,UP,0,true,431347,12
2.1,1500,DOWN,0,true,431347,13
-3.2,1000,LEFT,0,true,431347,14
-2.1,1500,LEFT,0,true,431347,15
-3.2,1000,RIGHT,0,true,431347,16
1.4,1500,RIGHT,90,false,431347,1
1.4,1500,LEFT,90,false,431347,2
0.7,1500,LEFT,90,false,431347,3
0,1000,RIGHT,90,false,431347,4
-0.7,1500,LEFT,90,false,431347,5
1.06666,1000,LEFT,90,false,431347,6
-1.4,1500,UP,90,false,431347,7
-0.7,1500,RIGHT,90,false,431347,8
0.7,1500,RIGHT,90,false,431347,9
1.6,1000,UP,90,false,431347,10
-3.2,1000,RIGHT,90,false,431347,11
0,1000,DOWN,90,false,431347,12
-4.8,1000,RIGHT,90,false,431347,13
0,1500,UP,90,false,431347,14
3.2,1000,UP,90,false,431347,15
0,1000,UP,90,false,431347,16
-1.6,1000,DOWN,90,false,431347,17
-1.6,1000,UP,90,false,431347,18
3.54,1500,UP,90,false,431347,19
4.8,1000,LEFT,90,false,431347,20
0.7,1500,DOWN,90,false,431347,21
1.4,1500,RIGHT,90,false,431347,22
3.54,1500,LEFT,90,false,431347,23
3.2,1000,LEFT,90,false,431347,24
1.6,1000,LEFT,90,false,431347,25
-0.7,1500,UP,90,false,431347,26
-0.7,1500,LEFT,90,false,431347,27
0.7,1500,UP,90,false,431347,28
-1.06666,1000,RIGHT,270,false,431347,29
3.2,1000,DOWN,270,false,431347,30
-0.7,1500,LEFT,270,false,431347,31
1.4,1500,RIGHT,270,false,431347,32
-0.7,1500,DOWN,270,false,431347,33
-1.4,1500,RIGHT,270,false,431347,34
0,1500,RIGHT,270,false,431347,35
-0.7,1500,RIGHT,270,false,431347,36
-0.7,1500,RIGHT,270,false,431347,37
0,1000,DOWN,270,false,431347,38
-0.7,1500,UP,270,false,431347,39
-1.4,1500,RIGHT,270,false,431347,40
3.2,1000,RIGHT,270,false,431347,41
-1.6,1000,DOWN,270,false,431347,42
1.6,1000,UP,270,false,431347,43
-1.06666,1000,DOWN,270,false,431347,44
0,1500,UP,270,false,431347,45
4.8,1000,LEFT,270,false,431347,46
3.54,1500,DOWN,270,false,431347,47
-4.8,1000,LEFT,270,false,431347,48
0.7,1500,DOWN,270,false,431347,49
1.4,1500,DOWN,270,false,431347,50
1.6,1000,RIGHT,270,false,431347,51
0,1000,RIGHT,270,false,431347,52
-0.7,1500,UP,270,false,431347,53
0,1000,DOWN,270,false,431347,54
-0.7,1500,RIGHT,270,false,431347,55
-0.7,1500,DOWN,270,false,431347,56
-2.1,1500,UP,90,false,431347,57
-1.4,1500,DOWN,90,false,431347,58
1.4,1500,UP,90,false,431347,59
-1.6,1000,RIGHT,90,false,431347,60
-0.7,1500,DOWN,90,false,431347,61
0.7,1500,RIGHT,90,false,431347,62
0,1500,RIGHT,90,false,431347,63
0,1500,LEFT,90,false,431347,64
3.54,1500,DOWN,90,false,431347,65
1.6,1000,RIGHT,90,false,431347,66
0,1000,RIGHT,90,false,431347,67
1.06666,1000,DOWN,90,false,431347,68
1.06666,1000,RIGHT,90,false,431347,69
0,1000,DOWN,90,false,431347,70
0.7,1500,LEFT,90,false,431347,71
0.7,1500,RIGHT,90,false,431347,72
0.7,1500,DOWN,90,false,431347,73
-1.6,1000,DOWN,90,false,431347,74
0.7,1500,DOWN,90,false,431347,75
-3.54,1500,DOWN,90,false,431347,76
1.6,1000,RIGHT,90,false,431347,77
-1.06666,1000,UP,90,false,431347,78
1.6,1000,LEFT,90,false,431347,79
-2.1,1500,DOWN,90,false,431347,80
-3.54,1500,LEFT,90,false,431347,81
-4.8,1000,DOWN,90,false,431347,82
-1.4,1500,UP,90,false,431347,83
3.2,1000,DOWN,90,false,431347,84
0.7,1500,UP,270,false,431347,85
-3.54,1500,LEFT,270,false,431347,86
-1.6,1000,LEFT,270,false,431347,87
0,1500,UP,270,false,431347,88
0.7,1500,DOWN,270,false,431347,89
2.1,1500,DOWN,270,false,431347,90
0.7,1500,UP,270,false,431347,91
0.7,1500,LEFT,270,false,431347,92
-1.6,1000,UP,270,false,431347,93
3.54,1500,RIGHT,270,false,431347,94
-4.8,1000,DOWN,270,false,431347,95
-1.06666,1000,UP,270,false,431347,96
-0.7,1500,LEFT,270,false,431347,97
-1.4,1500,UP,270,false,431347,98
-1.6,1000,DOWN,270,false,431347,99
1.06666,1000,RIGHT,270,false,431347,100
-3.2,1000,LEFT,270,false,431347,101
-1.4,1500,DOWN,270,false,431347,102
0,1000,LEFT,270,false,431347,103
4.8,1000,RIGHT,270,false,431347,104
0,1000,RIGHT,270,false,431347,105
-1.4,1500,UP,270,false,431347,106
1.6,1000,DOWN,270,false,431347,107
2.1,1500,UP,270,false,431347,108
1.06666,1000,DOWN,270,false,431347,109
-2.1,1500,DOWN,270,false,431347,110
3.2,1000,UP,270,false,431347,111
-0.7,1500,LEFT,270,false,431347,112
0,1000,LEFT,90,false,431347,113
0,1500,DOWN,90,false,431347,114
-3.2,1000,UP,90,false,431347,115
-0.7,1500,DOWN,90,false,431347,116
-0.7,1500,LEFT,90,false,431347,117
-0.7,1500,UP,90,false,431347,118
1.6,1000,DOWN,90,false,431347,119
-1.6,1000,LEFT,90,false,431347,120
4.8,1000,RIGHT,90,false,431347,121
-2.1,1500,RIGHT,90,false,431347,122
-0.7,1500,RIGHT,90,false,431347,123
3.2,1000,RIGHT,90,false,431347,124
4.8,1000,UP,90,false,431347,125
-1.4,1500,RIGHT,90,false,431347,126
1.4,1500,DOWN,90,false,431347,127
0,1500,LEFT,90,false,431347,128
-1.6,1000,UP,90,false,431347,129
0.7,1500,UP,90,false,431347,130
-2.1,1500,LEFT,90,false,431347,131
-1.4,1500,DOWN,90,false,431347,132
-1.4,1500,LEFT,90,false,431347,133
-3.2,1000,LEFT,90,false,431347,134
3.54,1500,RIGHT,90,false,431347,135
1.4,1500,DOWN,90,false,431347,136
-0.7,1500,RIGHT,90,false,431347,137
0.7,1500,LEFT,90,false,431347,138
-3.2,1000,DOWN,90,false,431347,139
1.4,1500,LEFT,90,false,431347,140
0,1000,UP,270,false,431347,141
-3.54,1500,RIGHT,270,false,431347,142
2.1,1500,LEFT,270,false,431347,143
0.7,1500,RIGHT,270,false,431347,144
1.6,1000,DOWN,270,false,431347,145
1.06666,1000,UP,270,false,431347,146
-0.7,1500,DOWN,270,false,431347,147
-1.4,1500,LEFT,270,false,431347,148
1.4,1500,LEFT,270,false,431347,149
2.1,1500,RIGHT,270,false,431347,150
-4.8,1000,UP,270,false,431347,151
-1.06666,1000,LEFT,270,false,431347,152
1.4,1500,UP,270,false,431347,153
-4.8,1000,RIGHT,270,false,431347,154
-1.6,1000,LEFT,270,false,431347,155
1.6,1000,LEFT,270,false,431347,156
1.6,1000,LEFT,270,false,431347,157
0,1500,RIGHT,270,false,431347,158
-2.1,1500,RIGHT,270,false,431347,159
0.7,1500,UP,270,false,431347,160
0.7,1500,LEFT,270,false,431347,161
0,1500,LEFT,270,false,431347,162
0.7,1500,LEFT,270,false,431347,163
1.4,1500,DOWN,270,false,431347,164
3.2,1000,LEFT,270,false,431347,165
3.54,1500,UP,270,false,431347,166
0,1500,LEFT,270,false,431347,167
0.7,1500,RIGHT,270,false,431347,168
-1.06666,1000,DOWN,90,false,431347,169
-3.54,1500,RIGHT,90,false,431347,170
-1.06666,1000,RIGHT,90,false,431347,171
4.8,1000,DOWN,90,false,431347,172
-3.54,1500,UP,90,false,431347,173
1.06666,1000,UP,90,false,431347,174
-1.4,1500,RIGHT,90,false,431347,175
1.4,1500,UP,90,false,431347,176
1.6,1000,UP,90,false,431347,177
-0.7,1500,DOWN,90,false,431347,178
0,1500,DOWN,90,false,431347,179
-4.8,1000,LEFT,90,false,431347,180
0,1500,RIGHT,90,false,431347,181
0,1000,UP,90,false,431347,182
2.1,1500,UP,90,false,431347,183
2.1,1500,DOWN,90,false,431347,184
0,1500,UP,90,false,431347,185
-1.6,1000,RIGHT,90,false,431347,186
-1.4,1500,LEFT,90,false,431347,187
0.7,1500,UP,90,false,431347,188
1.6,1000,DOWN,90,false,431347,189
-4.8,1000,UP,90,false,431347,190
2.1,1500,LEFT,90,false,431347,191
-1.06666,1000,LEFT,90,false,431347,192
2.1,1500,RIGHT,90,false,431347,193
0,1000,LEFT,90,false,431347,194
-0.7,1500,UP,90,false,431347,195
-1.6,1000,LEFT,90,false,431347,196
-0.7,1500,UP,270,false,431347,197
-3.2,1000,UP,270,false,431347,198
3.54,1500,LEFT,270,false,431347,199
-2.1,1500,LEFT,270,false,431347,200
-2.1,1500,UP,270,false,431347,201
-1.4,1500,DOWN,270,false,431347,202
1.4,1500,UP,270,false,431347,203
4.8,1000,DOWN,270,false,431347,204
-3.54,1500,DOWN,270,false,431347,205
-3.2,1000,RIGHT,270,false,431347,206
1.06666,1000,LEFT,270,false,431347,207
1.6,1000,UP,270,false,431347,208
0,1000,UP,270,false,431347,209
0.7,1500,DOWN,270,false,431347,210
-3.54,1500,UP,270,false,431347,211
1.4,1500,LEFT,270,false,431347,212
-1.4,1500,LEFT,270,false,431347,213
-1.6,1000,RIGHT,270,false,431347,214
0,1500,DOWN,270,false,431347,215
1.6,1000,RIGHT,270,false,431347,216
0,1000,LEFT,270,false,431347,217
-1.6,1000,UP,270,false,431347,218
1.4,1500,RIGHT,270,false,431347,219
0,1500,DOWN,270,false,431347,220
-1.6,1000,RIGHT,270,false,431347,221
4.8,1000,UP,270,false,431347,222
-3.2,1000,DOWN,270,false,431347,223
0.7,1500,RIGHT,270,false,431347,224
-3.2,1000,RIGHT,0,true,431334,1
-3.2,1000,DOWN,0,true,431334,2
2.1,1500,LEFT,0,true,431334,3
2.1,1500,DOWN,0,true,431334,4
-3.2,1000,LEFT,0,true,431334,5
3.2,1000,UP,0,true,431334,6
-2.1,1500,RIGHT,0,true,431334,7
3.2,1000,DOWN,0,true,431334,8
3.2,1000,RIGHT,0,true,431334,9
-2.1,1500,DOWN,0,true,431334,10
-2.1,1500,UP,0,true,431334,11
3.2,1000,LEFT,0,true,431334,12
2.1,1500,UP,0,true,431334,13
2.1,1500,RIGHT,0,true,431334,14
-3.2,1000,UP,0,true,431334,15
-2.1,1500,LEFT,0,true,431334,16
-1.4,1500,RIGHT,90,false,431334,1
0,1500,UP,90,false,431334,2
-3.2,1000,DOWN,90,false,431334,3
1.06666,1000,LEFT,90,false,431334,4
-3.2,1000,LEFT,90,false,431334,5
1.06666,1000,DOWN,90,false,431334,6
-1.6,1000,DOWN,90,false,431334,7
0,1000,DOWN,90,false,431334,8
-2.1,1500,DOWN,90,false,431334,9
-0.7,1500,LEFT,90,false,431334,10
-0.7,1500,DOWN,90,false,431334,11
-3.54,1500,LEFT,90,false,431334,12
0.7,1500,DOWN,90,false,431334,13
0.7,1500,LEFT,90,false,431334,14
0.7,1500,UP,90,false,431334,15
4.8,1000,RIGHT,90,false,431334,16
-1.4,1500,DOWN,90,false,431334,17
0.7,1500,LEFT,90,false,431334,18
-0.7,1500,RIGHT,90,false,431334,19
-1.06666,1000,DOWN,90,false,431334,20
2.1,1500,RIGHT,90,false,431334,21
-2.1,1500,UP,90,false,431334,22
3.2,1000,DOWN,90,false,431334,23
1.6,1000,UP,90,false,431334,24
2.1,1500,UP,90,false,431334,25
2.1,1500,LEFT,90,false,431334,26
0,1000,UP,90,false,431334,27
-2.1,1500,RIGHT,90,false,431334,28
-0.7,1500,UP,270,false,431334,29
4.8,1000,DOWN,270,false,431334,30
3.2,1000,RIGHT,270,false,431334,31
-0.7,1500,DOWN,270,false,431334,32
-1.6,1000,RIGHT,270,false,431334,33
2.1,1500,UP,270,false,431334,34
3.2,1000,DOWN,270,false,431334,35
0,1000,UP,270,false,431334,36
-3.54,1500,DOWN,270,false,431334,37
-0.7,1500,RIGHT,270,false,431334,38
-1.4,1500,UP,270,false,431334,39
-3.2,1000,LEFT,270,false,431334,40
0,1500,LEFT,270,false,431334,41
0.7,1500,LEFT,270,false,431334,42
-4.8,1000,DOWN,270,false,431334,43
-1.4,1500,LEFT,270,false,431334,44
3.54,1500,LEFT,270,false,431334,45
2.1,1500,DOWN,270,false,431334,46
-1.06666,1000,RIGHT,270,false,431334,47
1.6,1000,RIGHT,270,false,431334,48
1.4,1500,UP,270,false,431334,49
0.7,1500,UP,270,false,431334,50
0.7,1500,DOWN,270,false,431334,51
0,1500,LEFT,270,false,431334,52
-0.7,1500,LEFT,270,false,431334,53
-3.54,1500,RIGHT,270,false,431334,54
0,1500,UP,270,false,431334,55
-1.6,1000,DOWN,270,false,431334,56
0,1000,UP,90,false,431334,57
0,1000,DOWN,90,false,431334,58
1.6,1000,DOWN,90,false,431334,59
-1.6,1000,RIGHT,90,false,431334,60
-1.06666,1000,RIGHT,90,false,431334,61
0,1000,LEFT,90,false,431334,62
1.6,1000,LEFT,90,false,431334,63
1.4,1500,DOWN,90,false,431334,64
-3.2,1000,UP,90,false,431334,65
-0.7,1500,UP,90,false,431334,66
0,1500,LEFT,90,false,431334,67
0,1500,RIGHT,90,false,431334,68
-1.4,1500,LEFT,90,false,431334,69
3.2,1000,LEFT,90,false,431334,70
-0.7,1500,RIGHT,90,false,431334,71
3.54,1500,UP,90,false,431334,72
-4.8,1000,DOWN,90,false,431334,73
0.7,1500,UP,90,false,431334,74
1.06666,1000,UP,90,false,431334,75
3.54,1500,DOWN,90,false,431334,76
-0.7,1500,LEFT,90,false,431334,77
-3.2,1000,RIGHT,90,false,431334,78
1.6,1000,UP,90,false,431334,79
-3.54,1500,UP,90,false,431334,80
-1.6,1000,LEFT,90,false,431334,81
0,1500,RIGHT,90,false,431334,82
-1.06666,1000,LEFT,90,false,431334,83
1.4,1500,LEFT,90,false,431334,84
-1.4,1500,UP,270,false,431334,85
-3.54,1500,LEFT,270,false,431334,86
1.6,1000,DOWN,270,false,431334,87
0,1500,DOWN,270,false,431334,88
0,1000,RIGHT,270,false,431334,89
1.06666,1000,RIGHT,270,false,431334,90
1.06666,1000,LEFT,270,false,431334,91
1.4,1500,LEFT,270,false,431334,92
-1.6,1000,DOWN,270,false,431334,93
1.6,1000,RIGHT,270,false,431334,94
4.8,1000,UP,270,false,431334,95
-1.6,1000,RIGHT,270,false,431334,96
0,1000,LEFT,270,false,431334,97
0.7,1500,DOWN,270,false,431334,98
1.6,1000,UP,270,false,431334,99
-2.1,1500,RIGHT,270,false,431334,100
-1.4,1500,RIGHT,270,false,431334,101
-1.4,1500,LEFT,270,false,431334,102
-0.7,1500,UP,270,false,431334,103
3.2,1000,LEFT,270,false,431334,104
0,1000,DOWN,270,false,431334,105
-0.7,1500,DOWN,270,false,431334,106
-4.8,1000,RIGHT,270,false,431334,107
4.8,1000,RIGHT,270,false,431334,108
0.7,1500,RIGHT,270,false,431334,109
1.6,1000,UP,270,false,431334,110
3.54,1500,DOWN,270,false,431334,111
0,1000,DOWN,270,false,431334,112
1.06666,1000,RIGHT,90,false,431334,113
-0.7,1500,DOWN,90,false,431334,114
0,1000,RIGHT,90,false,431334,115
0.7,1500,LEFT,90,false,431334,116
3.2,1000,RIGHT,90,false,431334,117
-1.6,1000,UP,90,false,431334,118
1.6,1000,LEFT,90,false,431334,119
-0.7,1500,RIGHT,90,false,431334,120
-1.4,1500,DOWN,90,false,431334,121
4.8,1000,UP,90,false,431334,122
-1.6,1000,RIGHT,90,false,431334,123
3.54,1500,RIGHT,90,false,431334,124
0,1500,DOWN,90,false,431334,125
-4.8,1000,RIGHT,90,false,431334,126
-2.1,1500,LEFT,90,false,431334,127
-3.54,1500,DOWN,90,false,431334,128
0.7,1500,DOWN,90,false,431334,129
0.7,1500,RIGHT,90,false,431334,130
0.7,1500,RIGHT,90,false,431334,131
1.6,1000,RIGHT,90,false,431334,132
-1.06666,1000,UP,90,false,431334,133
1.6,1000,RIGHT,90,false,431334,134
0,1500,DOWN,90,false,431334,135
-1.4,1500,UP,90,false,431334,136
0.7,1500,UP,90,false,431334,137
3.2,1000,UP,90,false,431334,138
1.4,1500,RIGHT,90,false,431334,139
-0.7,1500,UP,90,false,431334,140
-1.06666,1000,LEFT,270,false,431334,141
1.4,1500,RIGHT,270,false,431334,142
-1.06666,1000,UP,270,false,431334,143
-1.6,1000,UP,270,false,431334,144
-2.1,1500,UP,270,false,431334,145
-1.6,1000,LEFT,270,false,431334,146
-3.54,1500,UP,270,false,431334,147
1.6,1000,DOWN,270,false,431334,148
0,1500,RIGHT,270,false,431334,149
1.4,1500,DOWN,270,false,431334,150
1.4,1500,LEFT,270,false,431334,151
-0.7,1500,LEFT,270,false,431334,152
0.7,1500,DOWN,270,false,431334,153
0,1500,UP,270,false,431334,154
-3.2,1000,DOWN,270,false,431334,155
2.1,1500,RIGHT,270,false,431334,156
-2.1,1500,LEFT,270,false,431334,157
-0.7,1500,RIGHT,270,false,431334,158
1.6,1000,LEFT,270,false,431334,159
0.7,1500,LEFT,270,false,431334,160
-0.7,1500,LEFT,270,false,431334,161
-2.1,1500,DOWN,270,false,431334,162
1.06666,1000,UP,270,false,431334,163
1.6,1000,LEFT,270,false,431334,164
-1.4,1500,DOWN,270,false,431334,165
-4.8,1000,UP,270,false,431334,166
-1.4,1500,RIGHT,270,false,431334,167
0.7,1500,UP,270,false,431334,168
0,1000,LEFT,90,false,431334,169
4.8,1000,LEFT,90,false,431334,170
1.4,1500,DOWN,90,false,431334,171
3.54,1500,LEFT,90,false,431334,172
-1.4,1500,UP,90,false,431334,173
-1.6,1000,UP,90,false,431334,174
0.7,1500,RIGHT,90,false,431334,175
1.4,1500,UP,90,false,431334,176
1.4,1500,UP,90,false,431334,177
-1.4,1500,LEFT,90,false,431334,178
4.8,1000,DOWN,90,false,431334,179
-0.7,1500,LEFT,90,false,431334,180
0,1500,UP,90,false,431334,181
-4.8,1000,UP,90,false,431334,182
0,1000,RIGHT,90,false,431334,183
0.7,1500,DOWN,90,false,431334,184
1.6,1000,DOWN,90,false,431334,185
-1.6,1000,LEFT,90,false,431334,186
-3.54,1500,RIGHT,90,false,431334,187
-0.7,1500,DOWN,90,false,431334,188
1.4,1500,RIGHT,90,false,431334,189
-0.7,1500,UP,90,false,431334,190
-4.8,1000,LEFT,90,false,431334,191
0,1500,LEFT,90,false,431334,192
1.4,1500,LEFT,90,false,431334,193
2.1,1500,DOWN,90,false,431334,194
-1.6,1000,DOWN,90,false,431334,195
-1.4,1500,RIGHT,90,false,431334,196
1.4,1500,DOWN,270,false,431334,197
-1.4,1500,DOWN,270,false,431334,198
-1.6,1000,LEFT,270,false,431334,199
0,1000,UP,270,false,431334,200
-0.7,1500,UP,270,false,431334,201
0.7,1500,RIGHT,270,false,431334,202
0,1500,RIGHT,270,false,431334,203
0,1000,LEFT,270,false,431334,204
2.1,1500,LEFT,270,false,431334,205
0.7,1500,UP,270,false,431334,206
-0.7,1500,RIGHT,270,false,431334,207
1.4,1500,RIGHT,270,false,431334,208
-0.7,1500,DOWN,270,false,431334,209
3.54,1500,UP,270,false,431334,210
-1.06666,1000,DOWN,270,false,431334,211
0,1500,DOWN,270,false,431334,212
3.2,1000,UP,270,false,431334,213
3.54,1500,RIGHT,270,false,431334,214
0,1000,RIGHT,270,false,431334,215
1.4,1500,UP,270,false,431334,216
-3.2,1000,UP,270,false,431334,217
-1.6,1000,UP,270,false,431334,218
0.7,1500,LEFT,270,false,431334,219
-3.2,1000,RIGHT,270,false,431334,220
1.06666,1000,DOWN,270,false,431334,221
0.7,1500,RIGHT,270,false,431334,222
4.8,1000,LEFT,270,false,431334,223
-4.8,1000,LEFT,270,false,431334,224